scenario_id,leaf,tier1,tier2,review,reviewSupplement,reviewLabel,resourceCost_time,resourceCost_energy,expReward,competencyCards,axisDelta_requireCard,axisDelta_bonusPoint,axisDelta_note,finals_score,finals_grade,finals_item,finals_delegation,finals_knowledge,finals_awareness,finals_cut6Feedback,finals_replaySuggestion,finals_cardEarned,finals_humanCentricAxis,finals_humanCentricTag,finals_domainCards,finals_growthCard,finals_replayCardStatus,finals_expReward,finals_shortFeedback,finals_reportFeedback,finals_earnedCards,finals_adjustedScore,finals_adjustedType,finals_adjustedReason,finals_reportPathSummary,finals_cartoonCaption1,finals_cartoonCaption2,finals_cartoonCaption3,finals_cartoonCaption4,finals_cartoonCaption5,finals_reportReflection,finals_reportCardSummary,finals_reportStrengthTags,finals_reportGrowthTags
bookreport,A1R1,A,A1,R1,⟨TODO⟩,시간이 없어서 지금 글을 그대로 낸다,16,13,5,주체성;문해력;맥락적 사고,,,,68,B,,내가 직접,,⟨TODO⟩,AI 도움 없이 기억나는 장면과 느낌을 짧게 써서 내 힘으로 시작했다. 다만 다시 살펴보지 않고 제출해서 장면을 왜 골랐는지는 잘 드러나지 않는다.,⟨TODO⟩,true,융합하기,맥락적 사고,문해력;문해력,,,5,⟨TODO⟩,⟨TODO⟩,,,,,⟨TODO⟩,⟨TODO⟩,⟨TODO⟩,⟨TODO⟩,⟨TODO⟩,⟨TODO⟩,⟨TODO⟩,⟨TODO⟩,,
bookreport,A1R2,A,A1,R2,⟨TODO⟩,내가 읽은 장면과 내 느낌이 들어갔는지 본다,19,16,6,주체성;문해력;맥락적 사고;검토력,,,,74,B,,내가 직접,,⟨TODO⟩,"기억나는 장면과 느낌을 짧게 쓴 뒤, 내가 읽은 장면과 느낌이 들어갔는지 확인했다. 빠진 느낌을 조금 덧붙였지만 장면을 고른 이유까지 깊게 고치지는 못했다.",⟨TODO⟩,true,융합하기,맥락적 사고,문해력;문해력;검토력,,,6,⟨TODO⟩,⟨TODO⟩,,,,,⟨TODO⟩,⟨TODO⟩,⟨TODO⟩,⟨TODO⟩,⟨TODO⟩,⟨TODO⟩,⟨TODO⟩,⟨TODO⟩,,
bookreport,A1R3,A,A1,R3,⟨TODO⟩,선생님이 물었을 때 그 장면을 내 말로 설명할 수 있는지 본다,24,20,6,주체성;문해력;맥락적 사고;검토력,,,,78,A,,내가 직접,,⟨TODO⟩,짧게 쓴 글을 선생님이 물어본다고 생각하며 내 말로 설명해 보았다. 글은 길지 않아도 내가 읽은 장면과 느낌을 직접 말할 수 있다.,⟨TODO⟩,true,융합하기,맥락적 사고,문해력;문해력;검토력,,,6,⟨TODO⟩,⟨TODO⟩,,,,,⟨TODO⟩,⟨TODO⟩,⟨TODO⟩,⟨TODO⟩,⟨TODO⟩,⟨TODO⟩,⟨TODO⟩,⟨TODO⟩,,
bookreport,A2R1,A,A2,R1,⟨TODO⟩,시간이 없어서 지금 글을 그대로 낸다,18,15,6,주체성;문해력;창의적 사고;표현력,,,,76,A,,내가 직접,,⟨TODO⟩,마음에 남은 장면을 고르고 왜 그 장면인지 이유까지 적었다. 하지만 제출 전에 다시 살피지 않아 이유와 느낌이 충분히 이어졌는지는 확인하지 못했다.,⟨TODO⟩,true,융합하기,창의적 사고,문해력;표현력,,,6,⟨TODO⟩,⟨TODO⟩,,,,,⟨TODO⟩,⟨TODO⟩,⟨TODO⟩,⟨TODO⟩,⟨TODO⟩,⟨TODO⟩,⟨TODO⟩,⟨TODO⟩,,
bookreport,A2R2,A,A2,R2,⟨TODO⟩,내가 읽은 장면과 내 느낌이 들어갔는지 본다,21,18,7,주체성;문해력;창의적 사고;표현력;검토력,,,,84,A,,내가 직접,,⟨TODO⟩,"마음에 남은 장면과 그 이유를 적고, 내 느낌이 빠졌는지 다시 보았다. 어색하거나 빈 부분을 조금 고쳐 장면과 생각이 더 잘 이어진다.",⟨TODO⟩,true,융합하기,창의적 사고,문해력;표현력;검토력,,,7,⟨TODO⟩,⟨TODO⟩,,,,,⟨TODO⟩,⟨TODO⟩,⟨TODO⟩,⟨TODO⟩,⟨TODO⟩,⟨TODO⟩,⟨TODO⟩,⟨TODO⟩,,
bookreport,A2R3,A,A2,R3,⟨TODO⟩,선생님이 물었을 때 그 장면을 내 말로 설명할 수 있는지 본다,26,22,7,주체성;문해력;창의적 사고;표현력;검토력,,,,90,S,,내가 직접,,⟨TODO⟩,마음에 남은 장면을 고른 이유와 느낌을 내 말로 설명해 보았다. AI 도움 없이 내가 읽고 생각한 내용을 분명하게 보여 준다.,⟨TODO⟩,true,융합하기,창의적 사고,문해력;표현력;검토력,,,7,⟨TODO⟩,⟨TODO⟩,,,,,⟨TODO⟩,⟨TODO⟩,⟨TODO⟩,⟨TODO⟩,⟨TODO⟩,⟨TODO⟩,⟨TODO⟩,⟨TODO⟩,,
bookreport,A3R1,A,A3,R1,⟨TODO⟩,시간이 없어서 지금 글을 그대로 낸다,14,11,6,주체성;문해력;통합적 사고;탐색력,,,,74,B,,내가 직접 →부분 위임,,⟨TODO⟩,"이해가 안 된 장면은 AI 설명을 참고했지만, 다시 책을 보고 내 느낌을 정리하는 과정은 부족했다. 설명을 듣고 바로 제출해서 내 생각으로 바꾼 흔적이 약하다.",⟨TODO⟩,true,융합하기,통합적 사고,문해력;탐색력,,,6,⟨TODO⟩,⟨TODO⟩,,,,,⟨TODO⟩,⟨TODO⟩,⟨TODO⟩,⟨TODO⟩,⟨TODO⟩,⟨TODO⟩,⟨TODO⟩,⟨TODO⟩,,
bookreport,A3R2,A,A3,R2,⟨TODO⟩,내가 읽은 장면과 내 느낌이 들어갔는지 본다,17,14,6,주체성;문해력;통합적 사고;탐색력;검토력,,,,82,A,,내가 직접 →부분 위임,,⟨TODO⟩,"AI 설명을 보고 막힌 장면을 이해한 뒤, 내가 읽은 장면과 느낌이 들어갔는지 확인했다. 아직 깊은 설명은 아니지만 AI 말을 그대로 옮기지 않으려는 시도가 보인다.",⟨TODO⟩,true,융합하기,통합적 사고,문해력;탐색력;검토력,,,6,⟨TODO⟩,⟨TODO⟩,,,,,⟨TODO⟩,⟨TODO⟩,⟨TODO⟩,⟨TODO⟩,⟨TODO⟩,⟨TODO⟩,⟨TODO⟩,⟨TODO⟩,,
bookreport,A3R3,A,A3,R3,⟨TODO⟩,선생님이 물었을 때 그 장면을 내 말로 설명할 수 있는지 본다,22,18,7,주체성;문해력;통합적 사고;탐색력;검토력,,,,88,A,,내가 직접 →부분 위임,,⟨TODO⟩,"AI 설명을 단서로 삼아 다시 책을 보고, 막혔던 장면을 나만의 생각과 표현으로 설명해 보았다. 도움은 받았지만 마지막에는 내가 이해한 말로 정리했다.",⟨TODO⟩,true,융합하기,통합적 사고,문해력;탐색력;검토력,,,7,⟨TODO⟩,⟨TODO⟩,,,,,⟨TODO⟩,⟨TODO⟩,⟨TODO⟩,⟨TODO⟩,⟨TODO⟩,⟨TODO⟩,⟨TODO⟩,⟨TODO⟩,,
bookreport,B1R1,B,B1,R1,⟨TODO⟩,시간이 없어서 지금 글을 그대로 낸다,10,8,6,적응성;탐색력;통합적 사고;분석력,,,,72,B,,부분 위임 →직접쪽,,⟨TODO⟩,AI 줄거리를 읽은 부분과 안 읽은 부분으로 나누어 보았지만 거기서 멈췄다. 다시 책이나 내 느낌으로 돌아가지 않아 독후감의 주인이 분명하지 않다.,⟨TODO⟩,true,융합하기,통합적 사고,탐색력;분석력,,,6,⟨TODO⟩,⟨TODO⟩,,,,,⟨TODO⟩,⟨TODO⟩,⟨TODO⟩,⟨TODO⟩,⟨TODO⟩,⟨TODO⟩,⟨TODO⟩,⟨TODO⟩,,
bookreport,B1R2,B,B1,R2,⟨TODO⟩,내가 읽은 장면과 내 느낌이 들어갔는지 본다,13,11,6,적응성;탐색력;통합적 사고;분석력;검토력,,,,80,A,,부분 위임 →직접쪽,,⟨TODO⟩,"AI 줄거리에서 내가 읽은 부분을 골라내고, 내 장면과 느낌이 들어갔는지 확인했다. 복사해서 쓰는 길에서 벗어났지만 감상은 아직 더 보태야 한다.",⟨TODO⟩,true,융합하기,통합적 사고,탐색력;분석력;검토력,,,6,⟨TODO⟩,⟨TODO⟩,,,,,⟨TODO⟩,⟨TODO⟩,⟨TODO⟩,⟨TODO⟩,⟨TODO⟩,⟨TODO⟩,⟨TODO⟩,⟨TODO⟩,,
bookreport,B1R3,B,B1,R3,⟨TODO⟩,선생님이 물었을 때 그 장면을 내 말로 설명할 수 있는지 본다,18,15,7,적응성;탐색력;통합적 사고;분석력;검토력,,,,84,A,,부분 위임 →직접쪽,,⟨TODO⟩,AI가 알려 준 내용과 내가 실제로 읽은 내용을 나누어 설명해 보았다. 무엇을 읽었고 무엇은 도움받았는지 말할 수 있어 내 역할이 더 분명하다.,⟨TODO⟩,true,융합하기,통합적 사고,탐색력;분석력;검토력,,,7,⟨TODO⟩,⟨TODO⟩,,,,,⟨TODO⟩,⟨TODO⟩,⟨TODO⟩,⟨TODO⟩,⟨TODO⟩,⟨TODO⟩,⟨TODO⟩,⟨TODO⟩,,
bookreport,B2R1,B,B2,R1,⟨TODO⟩,시간이 없어서 지금 글을 그대로 낸다,16,13,6,적응성;탐색력;통합적 사고;자료판단력,,,,82,A,,부분 위임 →직접쪽,,⟨TODO⟩,"AI가 말한 장면을 책에서 찾아 확인했지만, 확인한 뒤 바로 제출했다. 장면은 맞을 수 있어도 그 장면에서 내가 무엇을 느꼈는지는 약하게 남는다.",⟨TODO⟩,true,융합하기,통합적 사고,탐색력;자료판단력,,,6,⟨TODO⟩,⟨TODO⟩,,,,,⟨TODO⟩,⟨TODO⟩,⟨TODO⟩,⟨TODO⟩,⟨TODO⟩,⟨TODO⟩,⟨TODO⟩,⟨TODO⟩,,
bookreport,B2R2,B,B2,R2,⟨TODO⟩,내가 읽은 장면과 내 느낌이 들어갔는지 본다,19,16,7,적응성;탐색력;통합적 사고;자료판단력;검토력,,,,90,S,,부분 위임 →직접쪽,,⟨TODO⟩,"AI가 말한 장면을 책에서 확인하고, 내 느낌이 글에 들어갔는지 다시 보았다. 잘못된 내용은 줄이고 내가 읽은 장면 쪽으로 글을 고쳤다.",⟨TODO⟩,true,융합하기,통합적 사고,탐색력;자료판단력;검토력,,,7,⟨TODO⟩,⟨TODO⟩,,,,,⟨TODO⟩,⟨TODO⟩,⟨TODO⟩,⟨TODO⟩,⟨TODO⟩,⟨TODO⟩,⟨TODO⟩,⟨TODO⟩,,
bookreport,B2R3,B,B2,R3,⟨TODO⟩,선생님이 물었을 때 그 장면을 내 말로 설명할 수 있는지 본다,24,20,7,적응성;탐색력;통합적 사고;자료판단력;검토력,,,,95,S,,부분 위임 →직접쪽,,⟨TODO⟩,"AI가 알려 준 장면을 책에서 확인한 뒤, 그 장면을 왜 골랐는지 내 말로 설명했다. AI를 단서로 썼지만 최종 감상은 내가 읽고 생각한 내용으로 정리했다.",⟨TODO⟩,true,융합하기,통합적 사고,탐색력;자료판단력;검토력,,,7,⟨TODO⟩,⟨TODO⟩,,,,,⟨TODO⟩,⟨TODO⟩,⟨TODO⟩,⟨TODO⟩,⟨TODO⟩,⟨TODO⟩,⟨TODO⟩,⟨TODO⟩,,
bookreport,B3R1,B,B3,R1,⟨TODO⟩,시간이 없어서 지금 글을 그대로 낸다,12,9,6,적응성;탐색력;통합적 사고,,,,76,A,,부분 위임 →직접쪽,,⟨TODO⟩,"AI에게 감상문 대신 생각해 볼 질문만 받았지만, 그 질문에 충분히 답하지 못했다. 질문을 받고 바로 제출해서 내 느낌으로 이어지는 부분이 약하다.",⟨TODO⟩,true,융합하기,통합적 사고,탐색력;탐색력,,,6,⟨TODO⟩,⟨TODO⟩,,,,,⟨TODO⟩,⟨TODO⟩,⟨TODO⟩,⟨TODO⟩,⟨TODO⟩,⟨TODO⟩,⟨TODO⟩,⟨TODO⟩,,
bookreport,B3R2,B,B3,R2,⟨TODO⟩,내가 읽은 장면과 내 느낌이 들어갔는지 본다,15,12,7,적응성;탐색력;통합적 사고;검토력,,,,84,A,,부분 위임 →직접쪽,,⟨TODO⟩,AI가 준 질문을 보고 내가 읽은 장면과 느낌이 들어갔는지 확인했다. 질문에 대한 답을 조금 붙이며 감상 방향을 스스로 잡기 시작했다.,⟨TODO⟩,true,융합하기,통합적 사고,탐색력;탐색력;검토력,,,7,⟨TODO⟩,⟨TODO⟩,,,,,⟨TODO⟩,⟨TODO⟩,⟨TODO⟩,⟨TODO⟩,⟨TODO⟩,⟨TODO⟩,⟨TODO⟩,⟨TODO⟩,,
bookreport,B3R3,B,B3,R3,⟨TODO⟩,선생님이 물었을 때 그 장면을 내 말로 설명할 수 있는지 본다,20,16,7,적응성;탐색력;통합적 사고;검토력,,,,88,A,,부분 위임 →직접쪽,,⟨TODO⟩,"AI가 준 질문을 내 생각을 꺼내는 단서로 쓰고, 답을 내 말로 설명해 보았다. 질문을 그대로 베끼지 않고 내 감상으로 바꾸었다.",⟨TODO⟩,true,융합하기,통합적 사고,탐색력;탐색력;검토력,,,7,⟨TODO⟩,⟨TODO⟩,,,,,⟨TODO⟩,⟨TODO⟩,⟨TODO⟩,⟨TODO⟩,⟨TODO⟩,⟨TODO⟩,⟨TODO⟩,⟨TODO⟩,,
bookreport,C1R1,C,C1,R1,⟨TODO⟩,시간이 없어서 지금 글을 그대로 낸다,5,3,4,,,,,48,C,,전체 위임 →위임쪽,,⟨TODO⟩,AI가 쓴 독후감을 거의 그대로 두고 제출했다. 문장은 완성되어 보여도 내가 읽은 장면과 느낌은 거의 보이지 않는다.,⟨TODO⟩,false,,,,,,4,⟨TODO⟩,⟨TODO⟩,,,,,⟨TODO⟩,⟨TODO⟩,⟨TODO⟩,⟨TODO⟩,⟨TODO⟩,⟨TODO⟩,⟨TODO⟩,⟨TODO⟩,,
bookreport,C1R2,C,C1,R2,⟨TODO⟩,내가 읽은 장면과 내 느낌이 들어갔는지 본다,8,6,4,검토력,,,,55,C,,전체 위임 →위임쪽,,⟨TODO⟩,AI 독후감을 보고 내 장면과 느낌이 들어갔는지 확인했다. 확인해 보니 내 말이 부족하다는 점은 알았지만 글을 충분히 고치지는 못했다.,⟨TODO⟩,true,,,검토력,,,4,⟨TODO⟩,⟨TODO⟩,,,,,⟨TODO⟩,⟨TODO⟩,⟨TODO⟩,⟨TODO⟩,⟨TODO⟩,⟨TODO⟩,⟨TODO⟩,⟨TODO⟩,,
bookreport,C1R3,C,C1,R3,⟨TODO⟩,선생님이 물었을 때 그 장면을 내 말로 설명할 수 있는지 본다,13,10,4,검토력,,,,58,C,,전체 위임 →위임쪽,,⟨TODO⟩,AI 독후감을 내 말로 설명해 보려 하자 모르는 장면과 표현이 드러났다. 설명하기 어려운 부분이 많아 내 독후감이라고 말하기 힘들다.,⟨TODO⟩,true,,,검토력,,,4,⟨TODO⟩,⟨TODO⟩,,,,,⟨TODO⟩,⟨TODO⟩,⟨TODO⟩,⟨TODO⟩,⟨TODO⟩,⟨TODO⟩,⟨TODO⟩,⟨TODO⟩,,
bookreport,C2R1,C,C2,R1,⟨TODO⟩,시간이 없어서 지금 글을 그대로 낸다,7,5,4,성찰적 사고;표현력,,,,55,C,,전체 위임 →표면수정,,⟨TODO⟩,AI 글에서 말투만 조금 바꾸고 제출했다. 겉모습은 달라졌지만 내가 읽은 장면과 생각은 여전히 약하다.,⟨TODO⟩,true,성찰하기,성찰적 사고,표현력,,,4,⟨TODO⟩,⟨TODO⟩,,,,,⟨TODO⟩,⟨TODO⟩,⟨TODO⟩,⟨TODO⟩,⟨TODO⟩,⟨TODO⟩,⟨TODO⟩,⟨TODO⟩,,
bookreport,C2R2,C,C2,R2,⟨TODO⟩,내가 읽은 장면과 내 느낌이 들어갔는지 본다,10,8,5,성찰적 사고;표현력;검토력,,,,62,B,,전체 위임 →표면수정,,⟨TODO⟩,AI 글의 말투를 고친 뒤 내 장면과 느낌이 들어갔는지 보았다. 일부 어색한 표현은 줄였지만 내 감상으로 다시 쓰는 데까지는 가지 못했다.,⟨TODO⟩,true,성찰하기,성찰적 사고,표현력;검토력,,,5,⟨TODO⟩,⟨TODO⟩,,,,,⟨TODO⟩,⟨TODO⟩,⟨TODO⟩,⟨TODO⟩,⟨TODO⟩,⟨TODO⟩,⟨TODO⟩,⟨TODO⟩,,
bookreport,C2R3,C,C2,R3,⟨TODO⟩,선생님이 물었을 때 그 장면을 내 말로 설명할 수 있는지 본다,15,12,5,성찰적 사고;표현력;검토력,,,,66,B,,전체 위임 →표면수정,,⟨TODO⟩,AI 글을 내 말로 설명해 보며 내가 이해하지 못한 부분을 확인했다. 말투만 바꾸는 것으로는 부족하다는 점을 스스로 알아차렸다.,⟨TODO⟩,true,성찰하기,성찰적 사고,표현력;검토력,,,5,⟨TODO⟩,⟨TODO⟩,,,,,⟨TODO⟩,⟨TODO⟩,⟨TODO⟩,⟨TODO⟩,⟨TODO⟩,⟨TODO⟩,⟨TODO⟩,⟨TODO⟩,,
bookreport,C3R1,C,C3,R1,⟨TODO⟩,시간이 없어서 지금 글을 그대로 낸다,14,11,4,적응성;자료판단력,,,,58,C,,전체 위임 →회복,,⟨TODO⟩,AI 글에 나온 장면을 책에서 찾아보고 내 느낌을 조금 붙였다. 하지만 다시 검토하지 않아 AI 글에서 벗어난 정도는 크지 않다.,⟨TODO⟩,true,중심잡기,적응성,자료판단력,,,4,⟨TODO⟩,⟨TODO⟩,,,,,⟨TODO⟩,⟨TODO⟩,⟨TODO⟩,⟨TODO⟩,⟨TODO⟩,⟨TODO⟩,⟨TODO⟩,⟨TODO⟩,,
bookreport,C3R2,C,C3,R2,⟨TODO⟩,내가 읽은 장면과 내 느낌이 들어갔는지 본다,17,14,6,적응성;자료판단력;검토력,,,,72,B,,전체 위임 →회복,,⟨TODO⟩,AI 글에 나온 장면을 책에서 확인하고 내 느낌이 들어갔는지 다시 보았다. 책 장면과 내 말이 조금 살아나며 글을 일부 되찾았다.,⟨TODO⟩,true,중심잡기,적응성,자료판단력;검토력,,,6,⟨TODO⟩,⟨TODO⟩,,,,,⟨TODO⟩,⟨TODO⟩,⟨TODO⟩,⟨TODO⟩,⟨TODO⟩,⟨TODO⟩,⟨TODO⟩,⟨TODO⟩,,
bookreport,C3R3,C,C3,R3,⟨TODO⟩,선생님이 물었을 때 그 장면을 내 말로 설명할 수 있는지 본다,22,18,6,적응성;자료판단력;검토력,,,,74,B,,전체 위임 →회복,,⟨TODO⟩,AI 글에서 출발했지만 책 장면을 확인하고 내 느낌을 설명해 보았다. 완전히 직접 쓴 글은 아니어도 마지막에는 내가 이해한 내용으로 고쳤다.,⟨TODO⟩,true,중심잡기,적응성,자료판단력;검토력,,,6,⟨TODO⟩,⟨TODO⟩,,,,,⟨TODO⟩,⟨TODO⟩,⟨TODO⟩,⟨TODO⟩,⟨TODO⟩,⟨TODO⟩,⟨TODO⟩,⟨TODO⟩,,
animaltalk,A1R1,A,A1,R1,⟨TODO⟩,발표문을 보고 읽는 연습만 한다,16,13,5,주체성;표현력;맥락적 사고;자기이해,,,,70,B,,내가 직접,,⟨TODO⟩,좋아하는 이유만 있고 정보가 약하다. 읽는 연습에서 멈춰 친구 앞에서 내 말로 설명하는 준비는 부족하다.,⟨TODO⟩,true,융합하기,맥락적 사고,표현력;자기이해,,,5,⟨TODO⟩,⟨TODO⟩,,,,,⟨TODO⟩,⟨TODO⟩,⟨TODO⟩,⟨TODO⟩,⟨TODO⟩,⟨TODO⟩,⟨TODO⟩,⟨TODO⟩,,
animaltalk,A1R2,A,A1,R2,⟨TODO⟩,발표문을 보지 않고 짧게 내 말로 설명해 본다,19,16,6,주체성;표현력;맥락적 사고;자기이해,,,,78,A,,내가 직접,,⟨TODO⟩,이유는 말하나 새 정보가 부족하다. 발표문을 덮고 말해 보며 외운 말과 내가 이해한 말을 구분했다.,⟨TODO⟩,true,융합하기,맥락적 사고,표현력;자기이해;표현력,,,6,⟨TODO⟩,⟨TODO⟩,,,,,⟨TODO⟩,⟨TODO⟩,⟨TODO⟩,⟨TODO⟩,⟨TODO⟩,⟨TODO⟩,⟨TODO⟩,⟨TODO⟩,,
animaltalk,A1R3,A,A1,R3,⟨TODO⟩,친구 질문 하나에 내 말로 답해 본다,24,20,6,주체성;표현력;맥락적 사고;자기이해;소통력,,,,80,A,,내가 직접,,⟨TODO⟩,질문 앞에서 정보가 부족하다는 점을 확인했다. 친구 질문에 답해 보며 발표 내용이 내 말로 준비되었는지 확인했다.,⟨TODO⟩,true,융합하기,맥락적 사고,표현력;자기이해;소통력,,,6,⟨TODO⟩,⟨TODO⟩,,,,,⟨TODO⟩,⟨TODO⟩,⟨TODO⟩,⟨TODO⟩,⟨TODO⟩,⟨TODO⟩,⟨TODO⟩,⟨TODO⟩,,
animaltalk,A2R1,A,A2,R1,⟨TODO⟩,발표문을 보고 읽는 연습만 한다,18,15,6,주체성;표현력;통합적 사고;탐색력,,,,80,A,,내가 직접,,⟨TODO⟩,AI 정보 보탰지만 읽기에 머문다. 읽는 연습에서 멈춰 친구 앞에서 내 말로 설명하는 준비는 부족하다.,⟨TODO⟩,true,융합하기,통합적 사고,표현력;탐색력,,,6,⟨TODO⟩,⟨TODO⟩,,,,,⟨TODO⟩,⟨TODO⟩,⟨TODO⟩,⟨TODO⟩,⟨TODO⟩,⟨TODO⟩,⟨TODO⟩,⟨TODO⟩,,
animaltalk,A2R2,A,A2,R2,⟨TODO⟩,발표문을 보지 않고 짧게 내 말로 설명해 본다,21,18,7,주체성;표현력;통합적 사고;탐색력,,,,88,A,,내가 직접,,⟨TODO⟩,보탠 정보를 내 말로 설명한다. 발표문을 덮고 말해 보며 외운 말과 내가 이해한 말을 구분했다.,⟨TODO⟩,true,융합하기,통합적 사고,표현력;탐색력;표현력,,,7,⟨TODO⟩,⟨TODO⟩,,,,,⟨TODO⟩,⟨TODO⟩,⟨TODO⟩,⟨TODO⟩,⟨TODO⟩,⟨TODO⟩,⟨TODO⟩,⟨TODO⟩,,
animaltalk,A2R3,A,A2,R3,⟨TODO⟩,친구 질문 하나에 내 말로 답해 본다,26,22,7,주체성;표현력;통합적 사고;탐색력;소통력,,,,94,S,,내가 직접,,⟨TODO⟩,정보 이해와 질문 대비가 좋다. 친구 질문에 답해 보며 발표 내용이 내 말로 준비되었는지 확인했다.,⟨TODO⟩,true,융합하기,통합적 사고,표현력;탐색력;소통력,,,7,⟨TODO⟩,⟨TODO⟩,,,,,⟨TODO⟩,⟨TODO⟩,⟨TODO⟩,⟨TODO⟩,⟨TODO⟩,⟨TODO⟩,⟨TODO⟩,⟨TODO⟩,,
animaltalk,A3R1,A,A3,R1,⟨TODO⟩,발표문을 보고 읽는 연습만 한다,14,11,6,주체성;표현력;사회·관계적 사고;소통력,,,,78,A,,내가 직접 →부분 위임,,⟨TODO⟩,신기한 특징은 있으나 읽기 중심. 읽는 연습에서 멈춰 친구 앞에서 내 말로 설명하는 준비는 부족하다.,⟨TODO⟩,true,성찰하기,사회·관계적 사고,표현력;소통력,,,6,⟨TODO⟩,⟨TODO⟩,,,,,⟨TODO⟩,⟨TODO⟩,⟨TODO⟩,⟨TODO⟩,⟨TODO⟩,⟨TODO⟩,⟨TODO⟩,⟨TODO⟩,,
animaltalk,A3R2,A,A3,R2,⟨TODO⟩,발표문을 보지 않고 짧게 내 말로 설명해 본다,17,14,7,주체성;표현력;사회·관계적 사고;소통력,,,,86,A,,내가 직접 →부분 위임,,⟨TODO⟩,특징과 내 말 설명이 연결된다. 발표문을 덮고 말해 보며 외운 말과 내가 이해한 말을 구분했다.,⟨TODO⟩,true,성찰하기,사회·관계적 사고,표현력;소통력;표현력,,,7,⟨TODO⟩,⟨TODO⟩,,,,,⟨TODO⟩,⟨TODO⟩,⟨TODO⟩,⟨TODO⟩,⟨TODO⟩,⟨TODO⟩,⟨TODO⟩,⟨TODO⟩,,
animaltalk,A3R3,A,A3,R3,⟨TODO⟩,친구 질문 하나에 내 말로 답해 본다,22,18,7,주체성;표현력;사회·관계적 사고;소통력,,,,90,S,,내가 직접 →부분 위임,,⟨TODO⟩,청중 고려와 질문 답변이 좋다. 친구 질문에 답해 보며 발표 내용이 내 말로 준비되었는지 확인했다.,⟨TODO⟩,true,성찰하기,사회·관계적 사고,표현력;소통력;소통력,,,7,⟨TODO⟩,⟨TODO⟩,,,,,⟨TODO⟩,⟨TODO⟩,⟨TODO⟩,⟨TODO⟩,⟨TODO⟩,⟨TODO⟩,⟨TODO⟩,⟨TODO⟩,,
animaltalk,B1R1,B,B1,R1,⟨TODO⟩,발표문을 보고 읽는 연습만 한다,8,6,6,적응성;탐색력,,,,72,B,,부분 위임 →위임쪽,,⟨TODO⟩,AI 정보를 그대로 붙여 약하다. 읽는 연습에서 멈춰 친구 앞에서 내 말로 설명하는 준비는 부족하다.,⟨TODO⟩,true,중심잡기,적응성,탐색력,,,6,⟨TODO⟩,⟨TODO⟩,,,,,⟨TODO⟩,⟨TODO⟩,⟨TODO⟩,⟨TODO⟩,⟨TODO⟩,⟨TODO⟩,⟨TODO⟩,⟨TODO⟩,,
animaltalk,B1R2,B,B1,R2,⟨TODO⟩,발표문을 보지 않고 짧게 내 말로 설명해 본다,11,9,6,적응성;탐색력;표현력,,,,80,A,,부분 위임 →위임쪽,,⟨TODO⟩,설명해 보며 이해 부족을 발견한다. 발표문을 덮고 말해 보며 외운 말과 내가 이해한 말을 구분했다.,⟨TODO⟩,true,중심잡기,적응성,탐색력;표현력,,,6,⟨TODO⟩,⟨TODO⟩,,,,,⟨TODO⟩,⟨TODO⟩,⟨TODO⟩,⟨TODO⟩,⟨TODO⟩,⟨TODO⟩,⟨TODO⟩,⟨TODO⟩,,
animaltalk,B1R3,B,B1,R3,⟨TODO⟩,친구 질문 하나에 내 말로 답해 본다,16,13,7,적응성;탐색력;소통력,,,,84,A,,부분 위임 →위임쪽,,⟨TODO⟩,질문 앞에서 복붙 한계가 보이다. 친구 질문에 답해 보며 발표 내용이 내 말로 준비되었는지 확인했다.,⟨TODO⟩,true,중심잡기,적응성,탐색력;소통력,,,7,⟨TODO⟩,⟨TODO⟩,,,,,⟨TODO⟩,⟨TODO⟩,⟨TODO⟩,⟨TODO⟩,⟨TODO⟩,⟨TODO⟩,⟨TODO⟩,⟨TODO⟩,,
animaltalk,B2R1,B,B2,R1,⟨TODO⟩,발표문을 보고 읽는 연습만 한다,12,9,6,적응성;탐색력;통합적 사고;표현력,,,,82,A,,부분 위임 →직접쪽,,⟨TODO⟩,내 이유와 AI 정보 연결은 한다. 읽는 연습에서 멈춰 친구 앞에서 내 말로 설명하는 준비는 부족하다.,⟨TODO⟩,true,융합하기,통합적 사고,탐색력;표현력,,,6,⟨TODO⟩,⟨TODO⟩,,,,,⟨TODO⟩,⟨TODO⟩,⟨TODO⟩,⟨TODO⟩,⟨TODO⟩,⟨TODO⟩,⟨TODO⟩,⟨TODO⟩,,
animaltalk,B2R2,B,B2,R2,⟨TODO⟩,발표문을 보지 않고 짧게 내 말로 설명해 본다,15,12,7,적응성;탐색력;통합적 사고;표현력,,,,90,S,,부분 위임 →직접쪽,,⟨TODO⟩,연결 내용을 내 말로 설명한다. 발표문을 덮고 말해 보며 외운 말과 내가 이해한 말을 구분했다.,⟨TODO⟩,true,융합하기,통합적 사고,탐색력;표현력;표현력,,,7,⟨TODO⟩,⟨TODO⟩,,,,,⟨TODO⟩,⟨TODO⟩,⟨TODO⟩,⟨TODO⟩,⟨TODO⟩,⟨TODO⟩,⟨TODO⟩,⟨TODO⟩,,
animaltalk,B2R3,B,B2,R3,⟨TODO⟩,친구 질문 하나에 내 말로 답해 본다,20,16,7,적응성;탐색력;통합적 사고;표현력;소통력,,,,95,S,,부분 위임 →직접쪽,,⟨TODO⟩,AI 정보와 내 이유를 잘 엮다. 친구 질문에 답해 보며 발표 내용이 내 말로 준비되었는지 확인했다.,⟨TODO⟩,true,융합하기,통합적 사고,탐색력;표현력;소통력,,,7,⟨TODO⟩,⟨TODO⟩,,,,,⟨TODO⟩,⟨TODO⟩,⟨TODO⟩,⟨TODO⟩,⟨TODO⟩,⟨TODO⟩,⟨TODO⟩,⟨TODO⟩,,
animaltalk,B3R1,B,B3,R1,⟨TODO⟩,발표문을 보고 읽는 연습만 한다,14,11,6,적응성;탐색력;통합적 사고;소통력,,,,82,A,,부분 위임 →직접쪽,,⟨TODO⟩,예상 질문을 읽는 수준에 머문다. 읽는 연습에서 멈춰 친구 앞에서 내 말로 설명하는 준비는 부족하다.,⟨TODO⟩,true,융합하기,통합적 사고,탐색력;소통력,,,6,⟨TODO⟩,⟨TODO⟩,,,,,⟨TODO⟩,⟨TODO⟩,⟨TODO⟩,⟨TODO⟩,⟨TODO⟩,⟨TODO⟩,⟨TODO⟩,⟨TODO⟩,,
animaltalk,B3R2,B,B3,R2,⟨TODO⟩,발표문을 보지 않고 짧게 내 말로 설명해 본다,17,14,7,적응성;탐색력;통합적 사고;소통력;표현력,,,,90,S,,부분 위임 →직접쪽,,⟨TODO⟩,예상 질문에 내 답을 준비한다. 발표문을 덮고 말해 보며 외운 말과 내가 이해한 말을 구분했다.,⟨TODO⟩,true,융합하기,통합적 사고,탐색력;소통력;표현력,,,7,⟨TODO⟩,⟨TODO⟩,,,,,⟨TODO⟩,⟨TODO⟩,⟨TODO⟩,⟨TODO⟩,⟨TODO⟩,⟨TODO⟩,⟨TODO⟩,⟨TODO⟩,,
animaltalk,B3R3,B,B3,R3,⟨TODO⟩,친구 질문 하나에 내 말로 답해 본다,22,18,7,적응성;탐색력;통합적 사고;소통력,,,,94,S,,부분 위임 →직접쪽,,⟨TODO⟩,청중 질문 대응까지 준비한다. 친구 질문에 답해 보며 발표 내용이 내 말로 준비되었는지 확인했다.,⟨TODO⟩,true,융합하기,통합적 사고,탐색력;소통력;소통력,,,7,⟨TODO⟩,⟨TODO⟩,,,,,⟨TODO⟩,⟨TODO⟩,⟨TODO⟩,⟨TODO⟩,⟨TODO⟩,⟨TODO⟩,⟨TODO⟩,⟨TODO⟩,,
animaltalk,C1R1,C,C1,R1,⟨TODO⟩,발표문을 보고 읽는 연습만 한다,5,3,4,,,,,50,C,,전체 위임 →위임쪽,,⟨TODO⟩,AI 발표문 그대로 읽어 약하다. 읽는 연습에서 멈춰 친구 앞에서 내 말로 설명하는 준비는 부족하다.,⟨TODO⟩,false,,,,,,4,⟨TODO⟩,⟨TODO⟩,,,,,⟨TODO⟩,⟨TODO⟩,⟨TODO⟩,⟨TODO⟩,⟨TODO⟩,⟨TODO⟩,⟨TODO⟩,⟨TODO⟩,,
animaltalk,C1R2,C,C1,R2,⟨TODO⟩,발표문을 보지 않고 짧게 내 말로 설명해 본다,8,6,4,표현력,,,,56,C,,전체 위임 →위임쪽,,⟨TODO⟩,덮고 말하니 기억 부족이 드러난다. 발표문을 덮고 말해 보며 외운 말과 내가 이해한 말을 구분했다.,⟨TODO⟩,true,,,표현력,,,4,⟨TODO⟩,⟨TODO⟩,,,,,⟨TODO⟩,⟨TODO⟩,⟨TODO⟩,⟨TODO⟩,⟨TODO⟩,⟨TODO⟩,⟨TODO⟩,⟨TODO⟩,,
animaltalk,C1R3,C,C1,R3,⟨TODO⟩,친구 질문 하나에 내 말로 답해 본다,13,10,4,소통력,,,,58,C,,전체 위임 →위임쪽,,⟨TODO⟩,내 이유와 이해 부족이 보이다. 친구 질문에 답해 보며 발표 내용이 내 말로 준비되었는지 확인했다.,⟨TODO⟩,true,,,소통력,,,4,⟨TODO⟩,⟨TODO⟩,,,,,⟨TODO⟩,⟨TODO⟩,⟨TODO⟩,⟨TODO⟩,⟨TODO⟩,⟨TODO⟩,⟨TODO⟩,⟨TODO⟩,,
animaltalk,C2R1,C,C2,R1,⟨TODO⟩,발표문을 보고 읽는 연습만 한다,8,6,4,성찰적 사고;표현력,,,,58,C,,전체 위임 →표면수정,,⟨TODO⟩,일부 삭제했지만 읽기 중심. 읽는 연습에서 멈춰 친구 앞에서 내 말로 설명하는 준비는 부족하다.,⟨TODO⟩,true,성찰하기,성찰적 사고,표현력,,,4,⟨TODO⟩,⟨TODO⟩,,,,,⟨TODO⟩,⟨TODO⟩,⟨TODO⟩,⟨TODO⟩,⟨TODO⟩,⟨TODO⟩,⟨TODO⟩,⟨TODO⟩,,
animaltalk,C2R2,C,C2,R2,⟨TODO⟩,발표문을 보지 않고 짧게 내 말로 설명해 본다,11,9,5,성찰적 사고;표현력,,,,66,B,,전체 위임 →표면수정,,⟨TODO⟩,덜어내며 일부 내 말로 회복한다. 발표문을 덮고 말해 보며 외운 말과 내가 이해한 말을 구분했다.,⟨TODO⟩,true,성찰하기,성찰적 사고,표현력;표현력,,,5,⟨TODO⟩,⟨TODO⟩,,,,,⟨TODO⟩,⟨TODO⟩,⟨TODO⟩,⟨TODO⟩,⟨TODO⟩,⟨TODO⟩,⟨TODO⟩,⟨TODO⟩,,
animaltalk,C2R3,C,C2,R3,⟨TODO⟩,친구 질문 하나에 내 말로 답해 본다,16,13,5,성찰적 사고;표현력;소통력,,,,68,B,,전체 위임 →표면수정,,⟨TODO⟩,이해한 내용과 부족함을 구분한다. 친구 질문에 답해 보며 발표 내용이 내 말로 준비되었는지 확인했다.,⟨TODO⟩,true,성찰하기,성찰적 사고,표현력;소통력,,,5,⟨TODO⟩,⟨TODO⟩,,,,,⟨TODO⟩,⟨TODO⟩,⟨TODO⟩,⟨TODO⟩,⟨TODO⟩,⟨TODO⟩,⟨TODO⟩,⟨TODO⟩,,
animaltalk,C3R1,C,C3,R1,⟨TODO⟩,발표문을 보고 읽는 연습만 한다,14,11,5,적응성;소통력,,,,62,B,,전체 위임 →회복,,⟨TODO⟩,청중 기준 삭제는 했지만 약하다. 읽는 연습에서 멈춰 친구 앞에서 내 말로 설명하는 준비는 부족하다.,⟨TODO⟩,true,중심잡기,적응성,소통력,,,5,⟨TODO⟩,⟨TODO⟩,,,,,⟨TODO⟩,⟨TODO⟩,⟨TODO⟩,⟨TODO⟩,⟨TODO⟩,⟨TODO⟩,⟨TODO⟩,⟨TODO⟩,,
animaltalk,C3R2,C,C3,R2,⟨TODO⟩,발표문을 보지 않고 짧게 내 말로 설명해 본다,17,14,6,적응성;소통력;표현력,,,,74,B,,전체 위임 →회복,,⟨TODO⟩,친구들이 궁금해할 부분을 다시 살림. 발표문을 덮고 말해 보며 외운 말과 내가 이해한 말을 구분했다.,⟨TODO⟩,true,중심잡기,적응성,소통력;표현력,,,6,⟨TODO⟩,⟨TODO⟩,,,,,⟨TODO⟩,⟨TODO⟩,⟨TODO⟩,⟨TODO⟩,⟨TODO⟩,⟨TODO⟩,⟨TODO⟩,⟨TODO⟩,,
animaltalk,C3R3,C,C3,R3,⟨TODO⟩,친구 질문 하나에 내 말로 답해 본다,22,18,6,적응성;소통력,,,,78,A,,전체 위임 →회복,,⟨TODO⟩,궁금할 내용만 남겨 답변한다. 친구 질문에 답해 보며 발표 내용이 내 말로 준비되었는지 확인했다.,⟨TODO⟩,true,중심잡기,적응성,소통력;소통력,,,6,⟨TODO⟩,⟨TODO⟩,,,,,⟨TODO⟩,⟨TODO⟩,⟨TODO⟩,⟨TODO⟩,⟨TODO⟩,⟨TODO⟩,⟨TODO⟩,⟨TODO⟩,,
jobcard,A1R1,A,A1,R1,⟨TODO⟩,보기 좋아서 바로 제출한다,10,8,5,주체성;자기이해;맥락적 사고,,,,68,B,,내가 직접,,⟨TODO⟩,세 직업 중 장점만 보고 골라 탐색이 약하다. 보기 좋게 정리했지만 왜 이 직업을 골랐는지 다시 확인하지 않았다.,⟨TODO⟩,true,융합하기,맥락적 사고,자기이해;자기이해,,,5,⟨TODO⟩,⟨TODO⟩,,,,,⟨TODO⟩,⟨TODO⟩,⟨TODO⟩,⟨TODO⟩,⟨TODO⟩,⟨TODO⟩,⟨TODO⟩,⟨TODO⟩,,
jobcard,A1R2,A,A1,R2,⟨TODO⟩,내가 왜 이 직업을 골랐는지 한 문장으로 말해 본다,13,11,6,주체성;자기이해;맥락적 사고,,,,76,A,,내가 직접,,⟨TODO⟩,세 후보 중 고른 이유는 말하나 정보가 부족하다. 고른 이유를 한 문장으로 말해 보며 내 관심과 연결되는지 확인했다.,⟨TODO⟩,true,융합하기,맥락적 사고,자기이해;자기이해;자기이해,,,6,⟨TODO⟩,⟨TODO⟩,,,,,⟨TODO⟩,⟨TODO⟩,⟨TODO⟩,⟨TODO⟩,⟨TODO⟩,⟨TODO⟩,⟨TODO⟩,⟨TODO⟩,,
jobcard,A1R3,A,A1,R3,⟨TODO⟩,좋은 점과 힘든 점을 함께 설명할 수 있는지 본다,18,15,6,주체성;자기이해;맥락적 사고;탐색력,,,,80,A,,내가 직접,,⟨TODO⟩,좋은 점과 힘든 점을 함께 보기 시작한다. 좋은 점과 힘든 점을 함께 말해 보며 직업을 제대로 알고 있는지 확인했다.,⟨TODO⟩,true,융합하기,맥락적 사고,자기이해;자기이해;탐색력,,,6,⟨TODO⟩,⟨TODO⟩,,,,,⟨TODO⟩,⟨TODO⟩,⟨TODO⟩,⟨TODO⟩,⟨TODO⟩,⟨TODO⟩,⟨TODO⟩,⟨TODO⟩,,
jobcard,A2R1,A,A2,R1,⟨TODO⟩,보기 좋아서 바로 제출한다,14,11,6,주체성;자기이해;호기심;탐색력,,,,78,A,,내가 직접,,⟨TODO⟩,세 직업을 활동과 연결했지만 확인이 약하다. 보기 좋게 정리했지만 왜 이 직업을 골랐는지 다시 확인하지 않았다.,⟨TODO⟩,true,중심잡기,호기심,자기이해;탐색력,,,6,⟨TODO⟩,⟨TODO⟩,,,,,⟨TODO⟩,⟨TODO⟩,⟨TODO⟩,⟨TODO⟩,⟨TODO⟩,⟨TODO⟩,⟨TODO⟩,⟨TODO⟩,,
jobcard,A2R2,A,A2,R2,⟨TODO⟩,내가 왜 이 직업을 골랐는지 한 문장으로 말해 본다,17,14,7,주체성;자기이해;호기심;탐색력,,,,88,A,,내가 직접,,⟨TODO⟩,활동 경험과 세 후보 중 선택 이유가 연결된다. 고른 이유를 한 문장으로 말해 보며 내 관심과 연결되는지 확인했다.,⟨TODO⟩,true,중심잡기,호기심,자기이해;탐색력;자기이해,,,7,⟨TODO⟩,⟨TODO⟩,,,,,⟨TODO⟩,⟨TODO⟩,⟨TODO⟩,⟨TODO⟩,⟨TODO⟩,⟨TODO⟩,⟨TODO⟩,⟨TODO⟩,,
jobcard,A2R3,A,A2,R3,⟨TODO⟩,좋은 점과 힘든 점을 함께 설명할 수 있는지 본다,22,18,7,주체성;자기이해;호기심;탐색력,,,,92,S,,내가 직접,,⟨TODO⟩,세 후보 중 선택 이유와 실제 일이 연결된다. 좋은 점과 힘든 점을 함께 말해 보며 직업을 제대로 알고 있는지 확인했다.,⟨TODO⟩,true,중심잡기,호기심,자기이해;탐색력;탐색력,,,7,⟨TODO⟩,⟨TODO⟩,,,,,⟨TODO⟩,⟨TODO⟩,⟨TODO⟩,⟨TODO⟩,⟨TODO⟩,⟨TODO⟩,⟨TODO⟩,⟨TODO⟩,,
jobcard,A3R1,A,A3,R1,⟨TODO⟩,보기 좋아서 바로 제출한다,18,15,6,주체성;자기이해;호기심;탐색력,,,,82,A,,내가 직접,,⟨TODO⟩,고른 직업의 실제 일은 봤지만 확인이 약하다. 보기 좋게 정리했지만 왜 이 직업을 골랐는지 다시 확인하지 않았다.,⟨TODO⟩,true,중심잡기,호기심,자기이해;탐색력,,,6,⟨TODO⟩,⟨TODO⟩,,,,,⟨TODO⟩,⟨TODO⟩,⟨TODO⟩,⟨TODO⟩,⟨TODO⟩,⟨TODO⟩,⟨TODO⟩,⟨TODO⟩,,
jobcard,A3R2,A,A3,R2,⟨TODO⟩,내가 왜 이 직업을 골랐는지 한 문장으로 말해 본다,21,18,7,주체성;자기이해;호기심;탐색력,,,,90,S,,내가 직접,,⟨TODO⟩,세 후보 비교와 선택 이유가 탄탄한다. 고른 이유를 한 문장으로 말해 보며 내 관심과 연결되는지 확인했다.,⟨TODO⟩,true,중심잡기,호기심,자기이해;탐색력;자기이해,,,7,⟨TODO⟩,⟨TODO⟩,,,,,⟨TODO⟩,⟨TODO⟩,⟨TODO⟩,⟨TODO⟩,⟨TODO⟩,⟨TODO⟩,⟨TODO⟩,⟨TODO⟩,,
jobcard,A3R3,A,A3,R3,⟨TODO⟩,좋은 점과 힘든 점을 함께 설명할 수 있는지 본다,26,22,8,주체성;자기이해;호기심;탐색력,,,,96,S,,내가 직접,,⟨TODO⟩,세 직업 비교와 현실 정보를 균형 있게 설명한다. 좋은 점과 힘든 점을 함께 말해 보며 직업을 제대로 알고 있는지 확인했다.,⟨TODO⟩,true,중심잡기,호기심,자기이해;탐색력;탐색력,,,8,⟨TODO⟩,⟨TODO⟩,,,,,⟨TODO⟩,⟨TODO⟩,⟨TODO⟩,⟨TODO⟩,⟨TODO⟩,⟨TODO⟩,⟨TODO⟩,⟨TODO⟩,,
jobcard,B1R1,B,B1,R1,⟨TODO⟩,보기 좋아서 바로 제출한다,7,5,4,적응성;탐색력,,,,58,C,,부분 위임 →위임쪽,,⟨TODO⟩,AI 추천 세 직업 중 멋진 것만 고릅니다. 보기 좋게 정리했지만 왜 이 직업을 골랐는지 다시 확인하지 않았다.,⟨TODO⟩,true,중심잡기,적응성,탐색력,,,4,⟨TODO⟩,⟨TODO⟩,,,,,⟨TODO⟩,⟨TODO⟩,⟨TODO⟩,⟨TODO⟩,⟨TODO⟩,⟨TODO⟩,⟨TODO⟩,⟨TODO⟩,,
jobcard,B1R2,B,B1,R2,⟨TODO⟩,내가 왜 이 직업을 골랐는지 한 문장으로 말해 본다,10,8,5,적응성;탐색력;자기이해,,,,68,B,,부분 위임 →위임쪽,,⟨TODO⟩,AI 추천과 내 관심의 근거 부족을 발견한다. 고른 이유를 한 문장으로 말해 보며 내 관심과 연결되는지 확인했다.,⟨TODO⟩,true,중심잡기,적응성,탐색력;자기이해,,,5,⟨TODO⟩,⟨TODO⟩,,,,,⟨TODO⟩,⟨TODO⟩,⟨TODO⟩,⟨TODO⟩,⟨TODO⟩,⟨TODO⟩,⟨TODO⟩,⟨TODO⟩,,
jobcard,B1R3,B,B1,R3,⟨TODO⟩,좋은 점과 힘든 점을 함께 설명할 수 있는지 본다,15,12,6,적응성;탐색력,,,,72,B,,부분 위임 →위임쪽,,⟨TODO⟩,AI 추천 세 직업의 좋은 점과 한계를 보완한다. 좋은 점과 힘든 점을 함께 말해 보며 직업을 제대로 알고 있는지 확인했다.,⟨TODO⟩,true,중심잡기,적응성,탐색력;탐색력,,,6,⟨TODO⟩,⟨TODO⟩,,,,,⟨TODO⟩,⟨TODO⟩,⟨TODO⟩,⟨TODO⟩,⟨TODO⟩,⟨TODO⟩,⟨TODO⟩,⟨TODO⟩,,
jobcard,B2R1,B,B2,R1,⟨TODO⟩,보기 좋아서 바로 제출한다,12,9,6,적응성;탐색력;통합적 사고;자기이해,,,,76,A,,부분 위임 →직접쪽,,⟨TODO⟩,AI 추천 이유 표시에 머문다. 보기 좋게 정리했지만 왜 이 직업을 골랐는지 다시 확인하지 않았다.,⟨TODO⟩,true,융합하기,통합적 사고,탐색력;자기이해,,,6,⟨TODO⟩,⟨TODO⟩,,,,,⟨TODO⟩,⟨TODO⟩,⟨TODO⟩,⟨TODO⟩,⟨TODO⟩,⟨TODO⟩,⟨TODO⟩,⟨TODO⟩,,
jobcard,B2R2,B,B2,R2,⟨TODO⟩,내가 왜 이 직업을 골랐는지 한 문장으로 말해 본다,15,12,7,적응성;탐색력;통합적 사고;자기이해,,,,86,A,,부분 위임 →직접쪽,,⟨TODO⟩,AI 추천 이유를 내 경험과 세 후보로 비교한다. 고른 이유를 한 문장으로 말해 보며 내 관심과 연결되는지 확인했다.,⟨TODO⟩,true,융합하기,통합적 사고,탐색력;자기이해;자기이해,,,7,⟨TODO⟩,⟨TODO⟩,,,,,⟨TODO⟩,⟨TODO⟩,⟨TODO⟩,⟨TODO⟩,⟨TODO⟩,⟨TODO⟩,⟨TODO⟩,⟨TODO⟩,,
jobcard,B2R3,B,B2,R3,⟨TODO⟩,좋은 점과 힘든 점을 함께 설명할 수 있는지 본다,20,16,7,적응성;탐색력;통합적 사고;자기이해,,,,90,S,,부분 위임 →직접쪽,,⟨TODO⟩,추천을 세 후보 중 자기 판단으로 바꿉니다. 좋은 점과 힘든 점을 함께 말해 보며 직업을 제대로 알고 있는지 확인했다.,⟨TODO⟩,true,융합하기,통합적 사고,탐색력;자기이해;탐색력,,,7,⟨TODO⟩,⟨TODO⟩,,,,,⟨TODO⟩,⟨TODO⟩,⟨TODO⟩,⟨TODO⟩,⟨TODO⟩,⟨TODO⟩,⟨TODO⟩,⟨TODO⟩,,
jobcard,B3R1,B,B3,R1,⟨TODO⟩,보기 좋아서 바로 제출한다,16,13,6,적응성;탐색력;통합적 사고,,,,80,A,,부분 위임 →직접쪽,,⟨TODO⟩,세 직업의 실제 하루를 찾았지만 확인은 약하다. 보기 좋게 정리했지만 왜 이 직업을 골랐는지 다시 확인하지 않았다.,⟨TODO⟩,true,융합하기,통합적 사고,탐색력;탐색력,,,6,⟨TODO⟩,⟨TODO⟩,,,,,⟨TODO⟩,⟨TODO⟩,⟨TODO⟩,⟨TODO⟩,⟨TODO⟩,⟨TODO⟩,⟨TODO⟩,⟨TODO⟩,,
jobcard,B3R2,B,B3,R2,⟨TODO⟩,내가 왜 이 직업을 골랐는지 한 문장으로 말해 본다,19,16,7,적응성;탐색력;통합적 사고;자기이해,,,,88,A,,부분 위임 →직접쪽,,⟨TODO⟩,세 직업 실제 하루와 선택 이유를 설명한다. 고른 이유를 한 문장으로 말해 보며 내 관심과 연결되는지 확인했다.,⟨TODO⟩,true,융합하기,통합적 사고,탐색력;탐색력;자기이해,,,7,⟨TODO⟩,⟨TODO⟩,,,,,⟨TODO⟩,⟨TODO⟩,⟨TODO⟩,⟨TODO⟩,⟨TODO⟩,⟨TODO⟩,⟨TODO⟩,⟨TODO⟩,,
jobcard,B3R3,B,B3,R3,⟨TODO⟩,좋은 점과 힘든 점을 함께 설명할 수 있는지 본다,24,20,7,적응성;탐색력;통합적 사고,,,,94,S,,부분 위임 →직접쪽,,⟨TODO⟩,AI 추천을 세 직업 비교와 내 선택으로 연결한다. 좋은 점과 힘든 점을 함께 말해 보며 직업을 제대로 알고 있는지 확인했다.,⟨TODO⟩,true,융합하기,통합적 사고,탐색력;탐색력;탐색력,,,7,⟨TODO⟩,⟨TODO⟩,,,,,⟨TODO⟩,⟨TODO⟩,⟨TODO⟩,⟨TODO⟩,⟨TODO⟩,⟨TODO⟩,⟨TODO⟩,⟨TODO⟩,,
jobcard,C1R1,C,C1,R1,⟨TODO⟩,보기 좋아서 바로 제출한다,5,3,4,,,,,48,C,,전체 위임 →위임쪽,,⟨TODO⟩,AI 직업 카드 그대로라 내 탐색이 거의 없다. 보기 좋게 정리했지만 왜 이 직업을 골랐는지 다시 확인하지 않았다.,⟨TODO⟩,false,,,,,,4,⟨TODO⟩,⟨TODO⟩,,,,,⟨TODO⟩,⟨TODO⟩,⟨TODO⟩,⟨TODO⟩,⟨TODO⟩,⟨TODO⟩,⟨TODO⟩,⟨TODO⟩,,
jobcard,C1R2,C,C1,R2,⟨TODO⟩,내가 왜 이 직업을 골랐는지 한 문장으로 말해 본다,8,6,4,자기이해,,,,54,C,,전체 위임 →위임쪽,,⟨TODO⟩,세 직업 중 왜 골랐는지 빈틈을 확인한다. 고른 이유를 한 문장으로 말해 보며 내 관심과 연결되는지 확인했다.,⟨TODO⟩,true,,,자기이해,,,4,⟨TODO⟩,⟨TODO⟩,,,,,⟨TODO⟩,⟨TODO⟩,⟨TODO⟩,⟨TODO⟩,⟨TODO⟩,⟨TODO⟩,⟨TODO⟩,⟨TODO⟩,,
jobcard,C1R3,C,C1,R3,⟨TODO⟩,좋은 점과 힘든 점을 함께 설명할 수 있는지 본다,13,10,4,탐색력,,,,58,C,,전체 위임 →위임쪽,,⟨TODO⟩,세 직업의 좋은 점과 힘든 점 설명이 어렵다. 좋은 점과 힘든 점을 함께 말해 보며 직업을 제대로 알고 있는지 확인했다.,⟨TODO⟩,true,,,탐색력,,,4,⟨TODO⟩,⟨TODO⟩,,,,,⟨TODO⟩,⟨TODO⟩,⟨TODO⟩,⟨TODO⟩,⟨TODO⟩,⟨TODO⟩,⟨TODO⟩,⟨TODO⟩,,
jobcard,C2R1,C,C2,R1,⟨TODO⟩,보기 좋아서 바로 제출한다,8,6,4,성찰적 사고;표현력,,,,56,C,,전체 위임 →표면수정,,⟨TODO⟩,직업 이름과 말만 바꿔 이해와 이유가 약하다. 보기 좋게 정리했지만 왜 이 직업을 골랐는지 다시 확인하지 않았다.,⟨TODO⟩,true,성찰하기,성찰적 사고,표현력,,,4,⟨TODO⟩,⟨TODO⟩,,,,,⟨TODO⟩,⟨TODO⟩,⟨TODO⟩,⟨TODO⟩,⟨TODO⟩,⟨TODO⟩,⟨TODO⟩,⟨TODO⟩,,
jobcard,C2R2,C,C2,R2,⟨TODO⟩,내가 왜 이 직업을 골랐는지 한 문장으로 말해 본다,11,9,5,성찰적 사고;표현력;자기이해,,,,66,B,,전체 위임 →표면수정,,⟨TODO⟩,세 후보 중 한 설명을 고치며 일부 이해한다. 고른 이유를 한 문장으로 말해 보며 내 관심과 연결되는지 확인했다.,⟨TODO⟩,true,성찰하기,성찰적 사고,표현력;자기이해,,,5,⟨TODO⟩,⟨TODO⟩,,,,,⟨TODO⟩,⟨TODO⟩,⟨TODO⟩,⟨TODO⟩,⟨TODO⟩,⟨TODO⟩,⟨TODO⟩,⟨TODO⟩,,
jobcard,C2R3,C,C2,R3,⟨TODO⟩,좋은 점과 힘든 점을 함께 설명할 수 있는지 본다,16,13,5,성찰적 사고;표현력;탐색력,,,,70,B,,전체 위임 →표면수정,,⟨TODO⟩,쉬운 말과 실제 정보로 내용을 다시 고침. 좋은 점과 힘든 점을 함께 말해 보며 직업을 제대로 알고 있는지 확인했다.,⟨TODO⟩,true,성찰하기,성찰적 사고,표현력;탐색력,,,5,⟨TODO⟩,⟨TODO⟩,,,,,⟨TODO⟩,⟨TODO⟩,⟨TODO⟩,⟨TODO⟩,⟨TODO⟩,⟨TODO⟩,⟨TODO⟩,⟨TODO⟩,,
jobcard,C3R1,C,C3,R1,⟨TODO⟩,보기 좋아서 바로 제출한다,14,11,5,적응성;탐색력,,,,62,B,,전체 위임 →회복,,⟨TODO⟩,세 후보 중 고른 이유는 넣었지만 확인이 약하다. 보기 좋게 정리했지만 왜 이 직업을 골랐는지 다시 확인하지 않았다.,⟨TODO⟩,true,중심잡기,적응성,탐색력,,,5,⟨TODO⟩,⟨TODO⟩,,,,,⟨TODO⟩,⟨TODO⟩,⟨TODO⟩,⟨TODO⟩,⟨TODO⟩,⟨TODO⟩,⟨TODO⟩,⟨TODO⟩,,
jobcard,C3R2,C,C3,R2,⟨TODO⟩,내가 왜 이 직업을 골랐는지 한 문장으로 말해 본다,17,14,6,적응성;탐색력;자기이해,,,,74,B,,전체 위임 →회복,,⟨TODO⟩,세 직업 중 선택 이유를 넣어 일부 자기 것으로 바꿉니다. 고른 이유를 한 문장으로 말해 보며 내 관심과 연결되는지 확인했다.,⟨TODO⟩,true,중심잡기,적응성,탐색력;자기이해,,,6,⟨TODO⟩,⟨TODO⟩,,,,,⟨TODO⟩,⟨TODO⟩,⟨TODO⟩,⟨TODO⟩,⟨TODO⟩,⟨TODO⟩,⟨TODO⟩,⟨TODO⟩,,
jobcard,C3R3,C,C3,R3,⟨TODO⟩,좋은 점과 힘든 점을 함께 설명할 수 있는지 본다,22,18,6,적응성;탐색력,,,,82,A,,전체 위임 →회복,,⟨TODO⟩,AI 초안을 세 직업 비교와 현실 정보로 회복한다. 좋은 점과 힘든 점을 함께 말해 보며 직업을 제대로 알고 있는지 확인했다.,⟨TODO⟩,true,중심잡기,적응성,탐색력;탐색력,,,6,⟨TODO⟩,⟨TODO⟩,,,,,⟨TODO⟩,⟨TODO⟩,⟨TODO⟩,⟨TODO⟩,⟨TODO⟩,⟨TODO⟩,⟨TODO⟩,⟨TODO⟩,,
classmascot,A1R1,A,A1,R1,⟨TODO⟩,보기 좋아서 바로 제출한다,16,13,6,주체성;표현력;창의적 사고,,,,72,B,,내가 직접,,⟨TODO⟩,직접 그렸지만 우리 반다움 약하다. 보기 좋은 결과에서 멈춰 우리 반을 대표하는 이유는 충분히 확인하지 않았다.,⟨TODO⟩,true,융합하기,창의적 사고,표현력;표현력,,,6,⟨TODO⟩,⟨TODO⟩,,,,,⟨TODO⟩,⟨TODO⟩,⟨TODO⟩,⟨TODO⟩,⟨TODO⟩,⟨TODO⟩,⟨TODO⟩,⟨TODO⟩,,
classmascot,A1R2,A,A1,R2,⟨TODO⟩,친구들이 보고 '우리 반 캐릭터다'라고 느낄지 생각한다,19,16,6,주체성;표현력;창의적 사고;검토력,,,,78,A,,내가 직접,,⟨TODO⟩,친구 반응을 일부 생각한다. 친구들이 우리 반 캐릭터로 느낄지 생각하며 부족한 단서를 찾아보았다.,⟨TODO⟩,true,융합하기,창의적 사고,표현력;표현력;검토력,,,6,⟨TODO⟩,⟨TODO⟩,,,,,⟨TODO⟩,⟨TODO⟩,⟨TODO⟩,⟨TODO⟩,⟨TODO⟩,⟨TODO⟩,⟨TODO⟩,⟨TODO⟩,,
classmascot,A1R3,A,A1,R3,⟨TODO⟩,내가 중점을 둔 것과 AI가 도운 부분을 설명할 수 있는지 본다,24,20,6,주체성;표현력;창의적 사고;검토력,,,,80,A,,내가 직접,,⟨TODO⟩,정한 요소를 설명할 수 있다. 내가 정한 부분과 AI가 도운 부분을 나누어 설명해 보았다.,⟨TODO⟩,true,융합하기,창의적 사고,표현력;표현력;검토력,,,6,⟨TODO⟩,⟨TODO⟩,,,,,⟨TODO⟩,⟨TODO⟩,⟨TODO⟩,⟨TODO⟩,⟨TODO⟩,⟨TODO⟩,⟨TODO⟩,⟨TODO⟩,,
classmascot,A2R1,A,A2,R1,⟨TODO⟩,보기 좋아서 바로 제출한다,18,15,7,주체성;표현력;사회·관계적 사고;소통력,,,,84,A,,내가 직접,,⟨TODO⟩,우리 반 기준은 있으나 확인이 약하다. 보기 좋은 결과에서 멈춰 우리 반을 대표하는 이유는 충분히 확인하지 않았다.,⟨TODO⟩,true,성찰하기,사회·관계적 사고,표현력;소통력,,,7,⟨TODO⟩,⟨TODO⟩,,,,,⟨TODO⟩,⟨TODO⟩,⟨TODO⟩,⟨TODO⟩,⟨TODO⟩,⟨TODO⟩,⟨TODO⟩,⟨TODO⟩,,
classmascot,A2R2,A,A2,R2,⟨TODO⟩,친구들이 보고 '우리 반 캐릭터다'라고 느낄지 생각한다,21,18,7,주체성;표현력;사회·관계적 사고;소통력;검토력,,,,92,S,,내가 직접,,⟨TODO⟩,우리 반다움과 친구 반응 연결된다. 친구들이 우리 반 캐릭터로 느낄지 생각하며 부족한 단서를 찾아보았다.,⟨TODO⟩,true,성찰하기,사회·관계적 사고,표현력;소통력;검토력,,,7,⟨TODO⟩,⟨TODO⟩,,,,,⟨TODO⟩,⟨TODO⟩,⟨TODO⟩,⟨TODO⟩,⟨TODO⟩,⟨TODO⟩,⟨TODO⟩,⟨TODO⟩,,
classmascot,A2R3,A,A2,R3,⟨TODO⟩,내가 중점을 둔 것과 AI가 도운 부분을 설명할 수 있는지 본다,26,22,8,주체성;표현력;사회·관계적 사고;소통력;검토력,,,,96,S,,내가 직접,,⟨TODO⟩,특징과 느낌 설명이 좋다. 내가 정한 부분과 AI가 도운 부분을 나누어 설명해 보았다.,⟨TODO⟩,true,성찰하기,사회·관계적 사고,표현력;소통력;검토력,,,8,⟨TODO⟩,⟨TODO⟩,,,,,⟨TODO⟩,⟨TODO⟩,⟨TODO⟩,⟨TODO⟩,⟨TODO⟩,⟨TODO⟩,⟨TODO⟩,⟨TODO⟩,,
classmascot,A3R1,A,A3,R1,⟨TODO⟩,보기 좋아서 바로 제출한다,14,11,6,주체성;표현력;통합적 사고;탐색력,,,,80,A,,내가 직접 →부분 위임,,⟨TODO⟩,AI 보완 뒤 확인이 약하다. 보기 좋은 결과에서 멈춰 우리 반을 대표하는 이유는 충분히 확인하지 않았다.,⟨TODO⟩,true,융합하기,통합적 사고,표현력;탐색력,,,6,⟨TODO⟩,⟨TODO⟩,,,,,⟨TODO⟩,⟨TODO⟩,⟨TODO⟩,⟨TODO⟩,⟨TODO⟩,⟨TODO⟩,⟨TODO⟩,⟨TODO⟩,,
classmascot,A3R2,A,A3,R2,⟨TODO⟩,친구들이 보고 '우리 반 캐릭터다'라고 느낄지 생각한다,17,14,7,주체성;표현력;통합적 사고;탐색력;검토력,,,,88,A,,내가 직접 →부분 위임,,⟨TODO⟩,스케치와 친구 반응을 함께 봅니다. 친구들이 우리 반 캐릭터로 느낄지 생각하며 부족한 단서를 찾아보았다.,⟨TODO⟩,true,융합하기,통합적 사고,표현력;탐색력;검토력,,,7,⟨TODO⟩,⟨TODO⟩,,,,,⟨TODO⟩,⟨TODO⟩,⟨TODO⟩,⟨TODO⟩,⟨TODO⟩,⟨TODO⟩,⟨TODO⟩,⟨TODO⟩,,
classmascot,A3R3,A,A3,R3,⟨TODO⟩,내가 중점을 둔 것과 AI가 도운 부분을 설명할 수 있는지 본다,22,18,7,주체성;표현력;통합적 사고;탐색력;검토력,,,,94,S,,내가 직접 →부분 위임,,⟨TODO⟩,내 아이디어와 AI 보완 설명한다. 내가 정한 부분과 AI가 도운 부분을 나누어 설명해 보았다.,⟨TODO⟩,true,융합하기,통합적 사고,표현력;탐색력;검토력,,,7,⟨TODO⟩,⟨TODO⟩,,,,,⟨TODO⟩,⟨TODO⟩,⟨TODO⟩,⟨TODO⟩,⟨TODO⟩,⟨TODO⟩,⟨TODO⟩,⟨TODO⟩,,
classmascot,B1R1,B,B1,R1,⟨TODO⟩,보기 좋아서 바로 제출한다,8,6,6,적응성;탐색력,,,,74,B,,부분 위임 →위임쪽,,⟨TODO⟩,완성도는 높지만 이유가 약하다. 보기 좋은 결과에서 멈춰 우리 반을 대표하는 이유는 충분히 확인하지 않았다.,⟨TODO⟩,true,중심잡기,적응성,탐색력,,,6,⟨TODO⟩,⟨TODO⟩,,,,,⟨TODO⟩,⟨TODO⟩,⟨TODO⟩,⟨TODO⟩,⟨TODO⟩,⟨TODO⟩,⟨TODO⟩,⟨TODO⟩,,
classmascot,B1R2,B,B1,R2,⟨TODO⟩,친구들이 보고 '우리 반 캐릭터다'라고 느낄지 생각한다,11,9,6,적응성;탐색력;검토력,,,,82,A,,부분 위임 →위임쪽,,⟨TODO⟩,멋진 그림의 기준을 다시 봅니다. 친구들이 우리 반 캐릭터로 느낄지 생각하며 부족한 단서를 찾아보았다.,⟨TODO⟩,true,중심잡기,적응성,탐색력;검토력,,,6,⟨TODO⟩,⟨TODO⟩,,,,,⟨TODO⟩,⟨TODO⟩,⟨TODO⟩,⟨TODO⟩,⟨TODO⟩,⟨TODO⟩,⟨TODO⟩,⟨TODO⟩,,
classmascot,B1R3,B,B1,R3,⟨TODO⟩,내가 중점을 둔 것과 AI가 도운 부분을 설명할 수 있는지 본다,16,13,7,적응성;탐색력;검토력,,,,84,A,,부분 위임 →위임쪽,,⟨TODO⟩,AI 후보 선택 기준 설명 약하다. 내가 정한 부분과 AI가 도운 부분을 나누어 설명해 보았다.,⟨TODO⟩,true,중심잡기,적응성,탐색력;검토력,,,7,⟨TODO⟩,⟨TODO⟩,,,,,⟨TODO⟩,⟨TODO⟩,⟨TODO⟩,⟨TODO⟩,⟨TODO⟩,⟨TODO⟩,⟨TODO⟩,⟨TODO⟩,,
classmascot,B2R1,B,B2,R1,⟨TODO⟩,보기 좋아서 바로 제출한다,14,11,6,적응성;탐색력;통합적 사고;소통력,,,,82,A,,부분 위임 →직접쪽,,⟨TODO⟩,우리 반 단서 넣었지만 확인이 약하다. 보기 좋은 결과에서 멈춰 우리 반을 대표하는 이유는 충분히 확인하지 않았다.,⟨TODO⟩,true,융합하기,통합적 사고,탐색력;소통력,,,6,⟨TODO⟩,⟨TODO⟩,,,,,⟨TODO⟩,⟨TODO⟩,⟨TODO⟩,⟨TODO⟩,⟨TODO⟩,⟨TODO⟩,⟨TODO⟩,⟨TODO⟩,,
classmascot,B2R2,B,B2,R2,⟨TODO⟩,친구들이 보고 '우리 반 캐릭터다'라고 느낄지 생각한다,17,14,7,적응성;탐색력;통합적 사고;소통력;검토력,,,,90,S,,부분 위임 →직접쪽,,⟨TODO⟩,단서와 친구 반응이 연결된다. 친구들이 우리 반 캐릭터로 느낄지 생각하며 부족한 단서를 찾아보았다.,⟨TODO⟩,true,융합하기,통합적 사고,탐색력;소통력;검토력,,,7,⟨TODO⟩,⟨TODO⟩,,,,,⟨TODO⟩,⟨TODO⟩,⟨TODO⟩,⟨TODO⟩,⟨TODO⟩,⟨TODO⟩,⟨TODO⟩,⟨TODO⟩,,
classmascot,B2R3,B,B2,R3,⟨TODO⟩,내가 중점을 둔 것과 AI가 도운 부분을 설명할 수 있는지 본다,22,18,7,적응성;탐색력;통합적 사고;소통력;검토력,,,,94,S,,부분 위임 →직접쪽,,⟨TODO⟩,AI 활용과 내 단서 설명한다. 내가 정한 부분과 AI가 도운 부분을 나누어 설명해 보았다.,⟨TODO⟩,true,융합하기,통합적 사고,탐색력;소통력;검토력,,,7,⟨TODO⟩,⟨TODO⟩,,,,,⟨TODO⟩,⟨TODO⟩,⟨TODO⟩,⟨TODO⟩,⟨TODO⟩,⟨TODO⟩,⟨TODO⟩,⟨TODO⟩,,
classmascot,B3R1,B,B3,R1,⟨TODO⟩,보기 좋아서 바로 제출한다,12,9,6,적응성;탐색력;통합적 사고;표현력,,,,80,A,,부분 위임 →직접쪽,,⟨TODO⟩,수정은 했지만 반응 확인이 약하다. 보기 좋은 결과에서 멈춰 우리 반을 대표하는 이유는 충분히 확인하지 않았다.,⟨TODO⟩,true,융합하기,통합적 사고,탐색력;표현력,,,6,⟨TODO⟩,⟨TODO⟩,,,,,⟨TODO⟩,⟨TODO⟩,⟨TODO⟩,⟨TODO⟩,⟨TODO⟩,⟨TODO⟩,⟨TODO⟩,⟨TODO⟩,,
classmascot,B3R2,B,B3,R2,⟨TODO⟩,친구들이 보고 '우리 반 캐릭터다'라고 느낄지 생각한다,15,12,7,적응성;탐색력;통합적 사고;표현력;검토력,,,,88,A,,부분 위임 →직접쪽,,⟨TODO⟩,내 수정과 친구 반응을 함께 봅니다. 친구들이 우리 반 캐릭터로 느낄지 생각하며 부족한 단서를 찾아보았다.,⟨TODO⟩,true,융합하기,통합적 사고,탐색력;표현력;검토력,,,7,⟨TODO⟩,⟨TODO⟩,,,,,⟨TODO⟩,⟨TODO⟩,⟨TODO⟩,⟨TODO⟩,⟨TODO⟩,⟨TODO⟩,⟨TODO⟩,⟨TODO⟩,,
classmascot,B3R3,B,B3,R3,⟨TODO⟩,내가 중점을 둔 것과 AI가 도운 부분을 설명할 수 있는지 본다,20,16,7,적응성;탐색력;통합적 사고;표현력;검토력,,,,92,S,,부분 위임 →직접쪽,,⟨TODO⟩,AI 초안과 내 수정 역할 설명한다. 내가 정한 부분과 AI가 도운 부분을 나누어 설명해 보았다.,⟨TODO⟩,true,융합하기,통합적 사고,탐색력;표현력;검토력,,,7,⟨TODO⟩,⟨TODO⟩,,,,,⟨TODO⟩,⟨TODO⟩,⟨TODO⟩,⟨TODO⟩,⟨TODO⟩,⟨TODO⟩,⟨TODO⟩,⟨TODO⟩,,
classmascot,C1R1,C,C1,R1,⟨TODO⟩,보기 좋아서 바로 제출한다,5,3,4,,,,,50,C,,전체 위임 →위임쪽,,⟨TODO⟩,AI 그림 그대로라 내 기준이 없다. 보기 좋은 결과에서 멈춰 우리 반을 대표하는 이유는 충분히 확인하지 않았다.,⟨TODO⟩,false,,,,,,4,⟨TODO⟩,⟨TODO⟩,,,,,⟨TODO⟩,⟨TODO⟩,⟨TODO⟩,⟨TODO⟩,⟨TODO⟩,⟨TODO⟩,⟨TODO⟩,⟨TODO⟩,,
classmascot,C1R2,C,C1,R2,⟨TODO⟩,친구들이 보고 '우리 반 캐릭터다'라고 느낄지 생각한다,8,6,4,검토력,,,,56,C,,전체 위임 →위임쪽,,⟨TODO⟩,친구 반응은 보나 AI 직행에 가까움. 친구들이 우리 반 캐릭터로 느낄지 생각하며 부족한 단서를 찾아보았다.,⟨TODO⟩,true,,,검토력,,,4,⟨TODO⟩,⟨TODO⟩,,,,,⟨TODO⟩,⟨TODO⟩,⟨TODO⟩,⟨TODO⟩,⟨TODO⟩,⟨TODO⟩,⟨TODO⟩,⟨TODO⟩,,
classmascot,C1R3,C,C1,R3,⟨TODO⟩,내가 중점을 둔 것과 AI가 도운 부분을 설명할 수 있는지 본다,13,10,4,검토력,,,,58,C,,전체 위임 →위임쪽,,⟨TODO⟩,내가 정한 것이 거의 없다. 내가 정한 부분과 AI가 도운 부분을 나누어 설명해 보았다.,⟨TODO⟩,true,,,검토력,,,4,⟨TODO⟩,⟨TODO⟩,,,,,⟨TODO⟩,⟨TODO⟩,⟨TODO⟩,⟨TODO⟩,⟨TODO⟩,⟨TODO⟩,⟨TODO⟩,⟨TODO⟩,,
classmascot,C2R1,C,C2,R1,⟨TODO⟩,보기 좋아서 바로 제출한다,8,6,4,성찰적 사고;검토력,,,,56,C,,전체 위임 →성찰,,⟨TODO⟩,애매함 느끼고도 그대로 냅니다. 보기 좋은 결과에서 멈춰 우리 반을 대표하는 이유는 충분히 확인하지 않았다.,⟨TODO⟩,true,성찰하기,성찰적 사고,검토력,,,4,⟨TODO⟩,⟨TODO⟩,,,,,⟨TODO⟩,⟨TODO⟩,⟨TODO⟩,⟨TODO⟩,⟨TODO⟩,⟨TODO⟩,⟨TODO⟩,⟨TODO⟩,,
classmascot,C2R2,C,C2,R2,⟨TODO⟩,친구들이 보고 '우리 반 캐릭터다'라고 느낄지 생각한다,11,9,5,성찰적 사고;검토력,,,,64,B,,전체 위임 →성찰,,⟨TODO⟩,친구 반응으로 부족함을 봅니다. 친구들이 우리 반 캐릭터로 느낄지 생각하며 부족한 단서를 찾아보았다.,⟨TODO⟩,true,성찰하기,성찰적 사고,검토력;검토력,,,5,⟨TODO⟩,⟨TODO⟩,,,,,⟨TODO⟩,⟨TODO⟩,⟨TODO⟩,⟨TODO⟩,⟨TODO⟩,⟨TODO⟩,⟨TODO⟩,⟨TODO⟩,,
classmascot,C2R3,C,C2,R3,⟨TODO⟩,내가 중점을 둔 것과 AI가 도운 부분을 설명할 수 있는지 본다,16,13,5,성찰적 사고;검토력,,,,66,B,,전체 위임 →성찰,,⟨TODO⟩,우리 반 이야기가 부족함을 확인한다. 내가 정한 부분과 AI가 도운 부분을 나누어 설명해 보았다.,⟨TODO⟩,true,성찰하기,성찰적 사고,검토력;검토력,,,5,⟨TODO⟩,⟨TODO⟩,,,,,⟨TODO⟩,⟨TODO⟩,⟨TODO⟩,⟨TODO⟩,⟨TODO⟩,⟨TODO⟩,⟨TODO⟩,⟨TODO⟩,,
classmascot,C3R1,C,C3,R1,⟨TODO⟩,보기 좋아서 바로 제출한다,14,11,5,적응성;탐색력,,,,62,B,,전체 위임 →회복,,⟨TODO⟩,단서는 넣었지만 과정 설명 약하다. 보기 좋은 결과에서 멈춰 우리 반을 대표하는 이유는 충분히 확인하지 않았다.,⟨TODO⟩,true,중심잡기,적응성,탐색력,,,5,⟨TODO⟩,⟨TODO⟩,,,,,⟨TODO⟩,⟨TODO⟩,⟨TODO⟩,⟨TODO⟩,⟨TODO⟩,⟨TODO⟩,⟨TODO⟩,⟨TODO⟩,,
classmascot,C3R2,C,C3,R2,⟨TODO⟩,친구들이 보고 '우리 반 캐릭터다'라고 느낄지 생각한다,17,14,6,적응성;탐색력;검토력,,,,72,B,,전체 위임 →회복,,⟨TODO⟩,우리 반 이야기와 친구 반응을 다시 넣음. 친구들이 우리 반 캐릭터로 느낄지 생각하며 부족한 단서를 찾아보았다.,⟨TODO⟩,true,중심잡기,적응성,탐색력;검토력,,,6,⟨TODO⟩,⟨TODO⟩,,,,,⟨TODO⟩,⟨TODO⟩,⟨TODO⟩,⟨TODO⟩,⟨TODO⟩,⟨TODO⟩,⟨TODO⟩,⟨TODO⟩,,
classmascot,C3R3,C,C3,R3,⟨TODO⟩,내가 중점을 둔 것과 AI가 도운 부분을 설명할 수 있는지 본다,22,18,6,적응성;탐색력;검토력,,,,76,A,,전체 위임 →회복,,⟨TODO⟩,AI 결과에 내 역할을 일부 설명한다. 내가 정한 부분과 AI가 도운 부분을 나누어 설명해 보았다.,⟨TODO⟩,true,중심잡기,적응성,탐색력;검토력,,,6,⟨TODO⟩,⟨TODO⟩,,,,,⟨TODO⟩,⟨TODO⟩,⟨TODO⟩,⟨TODO⟩,⟨TODO⟩,⟨TODO⟩,⟨TODO⟩,⟨TODO⟩,,
historycheck,A1R1,A,A1,R1,⟨TODO⟩,재미있어서 바로 카드에 넣는다,10,8,5,주체성;탐색력;호기심,,,,70,B,,내가 직접,,⟨TODO⟩,첫 글만 보고 출처 확인이 약하다. 재미있다는 이유로 바로 넣어 사실인지 확인하는 과정이 부족하다.,⟨TODO⟩,true,중심잡기,호기심,탐색력;탐색력,,,5,⟨TODO⟩,⟨TODO⟩,,,,,⟨TODO⟩,⟨TODO⟩,⟨TODO⟩,⟨TODO⟩,⟨TODO⟩,⟨TODO⟩,⟨TODO⟩,⟨TODO⟩,,
historycheck,A1R2,A,A1,R2,⟨TODO⟩,"뉴스, 블로그, 백과사전 중 2가지 이상에서 같은 핵심 단서가 보이는지 본다",16,13,6,주체성;탐색력;호기심;자료판단력,,,,78,A,,내가 직접,,⟨TODO⟩,첫 글에서 핵심 단서 일부 확인한다. 두 가지 이상 자료에서 같은 단서가 보이는지 찾아보며 내용을 고쳤다.,⟨TODO⟩,true,중심잡기,호기심,탐색력;탐색력;자료판단력,,,6,⟨TODO⟩,⟨TODO⟩,,,,,⟨TODO⟩,⟨TODO⟩,⟨TODO⟩,⟨TODO⟩,⟨TODO⟩,⟨TODO⟩,⟨TODO⟩,⟨TODO⟩,,
historycheck,A1R3,A,A1,R3,⟨TODO⟩,"믿을 만한 자료를 보고, 한국사 수업과 어떻게 이어지는지 적는다",20,16,7,주체성;탐색력;호기심;학습력,,,,84,A,,내가 직접,,⟨TODO⟩,자료와 수업 연결로 보완한다. 믿을 만한 자료와 수업 내용을 연결해 왜 이 사례를 넣는지 설명했다.,⟨TODO⟩,true,중심잡기,호기심,탐색력;탐색력;학습력,,,7,⟨TODO⟩,⟨TODO⟩,,,,,⟨TODO⟩,⟨TODO⟩,⟨TODO⟩,⟨TODO⟩,⟨TODO⟩,⟨TODO⟩,⟨TODO⟩,⟨TODO⟩,,
historycheck,A2R1,A,A2,R1,⟨TODO⟩,재미있어서 바로 카드에 넣는다,18,15,6,주체성;탐색력;비판적 사고;자료판단력,,,,82,A,,내가 직접,,⟨TODO⟩,여러 결과 봤지만 판단 성급한다. 재미있다는 이유로 바로 넣어 사실인지 확인하는 과정이 부족하다.,⟨TODO⟩,true,성찰하기,비판적 사고,탐색력;자료판단력,,,6,⟨TODO⟩,⟨TODO⟩,,,,,⟨TODO⟩,⟨TODO⟩,⟨TODO⟩,⟨TODO⟩,⟨TODO⟩,⟨TODO⟩,⟨TODO⟩,⟨TODO⟩,,
historycheck,A2R2,A,A2,R2,⟨TODO⟩,"뉴스, 블로그, 백과사전 중 2가지 이상에서 같은 핵심 단서가 보이는지 본다",24,20,7,주체성;탐색력;비판적 사고;자료판단력,,,,90,S,,내가 직접,,⟨TODO⟩,여러 자료의 핵심 단서 비교한다. 두 가지 이상 자료에서 같은 단서가 보이는지 찾아보며 내용을 고쳤다.,⟨TODO⟩,true,성찰하기,비판적 사고,탐색력;자료판단력;자료판단력,,,7,⟨TODO⟩,⟨TODO⟩,,,,,⟨TODO⟩,⟨TODO⟩,⟨TODO⟩,⟨TODO⟩,⟨TODO⟩,⟨TODO⟩,⟨TODO⟩,⟨TODO⟩,,
historycheck,A2R3,A,A2,R3,⟨TODO⟩,"믿을 만한 자료를 보고, 한국사 수업과 어떻게 이어지는지 적는다",28,23,8,주체성;탐색력;비판적 사고;자료판단력;학습력,,,,96,S,,내가 직접,,⟨TODO⟩,자료 비교와 수업 연결이 좋다. 믿을 만한 자료와 수업 내용을 연결해 왜 이 사례를 넣는지 설명했다.,⟨TODO⟩,true,성찰하기,비판적 사고,탐색력;자료판단력;학습력,,,8,⟨TODO⟩,⟨TODO⟩,,,,,⟨TODO⟩,⟨TODO⟩,⟨TODO⟩,⟨TODO⟩,⟨TODO⟩,⟨TODO⟩,⟨TODO⟩,⟨TODO⟩,,
historycheck,A3R1,A,A3,R1,⟨TODO⟩,재미있어서 바로 카드에 넣는다,16,13,6,주체성;탐색력;호기심,,,,80,A,,내가 직접,,⟨TODO⟩,검색어 넓혔지만 제출 성급한다. 재미있다는 이유로 바로 넣어 사실인지 확인하는 과정이 부족하다.,⟨TODO⟩,true,중심잡기,호기심,탐색력;탐색력,,,6,⟨TODO⟩,⟨TODO⟩,,,,,⟨TODO⟩,⟨TODO⟩,⟨TODO⟩,⟨TODO⟩,⟨TODO⟩,⟨TODO⟩,⟨TODO⟩,⟨TODO⟩,,
historycheck,A3R2,A,A3,R2,⟨TODO⟩,"뉴스, 블로그, 백과사전 중 2가지 이상에서 같은 핵심 단서가 보이는지 본다",22,18,7,주체성;탐색력;호기심;자료판단력,,,,88,A,,내가 직접,,⟨TODO⟩,검색어 바꾸고 일부 확인한다. 두 가지 이상 자료에서 같은 단서가 보이는지 찾아보며 내용을 고쳤다.,⟨TODO⟩,true,중심잡기,호기심,탐색력;탐색력;자료판단력,,,7,⟨TODO⟩,⟨TODO⟩,,,,,⟨TODO⟩,⟨TODO⟩,⟨TODO⟩,⟨TODO⟩,⟨TODO⟩,⟨TODO⟩,⟨TODO⟩,⟨TODO⟩,,
historycheck,A3R3,A,A3,R3,⟨TODO⟩,"믿을 만한 자료를 보고, 한국사 수업과 어떻게 이어지는지 적는다",26,21,7,주체성;탐색력;호기심;학습력,,,,94,S,,내가 직접,,⟨TODO⟩,"검색, 확인, 연결이 함께 잡힙니다. 믿을 만한 자료와 수업 내용을 연결해 왜 이 사례를 넣는지 설명했다.",⟨TODO⟩,true,중심잡기,호기심,탐색력;탐색력;학습력,,,7,⟨TODO⟩,⟨TODO⟩,,,,,⟨TODO⟩,⟨TODO⟩,⟨TODO⟩,⟨TODO⟩,⟨TODO⟩,⟨TODO⟩,⟨TODO⟩,⟨TODO⟩,,
historycheck,B1R1,B,B1,R1,⟨TODO⟩,재미있어서 바로 카드에 넣는다,6,4,5,적응성;탐색력,,,,62,B,,부분 위임 →위임쪽,,⟨TODO⟩,AI에게 다시 묻기만 해 약하다. 재미있다는 이유로 바로 넣어 사실인지 확인하는 과정이 부족하다.,⟨TODO⟩,true,중심잡기,적응성,탐색력,,,5,⟨TODO⟩,⟨TODO⟩,,,,,⟨TODO⟩,⟨TODO⟩,⟨TODO⟩,⟨TODO⟩,⟨TODO⟩,⟨TODO⟩,⟨TODO⟩,⟨TODO⟩,,
historycheck,B1R2,B,B1,R2,⟨TODO⟩,"뉴스, 블로그, 백과사전 중 2가지 이상에서 같은 핵심 단서가 보이는지 본다",12,9,6,적응성;탐색력;자료판단력,,,,72,B,,부분 위임 →위임쪽,,⟨TODO⟩,AI 답에서 벗어나 일부 검색한다. 두 가지 이상 자료에서 같은 단서가 보이는지 찾아보며 내용을 고쳤다.,⟨TODO⟩,true,중심잡기,적응성,탐색력;자료판단력,,,6,⟨TODO⟩,⟨TODO⟩,,,,,⟨TODO⟩,⟨TODO⟩,⟨TODO⟩,⟨TODO⟩,⟨TODO⟩,⟨TODO⟩,⟨TODO⟩,⟨TODO⟩,,
historycheck,B1R3,B,B1,R3,⟨TODO⟩,"믿을 만한 자료를 보고, 한국사 수업과 어떻게 이어지는지 적는다",16,12,6,적응성;탐색력;학습력,,,,82,A,,부분 위임 →위임쪽,,⟨TODO⟩,마지막 검증으로 보완한다. 믿을 만한 자료와 수업 내용을 연결해 왜 이 사례를 넣는지 설명했다.,⟨TODO⟩,true,중심잡기,적응성,탐색력;학습력,,,6,⟨TODO⟩,⟨TODO⟩,,,,,⟨TODO⟩,⟨TODO⟩,⟨TODO⟩,⟨TODO⟩,⟨TODO⟩,⟨TODO⟩,⟨TODO⟩,⟨TODO⟩,,
historycheck,B2R1,B,B2,R1,⟨TODO⟩,재미있어서 바로 카드에 넣는다,10,7,6,적응성;탐색력;통합적 사고,,,,78,A,,부분 위임 →직접쪽,,⟨TODO⟩,검색어만 잡고 확인은 부족하다. 재미있다는 이유로 바로 넣어 사실인지 확인하는 과정이 부족하다.,⟨TODO⟩,true,융합하기,통합적 사고,탐색력;탐색력,,,6,⟨TODO⟩,⟨TODO⟩,,,,,⟨TODO⟩,⟨TODO⟩,⟨TODO⟩,⟨TODO⟩,⟨TODO⟩,⟨TODO⟩,⟨TODO⟩,⟨TODO⟩,,
historycheck,B2R2,B,B2,R2,⟨TODO⟩,"뉴스, 블로그, 백과사전 중 2가지 이상에서 같은 핵심 단서가 보이는지 본다",16,12,7,적응성;탐색력;통합적 사고;자료판단력,,,,86,A,,부분 위임 →직접쪽,,⟨TODO⟩,AI 단서로 사실 확인 시작한다. 두 가지 이상 자료에서 같은 단서가 보이는지 찾아보며 내용을 고쳤다.,⟨TODO⟩,true,융합하기,통합적 사고,탐색력;탐색력;자료판단력,,,7,⟨TODO⟩,⟨TODO⟩,,,,,⟨TODO⟩,⟨TODO⟩,⟨TODO⟩,⟨TODO⟩,⟨TODO⟩,⟨TODO⟩,⟨TODO⟩,⟨TODO⟩,,
historycheck,B2R3,B,B2,R3,⟨TODO⟩,"믿을 만한 자료를 보고, 한국사 수업과 어떻게 이어지는지 적는다",20,15,7,적응성;탐색력;통합적 사고;학습력,,,,92,S,,부분 위임 →직접쪽,,⟨TODO⟩,AI 단서를 자료 비교로 연결한다. 믿을 만한 자료와 수업 내용을 연결해 왜 이 사례를 넣는지 설명했다.,⟨TODO⟩,true,융합하기,통합적 사고,탐색력;탐색력;학습력,,,7,⟨TODO⟩,⟨TODO⟩,,,,,⟨TODO⟩,⟨TODO⟩,⟨TODO⟩,⟨TODO⟩,⟨TODO⟩,⟨TODO⟩,⟨TODO⟩,⟨TODO⟩,,
historycheck,B3R1,B,B3,R1,⟨TODO⟩,재미있어서 바로 카드에 넣는다,16,13,7,적응성;탐색력;통합적 사고;자료판단력,,,,84,A,,부분 위임 →직접쪽,,⟨TODO⟩,자료 찾고도 AI 정리에 기대고 있다. 재미있다는 이유로 바로 넣어 사실인지 확인하는 과정이 부족하다.,⟨TODO⟩,true,융합하기,통합적 사고,탐색력;자료판단력,,,7,⟨TODO⟩,⟨TODO⟩,,,,,⟨TODO⟩,⟨TODO⟩,⟨TODO⟩,⟨TODO⟩,⟨TODO⟩,⟨TODO⟩,⟨TODO⟩,⟨TODO⟩,,
historycheck,B3R2,B,B3,R2,⟨TODO⟩,"뉴스, 블로그, 백과사전 중 2가지 이상에서 같은 핵심 단서가 보이는지 본다",22,18,7,적응성;탐색력;통합적 사고;자료판단력,,,,92,S,,부분 위임 →직접쪽,,⟨TODO⟩,AI 단서와 자료를 일부 비교한다. 두 가지 이상 자료에서 같은 단서가 보이는지 찾아보며 내용을 고쳤다.,⟨TODO⟩,true,융합하기,통합적 사고,탐색력;자료판단력;자료판단력,,,7,⟨TODO⟩,⟨TODO⟩,,,,,⟨TODO⟩,⟨TODO⟩,⟨TODO⟩,⟨TODO⟩,⟨TODO⟩,⟨TODO⟩,⟨TODO⟩,⟨TODO⟩,,
historycheck,B3R3,B,B3,R3,⟨TODO⟩,"믿을 만한 자료를 보고, 한국사 수업과 어떻게 이어지는지 적는다",26,21,7,적응성;탐색력;통합적 사고;자료판단력;학습력,,,,94,S,,부분 위임 →직접쪽,,⟨TODO⟩,AI 단서와 출처 확인을 연결한다. 믿을 만한 자료와 수업 내용을 연결해 왜 이 사례를 넣는지 설명했다.,⟨TODO⟩,true,융합하기,통합적 사고,탐색력;자료판단력;학습력,,,7,⟨TODO⟩,⟨TODO⟩,,,,,⟨TODO⟩,⟨TODO⟩,⟨TODO⟩,⟨TODO⟩,⟨TODO⟩,⟨TODO⟩,⟨TODO⟩,⟨TODO⟩,,
historycheck,C1R1,C,C1,R1,⟨TODO⟩,재미있어서 바로 카드에 넣는다,5,3,4,,,,,50,C,,전체 위임 →위임쪽,,⟨TODO⟩,신기함만 보고 써 오류 위험이 크다. 재미있다는 이유로 바로 넣어 사실인지 확인하는 과정이 부족하다.,⟨TODO⟩,false,,,,,,4,⟨TODO⟩,⟨TODO⟩,,,,,⟨TODO⟩,⟨TODO⟩,⟨TODO⟩,⟨TODO⟩,⟨TODO⟩,⟨TODO⟩,⟨TODO⟩,⟨TODO⟩,,
historycheck,C1R2,C,C1,R2,⟨TODO⟩,"뉴스, 블로그, 백과사전 중 2가지 이상에서 같은 핵심 단서가 보이는지 본다",11,8,4,자료판단력,,,,58,C,,전체 위임 →위임쪽,,⟨TODO⟩,재미에서 최소 확인으로 이동한다. 두 가지 이상 자료에서 같은 단서가 보이는지 찾아보며 내용을 고쳤다.,⟨TODO⟩,true,,,자료판단력,,,4,⟨TODO⟩,⟨TODO⟩,,,,,⟨TODO⟩,⟨TODO⟩,⟨TODO⟩,⟨TODO⟩,⟨TODO⟩,⟨TODO⟩,⟨TODO⟩,⟨TODO⟩,,
historycheck,C1R3,C,C1,R3,⟨TODO⟩,"믿을 만한 자료를 보고, 한국사 수업과 어떻게 이어지는지 적는다",15,11,5,학습력,,,,66,B,,전체 위임 →위임쪽,,⟨TODO⟩,그대로 쓰려던 내용 보완한다. 믿을 만한 자료와 수업 내용을 연결해 왜 이 사례를 넣는지 설명했다.,⟨TODO⟩,true,,,학습력,,,5,⟨TODO⟩,⟨TODO⟩,,,,,⟨TODO⟩,⟨TODO⟩,⟨TODO⟩,⟨TODO⟩,⟨TODO⟩,⟨TODO⟩,⟨TODO⟩,⟨TODO⟩,,
historycheck,C2R1,C,C2,R1,⟨TODO⟩,재미있어서 바로 카드에 넣는다,8,6,4,성찰적 사고;분석력,,,,56,C,,전체 위임 →성찰,,⟨TODO⟩,찜찜하지만 그대로라 위험한다. 재미있다는 이유로 바로 넣어 사실인지 확인하는 과정이 부족하다.,⟨TODO⟩,true,성찰하기,성찰적 사고,분석력,,,4,⟨TODO⟩,⟨TODO⟩,,,,,⟨TODO⟩,⟨TODO⟩,⟨TODO⟩,⟨TODO⟩,⟨TODO⟩,⟨TODO⟩,⟨TODO⟩,⟨TODO⟩,,
historycheck,C2R2,C,C2,R2,⟨TODO⟩,"뉴스, 블로그, 백과사전 중 2가지 이상에서 같은 핵심 단서가 보이는지 본다",14,11,5,성찰적 사고;분석력;자료판단력,,,,68,B,,전체 위임 →성찰,,⟨TODO⟩,신기함에서 사실 확인으로 이동한다. 두 가지 이상 자료에서 같은 단서가 보이는지 찾아보며 내용을 고쳤다.,⟨TODO⟩,true,성찰하기,성찰적 사고,분석력;자료판단력,,,5,⟨TODO⟩,⟨TODO⟩,,,,,⟨TODO⟩,⟨TODO⟩,⟨TODO⟩,⟨TODO⟩,⟨TODO⟩,⟨TODO⟩,⟨TODO⟩,⟨TODO⟩,,
historycheck,C2R3,C,C2,R3,⟨TODO⟩,"믿을 만한 자료를 보고, 한국사 수업과 어떻게 이어지는지 적는다",18,14,6,성찰적 사고;분석력;학습력,,,,76,A,,전체 위임 →성찰,,⟨TODO⟩,의심을 자료 확인으로 연결한다. 믿을 만한 자료와 수업 내용을 연결해 왜 이 사례를 넣는지 설명했다.,⟨TODO⟩,true,성찰하기,성찰적 사고,분석력;학습력,,,6,⟨TODO⟩,⟨TODO⟩,,,,,⟨TODO⟩,⟨TODO⟩,⟨TODO⟩,⟨TODO⟩,⟨TODO⟩,⟨TODO⟩,⟨TODO⟩,⟨TODO⟩,,
historycheck,C3R1,C,C3,R1,⟨TODO⟩,재미있어서 바로 카드에 넣는다,14,11,5,적응성;자료판단력,,,,64,B,,전체 위임 →회복,,⟨TODO⟩,검색했지만 판단은 약하다. 재미있다는 이유로 바로 넣어 사실인지 확인하는 과정이 부족하다.,⟨TODO⟩,true,중심잡기,적응성,자료판단력,,,5,⟨TODO⟩,⟨TODO⟩,,,,,⟨TODO⟩,⟨TODO⟩,⟨TODO⟩,⟨TODO⟩,⟨TODO⟩,⟨TODO⟩,⟨TODO⟩,⟨TODO⟩,,
historycheck,C3R2,C,C3,R2,⟨TODO⟩,"뉴스, 블로그, 백과사전 중 2가지 이상에서 같은 핵심 단서가 보이는지 본다",20,16,6,적응성;자료판단력,,,,72,B,,전체 위임 →회복,,⟨TODO⟩,실제 여부를 일부 확인한다. 두 가지 이상 자료에서 같은 단서가 보이는지 찾아보며 내용을 고쳤다.,⟨TODO⟩,true,중심잡기,적응성,자료판단력;자료판단력,,,6,⟨TODO⟩,⟨TODO⟩,,,,,⟨TODO⟩,⟨TODO⟩,⟨TODO⟩,⟨TODO⟩,⟨TODO⟩,⟨TODO⟩,⟨TODO⟩,⟨TODO⟩,,
historycheck,C3R3,C,C3,R3,⟨TODO⟩,"믿을 만한 자료를 보고, 한국사 수업과 어떻게 이어지는지 적는다",24,19,6,적응성;자료판단력;학습력,,,,82,A,,전체 위임 →회복,,⟨TODO⟩,자료 확인과 과제 의미를 회복한다. 믿을 만한 자료와 수업 내용을 연결해 왜 이 사례를 넣는지 설명했다.,⟨TODO⟩,true,중심잡기,적응성,자료판단력;학습력,,,6,⟨TODO⟩,⟨TODO⟩,,,,,⟨TODO⟩,⟨TODO⟩,⟨TODO⟩,⟨TODO⟩,⟨TODO⟩,⟨TODO⟩,⟨TODO⟩,⟨TODO⟩,,
