시나리오 ID,시나리오 타이틀,상황,시나리오 의도,시나리오 메시지,tier2 좌표,1차 선택,1차 의도,1차 메시지,1차 시간비용,1차 에너지비용,1차 위임판단력 변화,1차 도메인지식 변화,tier1 베이스,tier1 변수,더 자세히 선택,더 자세히 의도,더 자세히 메시지,더 자세히 시간비용,더 자세히 에너지비용,더 자세히 위임판단력 변화,더 자세히 도메인지식 변화,tier2 베이스,tier2 변수,매칭 그룹 (matchGroups),R1 검토,R1 학생 narrative,R1 시간비용,R1 에너지비용,R1 위임판단력 변화,R1 도메인지식 변화,R1 review 점수,R1 합산 점수,R1 직접 매칭 카드,R1 직접 매칭 보너스,R1 획득 카드 목록,R1 EXP,R1 [검수·코드미사용] finals.score,R1 [검수] finals.grade,R2 검토,R2 학생 narrative,R2 시간비용,R2 에너지비용,R2 위임판단력 변화,R2 도메인지식 변화,R2 review 점수,R2 합산 점수,R2 직접 매칭 카드,R2 직접 매칭 보너스,R2 획득 카드 목록,R2 EXP,R2 [검수·코드미사용] finals.score,R2 [검수] finals.grade,R3 검토,R3 학생 narrative,R3 시간비용,R3 에너지비용,R3 위임판단력 변화,R3 도메인지식 변화,R3 review 점수,R3 합산 점수,R3 직접 매칭 카드,R3 직접 매칭 보너스,R3 획득 카드 목록,R3 EXP,R3 [검수·코드미사용] finals.score,R3 [검수] finals.grade
selfintro,자기소개 글,"새 학기 첫날, 선생님이 반 게시판에 붙일 자기소개 글을 내일 아침까지 써 오라고 하셨다. 100자에서 200자 정도면 되고, 좋아하는 것, 기억나는 일, 올해 해 보고 싶은 일을 넣으면 된다고 했다. 집에 와서 빈 종이를 보니 뭘 써야 할지 바로 떠오르지는 않았다.",자기 자리에서 시작해야 할 글에 AI를 어떻게 쓸지 가르는 첫 회기. 자기지식·자기검증 자리.,AI가 쓴 자기소개에는 내가 말하지 않은 내가 섞일 수 있다.,A1,A. 직접 쓴다,내 손으로 직접 했다 — 자기 일은 자기가 한다.,내 추억과 관심사를 떠올려서 내 말로 쓴다.,25,20,+,+,20,8,A1. 추억과 관심사를 정리해 자기 말로 쓴다,내 경험을 들여다봤다 — 자기 안에서 글이 나온다.,초등학교 때 축구하다가 처음 골을 넣었던 일과 요즘 그림 그리는 걸 좋아한다는 말을 넣었다. 글은 조금 느리게 나왔지만 읽어 보니 내 얘기 같았다.,12,10,++,++,20,10,자기성찰,R1. 그대로 제출,떠올린 추억과 관심사를 자기 말로 묶어 그대로 냈다. 자기 자리가 글에 들어왔다.,2,1,++,++,10,68,,,"자기지식, 정리력",25,92,S,R2. 한 번 읽고 이상한 곳만 표시,한 번 읽으며 길어진 한 문장을 둘로 나눴다. 자기 글이 더 또렷해졌다.,5,4,++,++,20,78,,,"자기지식, 정리력, 검수능력",27,95,S,R3. 처음부터 다시 읽고 내 얘기인지 확인,처음부터 다시 읽고 올해 해 보고 싶은 일을 한 줄 더 넣었다. 자기 자리가 한 단계 깊어졌다.,15,11,++,++,30,88,자기지식,5,"자기지식, 정리력, 표현력, 자기검증",30,98,S
selfintro,자기소개 글,"새 학기 첫날, 선생님이 반 게시판에 붙일 자기소개 글을 내일 아침까지 써 오라고 하셨다. 100자에서 200자 정도면 되고, 좋아하는 것, 기억나는 일, 올해 해 보고 싶은 일을 넣으면 된다고 했다. 집에 와서 빈 종이를 보니 뭘 써야 할지 바로 떠오르지는 않았다.",자기 자리에서 시작해야 할 글에 AI를 어떻게 쓸지 가르는 첫 회기. 자기지식·자기검증 자리.,AI가 쓴 자기소개에는 내가 말하지 않은 내가 섞일 수 있다.,A2,A. 직접 쓴다,내 손으로 직접 했다 — 자기 일은 자기가 한다.,내 추억과 관심사를 떠올려서 내 말로 쓴다.,25,20,+,+,20,8,A2. 자기 말로 쓰다가 한두 표현만 AI에 다듬어 달라 한다,자기 글에 AI 손이 점만 닿았다 — 내용은 내 것이고 표현이 매끄러워졌다.,직접 자기 말로 쓰다가 한두 표현이 어색해서 AI에게 다듬어 달라 했다. 내 말투는 그대로인데 한두 문장이 매끄러워졌다.,6,6,+,+,20,7,자기성찰 / 표현·소통,R1. 그대로 제출,자기 말로 쓰다가 어색한 한두 표현만 AI에 다듬어 받았다. 내용은 자기 안에서 나왔다.,2,1,+,+,10,65,,,"자기지식, 표현력",18,70,A,R2. 한 번 읽고 이상한 곳만 표시,한 번 읽으며 AI가 바꾼 한 표현이 자기 말투와 달라 원래 말로 되돌렸다.,5,4,+,+,20,75,,,"자기지식, 표현력, 검수능력",20,75,A,R3. 처음부터 다시 읽고 내 얘기인지 확인,AI가 다듬은 문장과 처음 쓴 문장을 나란히 두고 자기 말투에 맞는 쪽을 골랐다.,15,11,+,++,30,85,,,"자기지식, 표현력, 검수능력, 자기검증",23,81,A
selfintro,자기소개 글,"새 학기 첫날, 선생님이 반 게시판에 붙일 자기소개 글을 내일 아침까지 써 오라고 하셨다. 100자에서 200자 정도면 되고, 좋아하는 것, 기억나는 일, 올해 해 보고 싶은 일을 넣으면 된다고 했다. 집에 와서 빈 종이를 보니 뭘 써야 할지 바로 떠오르지는 않았다.",자기 자리에서 시작해야 할 글에 AI를 어떻게 쓸지 가르는 첫 회기. 자기지식·자기검증 자리.,AI가 쓴 자기소개에는 내가 말하지 않은 내가 섞일 수 있다.,A3,A. 직접 쓴다,내 손으로 직접 했다 — 자기 일은 자기가 한다.,내 추억과 관심사를 떠올려서 내 말로 쓴다.,25,20,+,+,20,8,A3. 떠오르는 대로 쓰고 바로 끝낸다,떠오르는 대로 내보냈다 — 자기 안에서 끌어냈지만 정리 없이 나갔다.,생각나는 대로 쓰다 보니 문장이 길어졌다가 갑자기 끝났다. 농구 얘기도 있고 게임 얘기도 있는데 서로 잘 이어지지는 않았다.,2,1,0,+,20,3,자기성찰,R1. 그대로 제출,떠오르는 대로 적고 그대로 냈다. 자기 안에서 나왔지만 묶이지 않은 채 흩어졌다.,2,1,0,0,10,61,,,자기지식,12,48,C,R2. 한 번 읽고 이상한 곳만 표시,한 번 읽으며 갑자기 끝나는 문장을 찾아 한 줄을 덧붙였다.,3,3,0,0,20,71,,,"자기지식, 정리력",14,57,B,R3. 처음부터 다시 읽고 내 얘기인지 확인,흩어진 얘기 중 가장 쓰고 싶은 하나를 골라 글의 중심을 다시 잡았다.,13,10,0,+,30,81,자기성찰,5,"자기지식, 정리력, 자기성찰, 검수능력",17,65,B
selfintro,자기소개 글,"새 학기 첫날, 선생님이 반 게시판에 붙일 자기소개 글을 내일 아침까지 써 오라고 하셨다. 100자에서 200자 정도면 되고, 좋아하는 것, 기억나는 일, 올해 해 보고 싶은 일을 넣으면 된다고 했다. 집에 와서 빈 종이를 보니 뭘 써야 할지 바로 떠오르지는 않았다.",자기 자리에서 시작해야 할 글에 AI를 어떻게 쓸지 가르는 첫 회기. 자기지식·자기검증 자리.,AI가 쓴 자기소개에는 내가 말하지 않은 내가 섞일 수 있다.,B1,B. AI에게 부탁한다,AI에 위임했다 — 자기소개를 AI에 시킬 일인지 따져봐야 한다.,AI에게 정보를 주고 자기소개 글을 받아 본다.,6,5,-,-,20,4,B1. AI에게 이름만 주고 만들어 달라고 한다,AI에 다 맡겼다 — 내 빈자리를 가짜로 메운다.,AI가 내 이름을 넣어 반듯한 자기소개를 써 줬다. 그런데 글 안에는 내가 말한 적 없는 봉사활동과 독서 습관이 들어 있었다.,2,1,--,-,20,1,인식·해석,R1. 그대로 제출,이름만 주고 받은 AI 글을 그대로 냈다. 자기 자리에 자기가 없는 글이 들어갔다.,2,1,--,--,10,55,,,,8,15,D,R2. 한 번 읽고 이상한 곳만 표시,한 번 읽으며 한 적 없는 봉사활동 얘기를 발견하고 표시했다.,3,3,--,-,20,65,비판적 사고,5,,10,28,D,R3. 처음부터 다시 읽고 내 얘기인지 확인,자기가 말한 적 없는 내용을 모두 지우고 실제로 한 일만 남겼다.,13,10,--,0,30,75,,,,12,38,C
selfintro,자기소개 글,"새 학기 첫날, 선생님이 반 게시판에 붙일 자기소개 글을 내일 아침까지 써 오라고 하셨다. 100자에서 200자 정도면 되고, 좋아하는 것, 기억나는 일, 올해 해 보고 싶은 일을 넣으면 된다고 했다. 집에 와서 빈 종이를 보니 뭘 써야 할지 바로 떠오르지는 않았다.",자기 자리에서 시작해야 할 글에 AI를 어떻게 쓸지 가르는 첫 회기. 자기지식·자기검증 자리.,AI가 쓴 자기소개에는 내가 말하지 않은 내가 섞일 수 있다.,B2,B. AI에게 부탁한다,AI에 위임했다 — 자기소개를 AI에 시킬 일인지 따져봐야 한다.,AI에게 정보를 주고 자기소개 글을 받아 본다.,6,5,-,-,20,4,B2. 내 정보를 자세히 주고 AI 글을 받아 다듬는다,재료는 줬지만 글까지 맡겼다 — 말투가 내 것이 아니다.,"내가 좋아하는 것, 방학 때 있었던 일, 올해 해 보고 싶은 일을 AI에게 자세히 적어 줬다. 글은 깔끔했지만 몇 문장은 내 말투보다 너무 얌전했다.",4,8,0,0,20,5,인식·해석 / 표현·소통,R1. 그대로 제출,자기 정보를 자세히 주고 받은 AI 글을 다듬어 그대로 냈다. 글은 깔끔했지만 말투가 자기 것이 아니었다.,2,1,0,0,10,59,,,자기지식,7,57,B,R2. 한 번 읽고 이상한 곳만 표시,한 번 읽으며 너무 어른스럽게 들리는 한 문장을 자기 말투로 고쳤다.,5,4,0,+,20,69,,,"자기지식, 표현력, 검수능력",9,65,B,R3. 처음부터 다시 읽고 내 얘기인지 확인,AI가 정리한 글에 자기 말투와 실제 기억을 다시 넣었다.,15,11,0,+,30,79,표현력,5,"자기지식, 표현력, 검수능력, 자기검증",12,72,A
selfintro,자기소개 글,"새 학기 첫날, 선생님이 반 게시판에 붙일 자기소개 글을 내일 아침까지 써 오라고 하셨다. 100자에서 200자 정도면 되고, 좋아하는 것, 기억나는 일, 올해 해 보고 싶은 일을 넣으면 된다고 했다. 집에 와서 빈 종이를 보니 뭘 써야 할지 바로 떠오르지는 않았다.",자기 자리에서 시작해야 할 글에 AI를 어떻게 쓸지 가르는 첫 회기. 자기지식·자기검증 자리.,AI가 쓴 자기소개에는 내가 말하지 않은 내가 섞일 수 있다.,B3,B. AI에게 부탁한다,AI에 위임했다 — 자기소개를 AI에 시킬 일인지 따져봐야 한다.,AI에게 정보를 주고 자기소개 글을 받아 본다.,6,5,-,-,20,4,B3. 내가 먼저 자기소개를 쓰고 AI에게 표현 두세 개만 보여 달라 한다 — 내 말투에 맞는 것만 골라 쓴다,내 글이 중심이고 AI는 거들었다 — 표현만 받고 내 말투로 검수하면 글이 단단해진다.,"내가 먼저 자기소개를 쓰고 AI에게 어색한 표현 두세 개만 보여 달라 했다. 그중 내 말투에 맞는 것만 골라 썼더니, 내 얘기인데 더 매끄럽게 읽혔다.",6,16,++,++,20,10,인식·해석 / 표현·소통,R1. 그대로 제출,자기가 먼저 쓰고 AI 표현 두세 개 중 자기 말투에 맞는 것만 골라 썼다. 글의 무게는 자기 안에 있었다.,2,1,++,++,10,64,,,"자기지식, 표현력, 검수능력",10,88,S,R2. 한 번 읽고 이상한 곳만 표시,한 번 읽으며 AI가 바꾼 한 표현이 자기 말 같지 않아 다시 자기 말로 되돌렸다.,5,4,++,++,20,74,검수능력,5,"자기지식, 표현력, 검수능력, 비판적 사고",12,93,S,R3. 처음부터 다시 읽고 내 얘기인지 확인,처음 쓴 문장과 AI가 다듬은 문장을 비교해서 자기 말투에 맞는 것만 남겼다.,15,11,++,++,30,84,,,"자기지식, 표현력, 정리력, 검수능력, 자기검증",14,100,S
selfintro,자기소개 글,"새 학기 첫날, 선생님이 반 게시판에 붙일 자기소개 글을 내일 아침까지 써 오라고 하셨다. 100자에서 200자 정도면 되고, 좋아하는 것, 기억나는 일, 올해 해 보고 싶은 일을 넣으면 된다고 했다. 집에 와서 빈 종이를 보니 뭘 써야 할지 바로 떠오르지는 않았다.",자기 자리에서 시작해야 할 글에 AI를 어떻게 쓸지 가르는 첫 회기. 자기지식·자기검증 자리.,AI가 쓴 자기소개에는 내가 말하지 않은 내가 섞일 수 있다.,C1,C. 다른 사람·기성 자료에 기댄다,"다른 데서 가져왔다 — 적절히 골라 쓸 수도, 자기 자리를 비울 수도 있다.",친구 글이나 작년 내가 쓴 글에 기대서 풀어간다.,14,11,0,0,20,6,C1. 작년 자기소개를 다시 읽고 올해의 나를 처음부터 새로 쓴다,작년의 글이 거름이 되어 올해의 나를 자기 말로 자라게 했다 — 자기 자료를 적극 활용했다.,작년에 썼던 자기소개를 다시 읽으니 지금은 안 하는 취미와 새로 좋아하게 된 것이 또렷이 보였다. 작년 글을 거름 삼아 올해의 나로 처음부터 다시 썼다.,4,12,++,++,20,10,자기성찰 / 인식·해석,R1. 그대로 제출,작년 글을 다시 읽고 올해의 자기로 처음부터 새로 썼다. 작년의 자기가 거름이 되었다.,2,1,++,++,10,66,,,"자기지식, 정리력, 자기성찰",5,88,S,R2. 한 번 읽고 이상한 곳만 표시,한 번 읽으며 작년 글에서 가져온 한 문장이 지금의 자기와 어울리지 않아 빼냈다.,5,4,++,++,20,76,,,"자기지식, 정리력, 자기성찰, 비판적 사고",7,93,S,R3. 처음부터 다시 읽고 내 얘기인지 확인,작년 글을 다시 비추며 지금의 자기가 새로 더하고 싶은 한 문장을 넣었다.,15,11,++,++,30,86,자기검증,5,"자기지식, 정리력, 표현력, 자기성찰, 자기검증",10,100,S
selfintro,자기소개 글,"새 학기 첫날, 선생님이 반 게시판에 붙일 자기소개 글을 내일 아침까지 써 오라고 하셨다. 100자에서 200자 정도면 되고, 좋아하는 것, 기억나는 일, 올해 해 보고 싶은 일을 넣으면 된다고 했다. 집에 와서 빈 종이를 보니 뭘 써야 할지 바로 떠오르지는 않았다.",자기 자리에서 시작해야 할 글에 AI를 어떻게 쓸지 가르는 첫 회기. 자기지식·자기검증 자리.,AI가 쓴 자기소개에는 내가 말하지 않은 내가 섞일 수 있다.,C2,C. 다른 사람·기성 자료에 기댄다,"다른 데서 가져왔다 — 적절히 골라 쓸 수도, 자기 자리를 비울 수도 있다.",친구 글이나 작년 내가 쓴 글에 기대서 풀어간다.,14,11,0,0,20,6,C2. 친구 작년 자기소개를 가져와 이름만 바꿔 낸다,친구의 글이 내 자리에 들어왔다 — 친구의 자기소개는 내 것이 아니다.,친구가 작년에 쓴 자기소개를 그대로 가져와 이름만 바꿔 냈다. 친구가 좋아한다던 음악과 친구가 가고 싶다던 곳이 내 자리에 들어 있었다.,2,6,--,-,20,1,자기성찰 / 인식·해석,R1. 그대로 제출,친구 자기소개를 가져와 이름만 바꿔 냈다. 자기 자리에 친구가 들어왔다.,2,1,--,-,10,57,,,,3,22,D,R2. 한 번 읽고 이상한 곳만 표시,한 번 읽으며 친구가 좋아한다던 음악이 그대로 남아 있는 자리를 찾아냈다.,5,4,--,0,20,67,,,비판적 사고,5,32,D,R3. 처음부터 다시 읽고 내 얘기인지 확인,친구의 자기소개를 거의 다 지우고 자기 얘기로 다시 채웠다.,15,11,--,+,30,77,,,"자기지식, 정리력, 자기성찰, 자기검증",8,42,C
selfintro,자기소개 글,"새 학기 첫날, 선생님이 반 게시판에 붙일 자기소개 글을 내일 아침까지 써 오라고 하셨다. 100자에서 200자 정도면 되고, 좋아하는 것, 기억나는 일, 올해 해 보고 싶은 일을 넣으면 된다고 했다. 집에 와서 빈 종이를 보니 뭘 써야 할지 바로 떠오르지는 않았다.",자기 자리에서 시작해야 할 글에 AI를 어떻게 쓸지 가르는 첫 회기. 자기지식·자기검증 자리.,AI가 쓴 자기소개에는 내가 말하지 않은 내가 섞일 수 있다.,C3,C. 다른 사람·기성 자료에 기댄다,"다른 데서 가져왔다 — 적절히 골라 쓸 수도, 자기 자리를 비울 수도 있다.",친구 글이나 작년 내가 쓴 글에 기대서 풀어간다.,14,11,0,0,20,6,C3. 잘 부탁드립니다 한 줄만 적는다,한 줄만 적었다 — 자기소개를 건너뛰었다.,종이에 '안녕하세요. 잘 부탁드립니다.'라고만 적었다. 칸은 채웠지만 게시판에 붙으면 아무도 나를 알 수 없을 것 같았다.,2,1,--,-,20,1,자기성찰 / 인식·해석,R1. 그대로 제출,한 줄만 적고 그대로 냈다. 자기소개를 건너뛴 자리에 자기가 없었다.,2,1,--,--,10,57,,,,1,10,D,R2. 한 번 읽고 이상한 곳만 표시,한 번 읽어 보니 자기를 알려 주는 말이 거의 없다는 것이 보였다.,3,3,--,-,20,67,,,,2,21,D,R3. 처음부터 다시 읽고 내 얘기인지 확인,짧게라도 좋아하는 것과 올해 해 보고 싶은 일을 한 줄씩 더 적었다.,13,10,--,0,30,77,,,,4,30,D
groupwork,모둠 발표 자료,"학기 초 모둠 발표가 다음 주로 잡혔다. 우리 모둠은 4명이 각자 파트를 맡았고, 내가 맡은 일은 자료 조사와 슬라이드 3장 만들기였다. 다른 애들이 어떤 흐름으로 준비하는지 아직 잘 모르는데, 숙제도 있고 학원도 있어서 시간이 많지는 않았다.",팀 작업에서 역할 분담과 AI 활용을 함께 굴리는 회기. 협업·소통·발표 자리.,혼자 빨리 끝낸 발표 자료는 모둠 안에서 아직 맞춰진 자료가 아니다.,A1,A. 직접 조사해서 만든다,내 손으로 직접 했다 — 모둠 발표는 내가 이해해야 내 파트가 된다.,내가 자료를 찾고 모둠 발표에 맞게 슬라이드를 만든다.,25,20,+,+,20,8,A1. 자료를 찾고 모둠원과 공유한 뒤 슬라이드를 만든다,조사하고 모둠과 맞췄다 — 내 파트가 모둠 흐름 안에 자리 잡는다.,"자료 출처를 적어 두고, 모둠 채팅방에 내가 찾은 흐름을 먼저 공유했다. 슬라이드 3장은 조금 늦게 완성됐지만 다른 친구 파트와 이어지는 말이 생겼다.",12,10,++,++,20,10,표현·소통,R1. 그대로 제출,자료를 찾아 출처를 적고 모둠 채팅방에 흐름을 먼저 공유한 뒤 슬라이드를 만들어 그대로 냈다. 내 파트가 모둠 흐름 안에 자리 잡았다.,2,1,++,++,10,68,,,"협업능력, 소통능력, 자기검증",25,93,S,R2. 한 번 읽고 이상한 곳만 표시,한 번 읽으며 한 장 제목이 친구 파트와 겹친 자리를 찾아 다른 말로 바꿨다. 모둠 흐름이 더 또렷해졌다.,5,4,++,++,20,78,,,"협업능력, 소통능력, 자기검증, 비판적 사고",27,96,S,R3. 출처 확인 + 모둠 흐름 맞추기,출처와 발표 순서를 다시 확인하고 친구 파트로 넘어가는 한 줄을 넣었다. 모둠 안에서 내 파트가 한 단계 깊이 자리 잡았다.,15,11,++,++,30,88,협업능력,5,"협업능력, 소통능력, 발표력, 자기검증, 자기성찰",30,99,S
groupwork,모둠 발표 자료,"학기 초 모둠 발표가 다음 주로 잡혔다. 우리 모둠은 4명이 각자 파트를 맡았고, 내가 맡은 일은 자료 조사와 슬라이드 3장 만들기였다. 다른 애들이 어떤 흐름으로 준비하는지 아직 잘 모르는데, 숙제도 있고 학원도 있어서 시간이 많지는 않았다.",팀 작업에서 역할 분담과 AI 활용을 함께 굴리는 회기. 협업·소통·발표 자리.,혼자 빨리 끝낸 발표 자료는 모둠 안에서 아직 맞춰진 자료가 아니다.,A2,A. 직접 조사해서 만든다,내 손으로 직접 했다 — 모둠 발표는 내가 이해해야 내 파트가 된다.,내가 자료를 찾고 모둠 발표에 맞게 슬라이드를 만든다.,25,20,+,+,20,8,A2. 직접 자료를 찾아 슬라이드를 만들고 한 장 제목·표현만 AI에 다듬어 달라 한다,자기 슬라이드에 AI 손이 점만 닿았다 — 자료와 흐름은 내 것이고 표현이 매끄러워졌다.,"자료는 직접 찾아 출처까지 적었고, 마지막에 한 장 제목과 어색한 한 문장만 AI에 다듬어 달라 했다. 슬라이드는 내 흐름 그대로였고 표현 두 군데가 매끄러워졌다.",6,6,+,+,20,7,표현·소통,R1. 그대로 제출,자료는 직접 찾아 출처까지 적고 한 장 제목과 어색한 한 문장만 AI에 다듬어 받아 그대로 냈다. 자료와 흐름은 자기 안에서 나왔다.,2,1,+,+,10,65,,,"협업능력, 발표력",18,70,A,R2. 한 번 읽고 이상한 곳만 표시,한 번 읽으며 AI가 다듬은 한 표현이 자기 발표 말투와 달라 원래 말로 되돌렸다.,5,4,+,+,20,75,,,"협업능력, 발표력, 검수능력",20,75,A,R3. 출처 확인 + 모둠 흐름 맞추기,AI가 다듬은 문장과 처음 쓴 문장을 나란히 두고 자기 발표 말투에 맞는 쪽을 골랐다.,15,11,+,++,30,85,,,"협업능력, 발표력, 검수능력, 자기검증",23,81,A
groupwork,모둠 발표 자료,"학기 초 모둠 발표가 다음 주로 잡혔다. 우리 모둠은 4명이 각자 파트를 맡았고, 내가 맡은 일은 자료 조사와 슬라이드 3장 만들기였다. 다른 애들이 어떤 흐름으로 준비하는지 아직 잘 모르는데, 숙제도 있고 학원도 있어서 시간이 많지는 않았다.",팀 작업에서 역할 분담과 AI 활용을 함께 굴리는 회기. 협업·소통·발표 자리.,혼자 빨리 끝낸 발표 자료는 모둠 안에서 아직 맞춰진 자료가 아니다.,A3,A. 직접 조사해서 만든다,내 손으로 직접 했다 — 모둠 발표는 내가 이해해야 내 파트가 된다.,내가 자료를 찾고 모둠 발표에 맞게 슬라이드를 만든다.,25,20,+,+,20,8,A3. 자료를 살짝 보고 슬라이드를 만든다,얕게 보고 만들었다 — 슬라이드는 있지만 설명할 깊이가 없다.,검색해서 맨 위에 나온 글 몇 개를 보고 슬라이드를 만들었다. 제목과 그림은 들어갔지만 왜 이 자료를 골랐는지 설명하기가 애매했다.,2,1,0,+,20,3,표현·소통 / 자기성찰,R1. 그대로 제출,검색해서 맨 위에 나온 글 몇 개만 보고 슬라이드를 만들어 그대로 냈다. 겉모양은 갖췄지만 설명할 깊이가 없었다.,2,1,0,+,10,61,,,발표력,12,49,C,R2. 한 번 읽고 이상한 곳만 표시,한 번 읽으며 사진만 있고 설명이 없는 한 장을 찾아 한 줄을 덧붙였다.,3,3,0,+,20,71,,,"발표력, 검수능력",14,58,B,R3. 출처 확인 + 모둠 흐름 맞추기,자료 출처를 다시 찾고 왜 이 예시를 골랐는지 한 문장을 더해 발표 때 답할 수 있는 슬라이드로 다시 잡았다.,13,10,0,++,30,81,검수능력,5,"발표력, 검수능력, 자기성찰, 비판적 사고",17,66,B
groupwork,모둠 발표 자료,"학기 초 모둠 발표가 다음 주로 잡혔다. 우리 모둠은 4명이 각자 파트를 맡았고, 내가 맡은 일은 자료 조사와 슬라이드 3장 만들기였다. 다른 애들이 어떤 흐름으로 준비하는지 아직 잘 모르는데, 숙제도 있고 학원도 있어서 시간이 많지는 않았다.",팀 작업에서 역할 분담과 AI 활용을 함께 굴리는 회기. 협업·소통·발표 자리.,혼자 빨리 끝낸 발표 자료는 모둠 안에서 아직 맞춰진 자료가 아니다.,B1,B. AI에게 맡긴다,AI에 위임했다 — 모둠 자료에 AI를 어디까지 쓸지 따져봐야 한다.,AI에게 슬라이드 초안이나 정리를 부탁한다.,6,5,-,-,20,4,B1. AI에게 주제만 주고 슬라이드 3장을 만들어 달라고 한다,AI에 다 맡겼다 — 출처 없는 자료가 내 발표가 된다.,"AI가 바로 슬라이드 3장짜리 내용을 만들어 줬다. 통계 숫자와 멋진 문장이 들어 있었지만 출처가 없고, 책에 없는 말이 인용문처럼 적혀 있었다.",2,1,--,-,20,1,인식·해석,R1. 그대로 제출,AI에게 주제만 주고 받은 슬라이드 3장을 그대로 냈다. 통계 숫자와 멋진 문장이 있었지만 출처가 빈 자리였다.,2,1,--,-,10,55,,,,8,16,D,R2. 한 번 읽고 이상한 곳만 표시,한 번 읽으며 출처 없는 통계 숫자가 있는 자리를 발견하고 표시했다.,3,3,--,0,20,65,비판적 사고,5,,10,29,D,R3. 출처 확인 + 모둠 흐름 맞추기,통계와 인용을 다시 찾아 보고 책에 없는 문장과 모둠 주제와 안 맞는 자리를 지웠다.,13,10,--,+,30,75,,,,12,39,C
groupwork,모둠 발표 자료,"학기 초 모둠 발표가 다음 주로 잡혔다. 우리 모둠은 4명이 각자 파트를 맡았고, 내가 맡은 일은 자료 조사와 슬라이드 3장 만들기였다. 다른 애들이 어떤 흐름으로 준비하는지 아직 잘 모르는데, 숙제도 있고 학원도 있어서 시간이 많지는 않았다.",팀 작업에서 역할 분담과 AI 활용을 함께 굴리는 회기. 협업·소통·발표 자리.,혼자 빨리 끝낸 발표 자료는 모둠 안에서 아직 맞춰진 자료가 아니다.,B2,B. AI에게 맡긴다,AI에 위임했다 — 모둠 자료에 AI를 어디까지 쓸지 따져봐야 한다.,AI에게 슬라이드 초안이나 정리를 부탁한다.,6,5,-,-,20,4,B2. 내가 찾은 자료를 AI에게 주고 슬라이드 문장을 받아 다듬는다,재료는 줬지만 정리까지 맡겼다 — 모둠 흐름이 빠진 자료가 나온다.,내가 찾은 자료를 AI에게 넣고 슬라이드 문장을 받았다. 내용은 크게 틀리지 않았지만 모둠 친구들이 쓰는 말투와 발표 흐름과는 조금 달랐다.,4,8,0,0,20,5,인식·해석 / 표현·소통,R1. 그대로 제출,자기가 찾은 자료를 AI에 주고 받은 슬라이드 문장을 다듬어 그대로 냈다. 내용은 크게 틀리지 않았지만 모둠 발표 흐름과 따로 놀았다.,2,1,0,0,10,59,,,소통능력,7,58,B,R2. 한 번 읽고 이상한 곳만 표시,한 번 읽으며 발표 말투와 너무 다른 한 문장을 자기 말투로 고쳤다.,5,4,0,+,20,69,,,"소통능력, 검수능력, 비판적 사고",9,66,B,R3. 출처 확인 + 모둠 흐름 맞추기,AI가 정리한 문장에 자료 출처를 다시 붙이고 친구 파트와 이어지는 순서로 다시 잡았다.,15,11,0,+,30,79,,,"소통능력, 검수능력, 자기검증, 자기성찰",12,73,A
groupwork,모둠 발표 자료,"학기 초 모둠 발표가 다음 주로 잡혔다. 우리 모둠은 4명이 각자 파트를 맡았고, 내가 맡은 일은 자료 조사와 슬라이드 3장 만들기였다. 다른 애들이 어떤 흐름으로 준비하는지 아직 잘 모르는데, 숙제도 있고 학원도 있어서 시간이 많지는 않았다.",팀 작업에서 역할 분담과 AI 활용을 함께 굴리는 회기. 협업·소통·발표 자리.,혼자 빨리 끝낸 발표 자료는 모둠 안에서 아직 맞춰진 자료가 아니다.,B3,B. AI에게 맡긴다,AI에 위임했다 — 모둠 자료에 AI를 어디까지 쓸지 따져봐야 한다.,AI에게 슬라이드 초안이나 정리를 부탁한다.,6,5,-,-,20,4,B3. 내가 조사하고 출처를 적은 뒤 AI에게 정리만 부탁하고 끝까지 검수한다,자료와 출처는 내가 잡고 AI는 정리만 도왔다 — 자기 조사 위에 적절한 결합이 얹혔다.,"자료를 직접 찾아 출처를 정리한 뒤, AI에게 슬라이드 문장을 짧게 정리해 달라고 했다. 받아 본 문장은 출처와 흐름을 다시 확인하고, 모둠 채팅방에 공유해서 친구 파트와 이어지게 맞췄다.",6,16,++,++,20,10,인식·해석 / 표현·소통,R1. 그대로 제출,자료를 직접 찾아 출처를 정리한 뒤 AI에게 슬라이드 문장을 짧게 정리해 받아 그대로 냈다. 자기 조사 위에 AI 정리가 얹혔다.,2,1,++,++,10,64,,,"협업능력, 소통능력, 검수능력",10,88,S,R2. 한 번 읽고 이상한 곳만 표시,한 번 읽으며 AI가 줄인 문장에서 중요한 조건 하나가 빠진 자리를 찾아 다시 채웠다.,5,4,++,++,20,74,,,"협업능력, 소통능력, 검수능력, 비판적 사고",12,93,S,R3. 출처 확인 + 모둠 흐름 맞추기,"출처와 숫자, 발표 흐름을 끝까지 확인하고 모둠 채팅방에 공유해 친구 파트와 이어지게 맞췄다.",15,11,++,++,30,84,검수능력,5,"협업능력, 소통능력, 검수능력, 자기검증, 자기성찰",14,100,S
groupwork,모둠 발표 자료,"학기 초 모둠 발표가 다음 주로 잡혔다. 우리 모둠은 4명이 각자 파트를 맡았고, 내가 맡은 일은 자료 조사와 슬라이드 3장 만들기였다. 다른 애들이 어떤 흐름으로 준비하는지 아직 잘 모르는데, 숙제도 있고 학원도 있어서 시간이 많지는 않았다.",팀 작업에서 역할 분담과 AI 활용을 함께 굴리는 회기. 협업·소통·발표 자리.,혼자 빨리 끝낸 발표 자료는 모둠 안에서 아직 맞춰진 자료가 아니다.,C1,C. 다른 모둠·기성 자료에 기댄다,"다른 데서 가져왔다 — 적절히 골라 쓸 수도, 내 파트를 비울 수도 있다.",모둠원·작년 발표·다른 학년 자료에 기대서 풀어간다.,14,11,0,0,20,6,C1. 다른 학년의 같은 단원 발표 자료에서 흐름을 빌려 보고 우리 모둠 주제로 직접 다시 채운다,기성 자료를 거름으로 삼아 우리 주제로 다시 채웠다 — 빌리되 내 자리는 내가 채웠다.,"다른 학년이 같은 단원으로 발표했던 자료를 찾아 흐름과 순서를 살펴봤다. 어떤 흐름이 잘 풀렸는지 추려서, 우리 모둠 주제에 맞는 자료와 예시로 한 장씩 다시 채우고 출처를 적었다. 모둠 채팅방에 흐름을 공유해 친구 파트와 이어지는 자리를 맞췄다.",4,12,++,++,20,10,표현·소통 / 인식·해석,R1. 그대로 제출,다른 학년의 같은 단원 발표 흐름을 살펴보고 우리 모둠 주제에 맞는 자료와 예시로 한 장씩 다시 채워 냈다. 빌린 흐름 안에 우리 자리가 섰다.,2,1,++,++,10,66,,,"협업능력, 발표력, 비판적 사고",5,88,S,R2. 한 번 읽고 이상한 곳만 표시,한 번 읽으며 빌려 온 흐름 한 장에 다른 학년 예시가 그대로 남아 있는 자리를 찾아 빼냈다.,5,4,++,++,20,76,,,"협업능력, 발표력, 비판적 사고, 검수능력",7,93,S,R3. 출처 확인 + 모둠 흐름 맞추기,빌린 흐름을 다시 보며 우리 모둠 주제에 맞는 새 예시를 한 장 더 넣고 친구 파트와 이어지는 순서로 맞췄다.,15,11,++,++,30,86,발표력,5,"협업능력, 소통능력, 발표력, 비판적 사고, 자기검증",10,100,S
groupwork,모둠 발표 자료,"학기 초 모둠 발표가 다음 주로 잡혔다. 우리 모둠은 4명이 각자 파트를 맡았고, 내가 맡은 일은 자료 조사와 슬라이드 3장 만들기였다. 다른 애들이 어떤 흐름으로 준비하는지 아직 잘 모르는데, 숙제도 있고 학원도 있어서 시간이 많지는 않았다.",팀 작업에서 역할 분담과 AI 활용을 함께 굴리는 회기. 협업·소통·발표 자리.,혼자 빨리 끝낸 발표 자료는 모둠 안에서 아직 맞춰진 자료가 아니다.,C2,C. 다른 모둠·기성 자료에 기댄다,"다른 데서 가져왔다 — 적절히 골라 쓸 수도, 내 파트를 비울 수도 있다.",모둠원·작년 발표·다른 학년 자료에 기대서 풀어간다.,14,11,0,0,20,6,C2. 다른 모둠 작년 발표 슬라이드를 그대로 가져와 제목만 바꿔 낸다,다른 모둠 슬라이드가 내 자리에 들어왔다 — 다른 모둠의 자료는 내 것이 아니다.,다른 모둠이 작년에 만든 발표 슬라이드를 그대로 가져와 제목만 우리 주제로 바꿔 냈다. 그 모둠이 들었던 예시와 흐름이 내 자리에 그대로 남아 있었다.,2,6,--,-,20,1,표현·소통 / 인식·해석,R1. 그대로 제출,다른 모둠 작년 슬라이드를 그대로 가져와 제목만 바꿔 냈다. 자기 자리에 다른 모둠의 흐름이 들어왔다.,2,1,--,-,10,57,,,,3,22,D,R2. 한 번 읽고 이상한 곳만 표시,한 번 읽으며 다른 모둠이 들었던 예시가 그대로 남아 있는 자리를 찾아냈다.,5,4,--,0,20,67,,,비판적 사고,5,32,D,R3. 출처 확인 + 모둠 흐름 맞추기,베껴 온 슬라이드를 거의 다 지우고 우리 모둠 주제에 맞는 자료와 예시로 다시 채웠다.,15,11,--,+,30,77,,,"비판적 사고, 검수능력, 자기성찰, 자기검증",8,42,C
groupwork,모둠 발표 자료,"학기 초 모둠 발표가 다음 주로 잡혔다. 우리 모둠은 4명이 각자 파트를 맡았고, 내가 맡은 일은 자료 조사와 슬라이드 3장 만들기였다. 다른 애들이 어떤 흐름으로 준비하는지 아직 잘 모르는데, 숙제도 있고 학원도 있어서 시간이 많지는 않았다.",팀 작업에서 역할 분담과 AI 활용을 함께 굴리는 회기. 협업·소통·발표 자리.,혼자 빨리 끝낸 발표 자료는 모둠 안에서 아직 맞춰진 자료가 아니다.,C3,C. 다른 모둠·기성 자료에 기댄다,"다른 데서 가져왔다 — 적절히 골라 쓸 수도, 내 파트를 비울 수도 있다.",모둠원·작년 발표·다른 학년 자료에 기대서 풀어간다.,14,11,0,0,20,6,C3. 모둠원에게 내 파트까지 좀 해 달라고 부탁한다,내 파트를 떠넘겼다 — 발표 당일 내가 답할 수 없게 된다.,모둠원에게 내 파트까지 좀 해 달라고 보냈다. 친구가 몇 줄을 도와주긴 했지만 발표 연습 때 내가 내 슬라이드를 잘 설명하지 못했다.,2,1,--,-,20,1,표현·소통 / 자기성찰,R1. 그대로 제출,모둠원에게 내 파트까지 좀 해 달라고 부탁해 친구가 써 준 몇 줄을 그대로 냈다. 내 파트가 내 안에 들어와 있지 않았다.,2,1,--,-,10,57,,,,1,11,D,R2. 한 번 읽고 이상한 곳만 표시,한 번 읽어 보니 친구가 써 준 문장 중 발표 때 자기가 설명할 수 없는 자리가 보였다.,3,3,--,0,20,67,,,,2,22,D,R3. 출처 확인 + 모둠 흐름 맞추기,친구가 써 준 부분을 다시 읽고 자기가 말할 수 있는 문장으로 고쳐 발표 때 답할 수 있게 잡았다.,13,10,--,+,30,77,소통능력,5,,4,31,D
eorinwangja,어린왕자 독후감,어린왕자 독후감을 100자로 써야 하는데 책을 안 읽었습니다.,고전 텍스트 해석을 AI 요약과 자기 시선 사이에서 다루는 회기. 문해력·해석·공감 자리.,"경험은 위임 불가. 본인이 안 한 일은 AI도, 인터넷도, 친구도 대신해 줄 수 없다.",A1,A. 책을 직접 읽고 쓴다,내가 읽었다 — 책 안에서 내 감상이 나온다.,어린왕자 책을 펴서 내가 읽고 그 감상으로 쓴다.,25,20,+,+,20,8,A1. 책을 끝까지 읽고 인상에 남은 장면으로 본인 감상을 쓴다,끝까지 읽고 한 장면에 머물렀다 — 책이 내 안에 자리 잡는다.,"어린왕자가 여우에게 ""네가 길들인 것에 너는 영원히 책임이 있다""는 말을 듣는 장면이 가장 오래 남았다. 나도 키우는 강아지가 떠올라서 그 한 문장에서 한참 멈췄다.",12,10,++,++,20,10,인식·해석 / 자기성찰,R1. 그대로 제출,끝까지 읽고 여우 장면 하나에 머물러 자기 말로 적어 그대로 냈다. 책이 자기 안에 자리 잡았다.,2,1,++,++,10,68,,,"문해력, 공감력, 해석능력",25,92,S,R2. 한 번 읽고 이상한 곳만 표시,한 번 읽으며 길어진 문장 하나를 둘로 나눴다. 머문 장면이 더 또렷해졌다.,5,4,++,++,20,78,,,"문해력, 공감력, 해석능력, 검수능력",25,95,S,R3. 출처 확인 + 크로스체크,처음부터 다시 읽고 여우 장면이 왜 자기에게 남았는지 한 문장 더 넣었다. 책의 깊이가 한 단계 더 들어왔다.,15,11,++,++,30,88,문해력,5,"문해력, 공감력, 해석능력, 자기검증, 자기성찰",25,98,S
eorinwangja,어린왕자 독후감,어린왕자 독후감을 100자로 써야 하는데 책을 안 읽었습니다.,고전 텍스트 해석을 AI 요약과 자기 시선 사이에서 다루는 회기. 문해력·해석·공감 자리.,"경험은 위임 불가. 본인이 안 한 일은 AI도, 인터넷도, 친구도 대신해 줄 수 없다.",A2,A. 책을 직접 읽고 쓴다,내가 읽었다 — 책 안에서 내 감상이 나온다.,어린왕자 책을 펴서 내가 읽고 그 감상으로 쓴다.,25,20,+,+,20,8,A2. 책을 읽고 본인 감상을 쓰다가 한두 표현만 AI에 다듬어 달라 한다,자기 감상에 AI 손이 점만 닿았다 — 내용은 내 것이고 표현이 매끄러워졌다.,"책을 다 읽고 여우 장면 감상을 직접 썼는데, 한 문장이 어색해서 AI에 다듬어 달라 했다. 내 감상은 그대로 남고 한 표현만 매끄러워졌다.",6,6,+,+,20,7,인식·해석 / 표현·소통,R1. 그대로 제출,책을 다 읽고 자기 감상을 쓰다가 어색한 한 표현만 AI에 다듬어 받았다. 감상은 자기 안에서 나왔다.,2,1,+,+,10,65,,,"문해력, 해석능력",18,70,A,R2. 한 번 읽고 이상한 곳만 표시,한 번 읽으며 AI가 바꾼 한 표현이 자기 말투와 달라 원래 말로 되돌렸다.,5,4,+,+,20,75,,,"문해력, 해석능력, 검수능력",18,75,A,R3. 출처 확인 + 크로스체크,AI가 다듬은 문장과 처음 쓴 문장을 나란히 두고 자기 말투에 맞는 쪽을 골랐다.,15,11,+,++,30,85,,,"문해력, 해석능력, 검수능력, 자기검증",18,81,A
eorinwangja,어린왕자 독후감,어린왕자 독후감을 100자로 써야 하는데 책을 안 읽었습니다.,고전 텍스트 해석을 AI 요약과 자기 시선 사이에서 다루는 회기. 문해력·해석·공감 자리.,"경험은 위임 불가. 본인이 안 한 일은 AI도, 인터넷도, 친구도 대신해 줄 수 없다.",A3,A. 책을 직접 읽고 쓴다,내가 읽었다 — 책 안에서 내 감상이 나온다.,어린왕자 책을 펴서 내가 읽고 그 감상으로 쓴다.,25,20,+,+,20,8,A3. 책을 펴서 처음 몇 쪽만 읽고 떠오르는 대로 쓴다,책 일부만 통과해 감상을 끌어냈다 — 자기 안에서 나왔지만 책이 얕게 들어왔다.,"첫 챕터에서 코끼리 삼킨 보아뱀 그림 얘기가 나왔다. 어른들은 모자로만 본다는 부분이 재미있었고, 나머지는 잘 모르겠지만 어른과 아이의 차이가 중요한 것 같다.",2,1,0,+,20,3,인식·해석,R1. 그대로 제출,첫 챕터만 읽고 떠오르는 대로 적어 그대로 냈다. 읽은 부분 감상은 살았지만 나머지는 비었다.,2,1,0,+,10,61,,,문해력,12,55,B,R2. 한 번 읽고 이상한 곳만 표시,"한 번 읽으며 ""잘 모르겠지만""이 두 번 나오는 자리를 표시했다.",3,3,0,+,20,71,,,"문해력, 해석능력",12,63,B,R3. 출처 확인 + 크로스체크,안 읽은 부분 추측을 빼고 읽은 부분 감상만 남겼다. 솔직함이 자리를 잡았다.,13,10,0,++,30,81,자기성찰,5,"문해력, 해석능력, 자기성찰, 검수능력",12,70,A
eorinwangja,어린왕자 독후감,어린왕자 독후감을 100자로 써야 하는데 책을 안 읽었습니다.,고전 텍스트 해석을 AI 요약과 자기 시선 사이에서 다루는 회기. 문해력·해석·공감 자리.,"경험은 위임 불가. 본인이 안 한 일은 AI도, 인터넷도, 친구도 대신해 줄 수 없다.",B1,B. AI에게 부탁한다,AI에 위임했다 — 안 읽은 책을 AI가 대신 읽어 줄 수는 없다.,AI에게 책 내용과 감상을 받아 본다.,6,5,-,-,20,4,B1. AI에게 책 제목만 주고 독후감을 통째로 받아 낸다,AI에 다 맡겼다 — 안 읽은 책을 AI가 환각으로 새로 쓴다.,"어린왕자는 사막에서 여우와 캥거루를 만나 모험을 한다. 그는 장미를 구하기 위해 여러 행성을 돌며 용기를 배우고, 마지막에는 친구들과 왕국을 세운다.",2,1,--,-,20,1,인식·해석,R1. 그대로 제출,책 제목만 주고 받은 AI 독후감을 그대로 냈다. 안 읽은 책 자리에 환각이 들어왔다.,2,1,--,-,10,55,,,,8,14,D,R2. 한 번 읽고 이상한 곳만 표시,한 번 읽으며 책에 없는 캥거루와 왕국 설정을 발견하고 표시했다.,3,3,--,0,20,65,비판적 사고,5,,10,26,D,R3. 출처 확인 + 크로스체크,환각뿐 아니라 전체 줄거리 구조가 책과 어긋남을 확인했다. 검증할 기준이 자기에게 없다는 것을 보았다.,13,10,--,+,30,75,,,,14,37,C
eorinwangja,어린왕자 독후감,어린왕자 독후감을 100자로 써야 하는데 책을 안 읽었습니다.,고전 텍스트 해석을 AI 요약과 자기 시선 사이에서 다루는 회기. 문해력·해석·공감 자리.,"경험은 위임 불가. 본인이 안 한 일은 AI도, 인터넷도, 친구도 대신해 줄 수 없다.",B2,B. AI에게 부탁한다,AI에 위임했다 — 안 읽은 책을 AI가 대신 읽어 줄 수는 없다.,AI에게 책 내용과 감상을 받아 본다.,6,5,-,-,20,4,B2. AI에게 책 줄거리와 인용을 받아 본인이 정리해 쓴다,재료는 받았지만 책은 통과하지 않았다 — 인용이 내 것이 아니라 검증이 필요하다.,"어린왕자는 여러 별을 지나 지구에 와서 여우를 만난다. AI가 알려준 ""가장 중요한 것은 마음으로 본다""는 말처럼 관계와 책임이 핵심이라고 생각했다.",4,8,0,0,20,5,인식·해석,R1. 그대로 제출,AI에서 받은 줄거리와 인용을 다듬어 그대로 냈다. 글은 정돈됐지만 책은 자기에게 통과하지 않았다.,2,1,0,0,10,59,,,해석능력,6,50,C,R2. 한 번 읽고 이상한 곳만 표시,한 번 읽으며 AI가 준 인용이 책 어디에서 나온 건지 알 수 없다는 것이 보였다.,5,4,0,+,20,69,,,"해석능력, 검수능력, 비판적 사고",8,59,B,R3. 출처 확인 + 크로스체크,책 원전과 대조하니 인용이 다듬어진 표현이라 직접 인용을 다시 찾았다.,15,11,0,++,30,79,검수능력,5,"해석능력, 검수능력, 자기검증, 비판적 사고",12,68,B
eorinwangja,어린왕자 독후감,어린왕자 독후감을 100자로 써야 하는데 책을 안 읽었습니다.,고전 텍스트 해석을 AI 요약과 자기 시선 사이에서 다루는 회기. 문해력·해석·공감 자리.,"경험은 위임 불가. 본인이 안 한 일은 AI도, 인터넷도, 친구도 대신해 줄 수 없다.",B3,B. AI에게 부탁한다,AI에 위임했다 — 안 읽은 책을 AI가 대신 읽어 줄 수는 없다.,AI에게 책 내용과 감상을 받아 본다.,6,5,-,-,20,4,B3. 본인이 먼저 감상을 끝까지 써 보고 AI에게 표현만 다듬어 달라 한다,"감상은 내가 끝까지 통과했고 AI는 표현만 다듬었다 — 내 책, 내 말.","여우가 어린왕자에게 길들임을 가르치는 장면이 좋다고 끝까지 내가 먼저 썼다. AI에게 어색한 표현만 다듬어 달라 했고, 다듬은 문장과 처음 문장을 비교해 내 말 같은 쪽을 골라 남겼다.",6,16,++,++,20,10,인식·해석 / 표현·소통,R1. 그대로 제출,자기 감상을 끝까지 먼저 쓰고 AI에는 표현만 다듬어 받았다. 감상의 무게는 자기 안에 있었다.,2,1,++,++,10,64,,,"문해력, 공감력, 검수능력",3,88,S,R2. 한 번 읽고 이상한 곳만 표시,한 번 읽으며 AI가 바꾼 표현 하나가 자기 감상 같지 않아 처음 쓴 문장으로 되돌렸다.,5,4,++,++,20,74,검수능력,5,"문해력, 공감력, 검수능력, 비판적 사고",5,93,S,R3. 출처 확인 + 크로스체크,처음 쓴 문장과 AI가 다듬은 문장을 한 줄씩 비교해 자기 말에 맞는 쪽만 남겼다.,15,11,++,++,30,84,,,"문해력, 공감력, 해석능력, 검수능력, 자기검증",10,100,S
eorinwangja,어린왕자 독후감,어린왕자 독후감을 100자로 써야 하는데 책을 안 읽었습니다.,고전 텍스트 해석을 AI 요약과 자기 시선 사이에서 다루는 회기. 문해력·해석·공감 자리.,"경험은 위임 불가. 본인이 안 한 일은 AI도, 인터넷도, 친구도 대신해 줄 수 없다.",C1,C. 다른 자료·사람에게 기댄다,"다른 데서 가져왔다 — 적절히 골라 쓸 수도, 책 자리를 비울 수도 있다.","전에 본 영화나 친구 줄거리, 흔한 인상에 기대 풀어간다.",14,11,0,0,20,6,C1. 전에 본 어린왕자 영화·애니메이션 기억을 끝까지 끌어내어 본인 감상으로 다시 쓰고 책 자리와 분리해 표시한다,"다른 매체로 통과한 어린왕자를 자기 감상으로 다시 썼고, 책 자리와 매체 자리를 분리했다 — 자기 자료를 적극적으로, 정직하게 가져왔다.","어렸을 때 본 어린왕자 애니메이션이 떠올랐다. 여우가 길들임을 말하는 장면이 그때도 인상 깊었는데, 지금 다시 생각하니 시간을 들인 관계가 특별해진다는 말로 들렸다. 책은 안 읽었으니 책 장면은 적지 않고 애니메이션에서 내가 통과한 부분만 자기 감상으로 다시 정리했다.",4,12,++,++,20,10,자기성찰 / 인식·해석,R1. 그대로 제출,어렸을 때 본 애니메이션 기억으로 자기 감상을 다시 썼고 책 자리는 비웠다. 통과한 매체를 자기 자료로 가져왔다.,2,1,++,++,10,66,,,"공감력, 해석능력, 자기성찰",5,88,S,R2. 한 번 읽고 이상한 곳만 표시,한 번 읽으며 애니메이션 장면을 책 장면처럼 적은 한 줄을 발견하고 매체 출처를 명시했다.,5,4,++,++,20,76,,,"공감력, 해석능력, 자기성찰, 비판적 사고",7,93,S,R3. 출처 확인 + 크로스체크,다른 매체에서 본 부분과 지금 자기 감상을 한 단락씩 분리해 다시 정리했다.,15,11,++,++,30,86,해석능력,5,"공감력, 해석능력, 문해력, 자기성찰, 자기검증",9,100,S
eorinwangja,어린왕자 독후감,어린왕자 독후감을 100자로 써야 하는데 책을 안 읽었습니다.,고전 텍스트 해석을 AI 요약과 자기 시선 사이에서 다루는 회기. 문해력·해석·공감 자리.,"경험은 위임 불가. 본인이 안 한 일은 AI도, 인터넷도, 친구도 대신해 줄 수 없다.",C2,C. 다른 자료·사람에게 기댄다,"다른 데서 가져왔다 — 적절히 골라 쓸 수도, 책 자리를 비울 수도 있다.","전에 본 영화나 친구 줄거리, 흔한 인상에 기대 풀어간다.",14,11,0,0,20,6,C2. 책을 읽은 친구에게 줄거리를 듣고 그대로 옮겨 쓴다,친구가 읽은 책이 내 자리에 들어왔다 — 친구의 책은 내 것이 아니다.,친구가 어린왕자는 별에서 장미를 두고 와 후회하는 이야기라고 했다. 마지막에 별로 돌아간다고 들어서 이 책은 이별에 관한 이야기 같다.,2,6,--,-,20,1,인식·해석,R1. 그대로 제출,친구가 들려준 줄거리를 그대로 옮겨 적어 냈다. 친구가 읽은 책이 자기 자리에 들어왔다.,2,1,--,-,10,57,,,,3,28,D,R2. 한 번 읽고 이상한 곳만 표시,"한 번 읽으며 친구의 해석(""이별에 관한 이야기"")이 자기 결론처럼 들어가 있는 자리를 찾아냈다.",5,4,--,0,20,67,,,비판적 사고,5,38,C,R3. 출처 확인 + 크로스체크,친구가 들려준 부분을 줄이고 모르는 부분은 모른다고 적었다.,15,11,--,+,30,77,,,"해석능력, 자기성찰, 자기검증, 비판적 사고",7,48,C
eorinwangja,어린왕자 독후감,어린왕자 독후감을 100자로 써야 하는데 책을 안 읽었습니다.,고전 텍스트 해석을 AI 요약과 자기 시선 사이에서 다루는 회기. 문해력·해석·공감 자리.,"경험은 위임 불가. 본인이 안 한 일은 AI도, 인터넷도, 친구도 대신해 줄 수 없다.",C3,C. 다른 자료·사람에게 기댄다,"다른 데서 가져왔다 — 적절히 골라 쓸 수도, 책 자리를 비울 수도 있다.","전에 본 영화나 친구 줄거리, 흔한 인상에 기대 풀어간다.",14,11,0,0,20,6,"C3. ""꿈을 잃지 말자"" 같은 일반론 한 줄로 칸만 채운다",한 줄만 적었다 — 책도 자기도 통과하지 않았다.,어린왕자는 어린아이의 순수한 마음을 가진 왕자가 세상을 여행하는 이야기다. 우리는 모두 꿈을 잃지 말고 친구를 소중히 해야 한다.,2,1,--,-,20,1,인식·해석,R1. 그대로 제출,일반론 한 줄로 칸을 채워 그대로 냈다. 책도 자기도 통과하지 않은 자리에 착한 말만 남았다.,2,1,--,-,10,57,,,,1,12,D,R2. 한 번 읽고 이상한 곳만 표시,한 번 읽으며 어린왕자가 아니어도 통할 만한 일반 교훈만 있다는 것이 보였다.,3,3,--,0,20,67,,,,2,23,D,R3. 출처 확인 + 크로스체크,짧게라도 책의 한 장면을 더하려 했지만 책을 안 읽어 채울 재료가 없다는 것을 확인했다.,13,10,--,+,30,77,,,,4,32,D
career,AI 시대에 내 진로는?,"학기 말 진로 상담을 앞두고 머릿속이 복잡해졌다. AI 때문에 일자리가 사라진다는 말도 들리고, 영어 공부도 실시간 번역이 되면 굳이 해야 하는지 헷갈린다. 어떤 직업이 살아남을지 모르겠고, AI를 안 쓰면 나만 뒤처지는 건 아닌지 걱정된다.",자기 미래의 길을 AI 추천과 자기 탐색 사이에서 고르는 회기. 진로탐색·정보분석·직업이해 자리.,미래가 불안해도 마지막 판단은 내가 해야 한다.,A1,A. 내 경험에서 따져본다,내 안에서 시작했다 — 진로 판단은 여기서 출발한다.,"내가 좋아한 일, 잘하는 일, 사라질 일과 남을 일을 직접 적어 본다.",25,20,+,+,20,8,A1. 좋아한 일·잘하는 일·사라질 일·남을 일을 나눠 적는다,내 경험을 나눠 봤다 — 자기 안에서 진로 단서가 나온다.,"좋아한 일, 잘하는 일, AI 때문에 사라질 수 있는 일, 사람이 남아야 할 일을 네 칸으로 나눠 적었다. 직업 이름 하나로 정해지진 않았지만, 내가 따져볼 자리가 또렷해졌다.",12,10,,,20,10,실천·설계 / 자기성찰,R1. 그대로 제출,좋아한 일·잘하는 일·사라질 일·남을 일을 네 칸으로 나눠 적고 그대로 냈다. 자기 경험에서 진로 단서가 또렷해졌다.,2,1,++,++,10,68,,,"진로탐색, 정보분석",25,92,S,R2. 한 번 읽고 이상한 곳만 표시,한 번 읽어 보니 사라질 일과 남을 일을 너무 크게만 나눴다. 칸 안에 구체 활동을 한두 개 더 적었다.,5,4,++,++,20,78,,,"진로탐색, 정보분석, 검수능력",27,95,S,R3. 내 질문과 경험에 비춰 다시 확인,내가 해 본 활동과 앞으로 해 볼 일을 칸마다 붙여 적으니 진로 단서가 구체로 자랐다.,15,11,++,++,30,88,진로탐색,5,"진로탐색, 정보분석, 직업이해, 자기검증",30,98,S
career,AI 시대에 내 진로는?,"학기 말 진로 상담을 앞두고 머릿속이 복잡해졌다. AI 때문에 일자리가 사라진다는 말도 들리고, 영어 공부도 실시간 번역이 되면 굳이 해야 하는지 헷갈린다. 어떤 직업이 살아남을지 모르겠고, AI를 안 쓰면 나만 뒤처지는 건 아닌지 걱정된다.",자기 미래의 길을 AI 추천과 자기 탐색 사이에서 고르는 회기. 진로탐색·정보분석·직업이해 자리.,미래가 불안해도 마지막 판단은 내가 해야 한다.,A2,A. 내 경험에서 따져본다,내 안에서 시작했다 — 진로 판단은 여기서 출발한다.,"내가 좋아한 일, 잘하는 일, 사라질 일과 남을 일을 직접 적어 본다.",25,20,+,+,20,8,A2. 내 후보를 먼저 적고 AI에는 직업 정보만 묻는다,내 출발에 AI 자료가 점만 닿았다 — 고르는 쪽은 내 자리에 남는다.,"내가 끌리는 후보 두세 개를 먼저 적고, AI에게는 그 직업이 어떤 일을 하는지·앞으로 어떻게 바뀔지만 물었다. 답은 정보로 들어왔고, 고르는 일은 내 자리에 남았다.",6,6,,,20,7,실천·설계 / 인식·해석,R1. 그대로 제출,내가 끌리는 후보 두세 개를 먼저 적고 AI에는 직업 정보만 물어 옆에 놨다. 고르는 자리는 내 안에 남았다.,2,1,+,+,10,65,,,"진로탐색, 직업이해",18,72,A,R2. 한 번 읽고 이상한 곳만 표시,한 번 읽어 보니 AI가 준 정보 중 한 부분이 내 후보와 어긋나 따로 표시했다.,5,4,+,+,20,75,,,"진로탐색, 직업이해, 검수능력",20,78,A,R3. 내 질문과 경험에 비춰 다시 확인,내가 먼저 적은 후보와 AI 자료를 나란히 놓고 더 끌리는 쪽을 다시 골랐다.,15,11,+,++,30,85,직업이해,5,"진로탐색, 직업이해, 검수능력, 자기검증",23,83,A
career,AI 시대에 내 진로는?,"학기 말 진로 상담을 앞두고 머릿속이 복잡해졌다. AI 때문에 일자리가 사라진다는 말도 들리고, 영어 공부도 실시간 번역이 되면 굳이 해야 하는지 헷갈린다. 어떤 직업이 살아남을지 모르겠고, AI를 안 쓰면 나만 뒤처지는 건 아닌지 걱정된다.",자기 미래의 길을 AI 추천과 자기 탐색 사이에서 고르는 회기. 진로탐색·정보분석·직업이해 자리.,미래가 불안해도 마지막 판단은 내가 해야 한다.,A3,A. 내 경험에서 따져본다,내 안에서 시작했다 — 진로 판단은 여기서 출발한다.,"내가 좋아한 일, 잘하는 일, 사라질 일과 남을 일을 직접 적어 본다.",25,20,+,+,20,8,A3. 불안한 질문 하나만 적고 멈춘다,자기 질문을 끌어냈지만 다음으로 이어지지 않았다.,"“AI가 다 하면 내가 뭘 해야 하지?”라는 질문 하나를 적었다. 솔직한 질문이었지만, 그다음에 무엇을 알아볼지는 아직 정하지 못했다.",2,1,,,20,3,자기성찰,R1. 그대로 제출,불안한 질문 하나만 적고 그대로 냈다. 자기 안에서 나왔지만 다음 행동은 붙지 않았다.,2,1,0,0,10,61,,,진로탐색,12,48,C,R2. 한 번 읽고 이상한 곳만 표시,한 번 읽어 보니 질문은 있지만 다음에 알아볼 일이 비어 있다는 것이 보였다.,3,3,0,0,20,71,,,"진로탐색, 자기성찰",14,57,B,R3. 내 질문과 경험에 비춰 다시 확인,질문 옆에 내가 해 볼 작은 행동 하나를 붙여 다음 자리로 이었다.,13,10,0,+,30,81,자기성찰,5,"진로탐색, 자기성찰, 비판적 사고, 검수능력",17,65,B
career,AI 시대에 내 진로는?,"학기 말 진로 상담을 앞두고 머릿속이 복잡해졌다. AI 때문에 일자리가 사라진다는 말도 들리고, 영어 공부도 실시간 번역이 되면 굳이 해야 하는지 헷갈린다. 어떤 직업이 살아남을지 모르겠고, AI를 안 쓰면 나만 뒤처지는 건 아닌지 걱정된다.",자기 미래의 길을 AI 추천과 자기 탐색 사이에서 고르는 회기. 진로탐색·정보분석·직업이해 자리.,미래가 불안해도 마지막 판단은 내가 해야 한다.,B1,B. AI에게 미래 직업을 묻는다,AI에 위임했다 — 답은 받았지만 내 이유가 함께 오지는 않는다.,사라질 직업과 유망한 직업을 AI에게 물어본다.,6,5,-,-,20,4,B1. AI가 뽑은 유망 직업을 그대로 적는다,AI 답을 그대로 받았다 — 내 이유가 빠진 직업 이름만 남는다.,"AI가 앞으로 유망하다는 직업 몇 개를 빠르게 골라 주었다. 왜 나에게 맞는지보다, 요즘 뜬다는 말이 더 크게 보였다.",2,1,,,20,1,인식·해석,R1. 그대로 제출,AI가 뽑은 유망 직업을 그대로 적어 냈다. 직업 이름은 있지만 내 이유는 함께 오지 않았다.,2,1,--,-,10,55,,,,8,17,D,R2. 한 번 읽고 이상한 곳만 표시,한 번 읽어 보니 유망하다는 말만 있고 내가 해 본 일과 이어지는 자리가 없었다.,3,3,--,-,20,65,비판적 사고,5,,10,30,D,R3. 내 질문과 경험에 비춰 다시 확인,"AI 추천을 내 경험과 하나씩 비교하고, 근거 없는 직업 이름을 지웠다.",13,10,--,0,30,75,,,,12,40,C
career,AI 시대에 내 진로는?,"학기 말 진로 상담을 앞두고 머릿속이 복잡해졌다. AI 때문에 일자리가 사라진다는 말도 들리고, 영어 공부도 실시간 번역이 되면 굳이 해야 하는지 헷갈린다. 어떤 직업이 살아남을지 모르겠고, AI를 안 쓰면 나만 뒤처지는 건 아닌지 걱정된다.",자기 미래의 길을 AI 추천과 자기 탐색 사이에서 고르는 회기. 진로탐색·정보분석·직업이해 자리.,미래가 불안해도 마지막 판단은 내가 해야 한다.,B2,B. AI에게 미래 직업을 묻는다,AI에 위임했다 — 답은 받았지만 내 이유가 함께 오지는 않는다.,사라질 직업과 유망한 직업을 AI에게 물어본다.,6,5,-,-,20,4,B2. AI에게 자세히 묻고 받은 답을 다듬어 낸다,재료는 줬지만 판단까지 맡겼다 — 답은 받았는데 내 기준은 흐리다.,"AI에게 내 상황을 자세히 적어 주고 받은 답을 그대로 다듬어 냈다. 글은 깔끔했지만, 직업 이름이 왜 그쪽인지는 내 안에 남아 있지 않았다.",4,8,,,20,5,인식·해석 / 실천·설계,R1. 그대로 제출,AI에게 내 상황을 자세히 주고 받은 답을 다듬어 냈다. 글은 깔끔했지만 내 기준은 흐렸다.,2,1,0,0,10,59,,,직업이해,7,57,B,R2. 한 번 읽고 이상한 곳만 표시,한 번 읽어 보니 멋있는 직업 이름과 내가 버틸 수 있는 일이 따로 놀았다.,5,4,0,+,20,69,,,"직업이해, 정보분석, 검수능력",9,65,B,R3. 내 질문과 경험에 비춰 다시 확인,AI가 말한 직업을 내가 좋아한 활동·힘들었던 활동과 나란히 놓고 다시 골랐다.,15,11,0,+,30,79,정보분석,5,"직업이해, 정보분석, 검수능력, 자기검증",12,72,A
career,AI 시대에 내 진로는?,"학기 말 진로 상담을 앞두고 머릿속이 복잡해졌다. AI 때문에 일자리가 사라진다는 말도 들리고, 영어 공부도 실시간 번역이 되면 굳이 해야 하는지 헷갈린다. 어떤 직업이 살아남을지 모르겠고, AI를 안 쓰면 나만 뒤처지는 건 아닌지 걱정된다.",자기 미래의 길을 AI 추천과 자기 탐색 사이에서 고르는 회기. 진로탐색·정보분석·직업이해 자리.,미래가 불안해도 마지막 판단은 내가 해야 한다.,B3,B. AI에게 미래 직업을 묻는다,AI에 위임했다 — 답은 받았지만 내 이유가 함께 오지는 않는다.,사라질 직업과 유망한 직업을 AI에게 물어본다.,6,5,-,-,20,4,B3. 내가 먼저 후보를 정하고 AI에는 자료만 묻는다 — 답을 받아도 비교는 내 자리에 둔다,질문을 내가 세웠다 — AI 답은 결정이 아니라 비교 재료가 되었다.,"먼저 내 후보를 적었다. ""영어를 계속 배워야 할까?"", ""게임 만드는 일은 어떻게 바뀔까?"" 같은 질문을 만든 뒤 AI에게 자료를 물었다. 답은 결정이 아니라 비교할 재료가 되었고, 고르는 자리는 내 안에 남았다.",6,16,,,20,10,인식·해석 / 실천·설계,R1. 그대로 제출,내가 먼저 후보와 질문을 세우고 AI에는 자료만 물었다. 답은 결정이 아니라 비교 재료가 되었다.,2,1,++,++,10,64,,,"진로탐색, 정보분석, 검수능력",10,88,S,R2. 한 번 읽고 이상한 곳만 표시,한 번 읽어 보니 AI 설명 중 판단하기 어려운 말이 있어 따로 표시했다.,5,4,++,++,20,74,,,"진로탐색, 정보분석, 검수능력, 비판적 사고",12,93,S,R3. 내 질문과 경험에 비춰 다시 확인,AI가 준 자료를 다시 찾아보고 내 질문에 도움이 되는 부분과 아닌 부분을 갈라 놨다.,15,11,++,++,30,84,검수능력,5,"진로탐색, 정보분석, 직업이해, 검수능력, 자기검증",14,100,S
career,AI 시대에 내 진로는?,"학기 말 진로 상담을 앞두고 머릿속이 복잡해졌다. AI 때문에 일자리가 사라진다는 말도 들리고, 영어 공부도 실시간 번역이 되면 굳이 해야 하는지 헷갈린다. 어떤 직업이 살아남을지 모르겠고, AI를 안 쓰면 나만 뒤처지는 건 아닌지 걱정된다.",자기 미래의 길을 AI 추천과 자기 탐색 사이에서 고르는 회기. 진로탐색·정보분석·직업이해 자리.,미래가 불안해도 마지막 판단은 내가 해야 한다.,C1,C. 다른 사람·기성 정보에 기댄다,"다른 데서 가져왔다 — 적절히 골라 쓸 수도, 자기 자리를 비울 수도 있다.","친구 말, 부모님 말, 선배 사례, 인터넷 글에 기대서 풀어간다.",14,11,0,0,20,6,C1. 부모·선배의 실제 일과를 듣고 내 기준으로 비교한다 — 사례를 거름 삼아 내 자리에서 다시 본다,다른 사람의 진로를 거름으로 썼다 — 사례를 듣고 내 자리에서 다시 보면 자기 기준이 자라난다.,"친척 선배에게 실제 하루 일과와 힘든 점을 들었다. 듣고 보니 직업 이름만 봤을 때와 다른 모양이 보였고, 내 강점·걱정과 나란히 놓으니 내가 끌리는 자리와 그렇지 않은 자리가 또렷이 갈렸다.",4,12,,,20,10,실천·설계 / 자기성찰,R1. 그대로 제출,부모·선배의 실제 일과와 힘든 점을 듣고 내 강점·걱정과 나란히 놨다. 사례가 자기 기준의 거름이 되었다.,2,1,++,++,10,66,,,"직업이해, 진로탐색, 자기성찰",5,88,S,R2. 한 번 읽고 이상한 곳만 표시,한 번 읽어 보니 사례에서 끌린 부분이 한 가지 더 있어 옆에 적어 두었다.,5,4,++,++,20,76,,,"직업이해, 진로탐색, 자기성찰, 비판적 사고",7,93,S,R3. 내 질문과 경험에 비춰 다시 확인,선배의 일과 옆에 내 강점과 걱정을 따로 적으니 끌리는 자리가 또렷해졌다.,15,11,++,++,30,86,진로탐색,5,"직업이해, 진로탐색, 정보분석, 자기성찰, 자기검증",10,100,S
career,AI 시대에 내 진로는?,"학기 말 진로 상담을 앞두고 머릿속이 복잡해졌다. AI 때문에 일자리가 사라진다는 말도 들리고, 영어 공부도 실시간 번역이 되면 굳이 해야 하는지 헷갈린다. 어떤 직업이 살아남을지 모르겠고, AI를 안 쓰면 나만 뒤처지는 건 아닌지 걱정된다.",자기 미래의 길을 AI 추천과 자기 탐색 사이에서 고르는 회기. 진로탐색·정보분석·직업이해 자리.,미래가 불안해도 마지막 판단은 내가 해야 한다.,C2,C. 다른 사람·기성 정보에 기댄다,"다른 데서 가져왔다 — 적절히 골라 쓸 수도, 자기 자리를 비울 수도 있다.","친구 말, 부모님 말, 선배 사례, 인터넷 글에 기대서 풀어간다.",14,11,0,0,20,6,C2. 친구가 적은 진로를 비슷하게 따라 적는다,친구의 선택이 내 자리에 들어왔다 — 친구의 진로는 내 것이 아니다.,"친구가 데이터나 AI 관련 직업이 안전할 것 같다고 해서 나도 비슷하게 적었다. 상담 때 왜 그쪽인지 묻자, 내 경험보다 친구가 한 말이 먼저 떠올랐다.",2,6,,,20,1,인식·해석 / 자기성찰,R1. 그대로 제출,친구가 적은 진로를 비슷하게 따라 적어 냈다. 자기 자리에 친구의 선택이 들어왔다.,2,1,--,-,10,57,,,,5,22,D,R2. 한 번 읽고 이상한 곳만 표시,한 번 읽어 보니 친구가 말한 이유와 내 이유가 거의 같다는 것이 보였다.,5,4,--,0,20,67,,,비판적 사고,7,32,D,R3. 내 질문과 경험에 비춰 다시 확인,친구의 말과 내 경험을 갈라 놓고 내가 직접 궁금한 일을 다시 적었다.,15,11,--,+,30,77,자기검증,5,"진로탐색, 자기성찰, 자기검증, 비판적 사고",10,42,C
career,AI 시대에 내 진로는?,"학기 말 진로 상담을 앞두고 머릿속이 복잡해졌다. AI 때문에 일자리가 사라진다는 말도 들리고, 영어 공부도 실시간 번역이 되면 굳이 해야 하는지 헷갈린다. 어떤 직업이 살아남을지 모르겠고, AI를 안 쓰면 나만 뒤처지는 건 아닌지 걱정된다.",자기 미래의 길을 AI 추천과 자기 탐색 사이에서 고르는 회기. 진로탐색·정보분석·직업이해 자리.,미래가 불안해도 마지막 판단은 내가 해야 한다.,C3,C. 다른 사람·기성 정보에 기댄다,"다른 데서 가져왔다 — 적절히 골라 쓸 수도, 자기 자리를 비울 수도 있다.","친구 말, 부모님 말, 선배 사례, 인터넷 글에 기대서 풀어간다.",14,11,0,0,20,6,C3. 아직 모르겠다고 비워 둔다,한 줄도 적지 않았다 — 진로 사고를 건너뛰었다.,"상담 카드에 “아직 잘 모르겠습니다”라고만 적었다. 거짓말은 아니었지만, 걱정되는 일과 궁금한 일까지 함께 적지는 않았다.",2,1,,,20,1,자기성찰 / 인식·해석,R1. 그대로 제출,아직 모르겠다고 한 줄만 적었다. 진로 사고를 건너뛴 자리에 단서가 없었다.,2,1,--,-,10,57,,,,1,10,D,R2. 한 번 읽고 이상한 곳만 표시,한 번 읽어 보니 모르겠다는 말만 있고 상담할 단서가 없다는 것이 보였다.,3,3,--,-,20,67,,,,2,21,D,R3. 내 질문과 경험에 비춰 다시 확인,아직 모른다는 말 옆에 걱정되는 것·해 본 것·더 알아볼 것을 한 줄씩 적었다.,13,10,--,0,30,77,,,,4,30,D
studyplan,시험 2주 전 — 공부를 어떻게,"학기 말 중간고사가 2주 앞으로 다가왔다. 5과목 중 자신 있는 과목은 2개 정도이고, 나머지 3개는 어디부터 해야 할지 잘 모르겠다. 책상 위에는 시험 범위표와 문제집이 펼쳐져 있고, 오늘은 어떻게 공부할지부터 정해야 했다.",시험 학습을 AI 보조와 자기 페이스 사이에서 짜는 회기. 학습설계·시간관리·학습전략 자리.,내가 뭘 모르는지 알아차리는 순간부터 공부 계획은 내 것이 된다.,A1,A. 직접 계획을 세우고 공부한다,내 손으로 약점부터 봤다 — 내 시험은 내가 가장 잘 안다.,문제를 조금 풀어 보고 내가 약한 단원부터 시간을 나눈다.,25,20,+,+,20,8,A1. 지난 단원 문제를 풀어 약점을 찾고 약한 과목에 시간을 더 둔다,내가 뭘 모르는지부터 봤다 — 약점이 보이는 자리에서 공부 순서가 생긴다.,"지난 단원 문제를 조금 풀어 보니 수학 도형과 과학 전기 단원에서 많이 막혔다. 자신 있는 과목은 짧게 확인하고, 막힌 과목에 시간을 더 넣은 계획표를 만들었다.",12,10,,,20,10,실천·설계 / 자기성찰,R1. 그대로 진행,지난 단원 문제를 풀어 약한 과목을 찾고 그 자리에 시간을 더 둔 계획을 그대로 시작했다. 자기 약점이 시간표 안에 들어왔다.,2,1,++,++,10,68,,,"학습설계, 시간관리",25,92,S,R2. 한 번 보고 빠진 과목만 표시,한 번 훑으니 과학 전기 단원에 둔 시간이 조금 부족했다. 그 칸을 늘리고 자신 있는 과목 시간을 줄였다.,5,4,++,++,20,78,,,"학습설계, 시간관리, 검수능력",27,95,S,R3. 오답 확인 + 약점 다시 배치,틀린 문제를 다시 풀어 보고 막힌 단원을 두 개 더 찾았다. 약한 자리에 시간을 더 옮겨 시험 쪽으로 계획이 가까워졌다.,15,11,++,++,30,88,자기검증,5,"학습설계, 시간관리, 학습전략, 자기검증",30,98,S
studyplan,시험 2주 전 — 공부를 어떻게,"학기 말 중간고사가 2주 앞으로 다가왔다. 5과목 중 자신 있는 과목은 2개 정도이고, 나머지 3개는 어디부터 해야 할지 잘 모르겠다. 책상 위에는 시험 범위표와 문제집이 펼쳐져 있고, 오늘은 어떻게 공부할지부터 정해야 했다.",시험 학습을 AI 보조와 자기 페이스 사이에서 짜는 회기. 학습설계·시간관리·학습전략 자리.,내가 뭘 모르는지 알아차리는 순간부터 공부 계획은 내 것이 된다.,A2,A. 직접 계획을 세우고 공부한다,내 손으로 약점부터 봤다 — 내 시험은 내가 가장 잘 안다.,문제를 조금 풀어 보고 내가 약한 단원부터 시간을 나눈다.,25,20,+,+,20,8,A2. 약점을 직접 짚은 뒤 막힌 한 단원만 AI에게 어디부터 다시 봐야 하는지 묻는다,내가 길을 안 다음에 AI 손이 점만 닿았다 — 출발은 내 오답이고 도구는 AI다.,"먼저 문제를 풀어 보니 수학 도형 단원이 가장 막혔다. 그 한 단원만 AI에게 어디부터 다시 봐야 하는지 물어보고, 답 중 시험 범위에 맞는 부분만 내 오답 옆에 적었다.",6,6,,,20,7,실천·설계 / 인식·해석,R1. 그대로 진행,자기 약점을 직접 짚은 뒤 막힌 한 단원만 AI에게 물어 받은 답을 자기 오답 옆에 적고 시작했다. 출발은 자기 오답이었다.,2,1,+,+,10,65,,,"학습설계, 학습전략",18,75,A,R2. 한 번 보고 빠진 과목만 표시,한 번 보니 AI가 알려 준 단계 중 시험 범위 밖 내용이 하나 있었다. 그 줄을 빼고 범위 안만 남겼다.,5,4,+,+,20,75,,,"학습설계, 학습전략, 검수능력",20,80,A,R3. 오답 확인 + 약점 다시 배치,자기 오답 옆에 AI 답을 나란히 두고 비교하며 정말 필요한 부분만 골라 다시 적었다. AI는 도구로 자리잡았다.,15,11,+,++,30,85,,,"학습설계, 학습전략, 검수능력, 자기검증",23,86,S
studyplan,시험 2주 전 — 공부를 어떻게,"학기 말 중간고사가 2주 앞으로 다가왔다. 5과목 중 자신 있는 과목은 2개 정도이고, 나머지 3개는 어디부터 해야 할지 잘 모르겠다. 책상 위에는 시험 범위표와 문제집이 펼쳐져 있고, 오늘은 어떻게 공부할지부터 정해야 했다.",시험 학습을 AI 보조와 자기 페이스 사이에서 짜는 회기. 학습설계·시간관리·학습전략 자리.,내가 뭘 모르는지 알아차리는 순간부터 공부 계획은 내 것이 된다.,A3,A. 직접 계획을 세우고 공부한다,내 손으로 약점부터 봤다 — 내 시험은 내가 가장 잘 안다.,문제를 조금 풀어 보고 내가 약한 단원부터 시간을 나눈다.,25,20,+,+,20,8,A3. 모든 과목을 똑같이 나눠서 공부한다,시간을 공평하게 나눴다 — 깔끔하지만 약점 단원이 같은 칸에 묻힌다.,"5과목을 똑같이 나눠서 하루에 조금씩 보기로 했다. 계획표는 깔끔했지만, 이미 아는 과목과 모르는 과목이 같은 칸을 차지했다.",2,1,,,20,3,실천·설계,R1. 그대로 진행,5과목을 똑같이 나눈 깔끔한 계획표를 그대로 시작했다. 약점 단원이 같은 칸에 묻힌 채로.,2,1,0,+,10,61,,,학습설계,12,55,B,R2. 한 번 보고 빠진 과목만 표시,한 번 보니 이미 아는 과목에도 시간이 너무 많이 들어가 있었다. 그 칸을 줄여 약한 쪽으로 옮겼다.,3,3,0,+,20,71,,,"학습설계, 시간관리",14,63,B,R3. 오답 확인 + 약점 다시 배치,간단한 문제를 풀어 보고 약한 과목 쪽으로 시간을 다시 옮겼다. 균등 계획 안에서 자기 약점이 보이기 시작했다.,13,10,0,++,30,81,자기성찰,5,"학습설계, 시간관리, 자기성찰, 검수능력",17,70,A
studyplan,시험 2주 전 — 공부를 어떻게,"학기 말 중간고사가 2주 앞으로 다가왔다. 5과목 중 자신 있는 과목은 2개 정도이고, 나머지 3개는 어디부터 해야 할지 잘 모르겠다. 책상 위에는 시험 범위표와 문제집이 펼쳐져 있고, 오늘은 어떻게 공부할지부터 정해야 했다.",시험 학습을 AI 보조와 자기 페이스 사이에서 짜는 회기. 학습설계·시간관리·학습전략 자리.,내가 뭘 모르는지 알아차리는 순간부터 공부 계획은 내 것이 된다.,B1,B. AI에게 공부법을 받는다,AI에 공부법을 맡겼다 — 내 약점을 누가 알아야 하는지 따져봐야 한다.,AI에게 시험 공부 방법이나 약점별 공부 순서를 물어본다.,6,5,-,-,20,4,B1. AI에게 중2 시험 공부법을 한 줄로 묻고 그대로 따른다,한 줄로 묻고 따랐다 — AI는 내 약점을 모른 채 일반론을 준다.,"AI는 예습, 복습, 기출 문제, 오답 정리 같은 공부법을 차례로 알려 줬다. 말은 다 맞아 보였지만 내가 수학 도형을 모르는지, 과학 전기를 모르는지는 알지 못했다.",2,1,,,20,1,인식·해석,R1. 그대로 진행,AI에게 시험 공부법을 한 줄로 묻고 받은 일반 공부법을 그대로 따랐다. 자기 약한 단원이 어디인지 모른 채로.,2,1,--,-,10,55,,,,8,16,D,R2. 한 번 보고 빠진 과목만 표시,한 번 읽어 보니 AI 공부법에 자기가 약한 단원 이름이 하나도 없었다. 그 자리에 자기 시험 약점을 표시했다.,3,3,--,0,20,65,비판적 사고,5,,10,29,D,R3. 오답 확인 + 약점 다시 배치,먼저 문제를 풀어 보고 AI 답을 자기 약점에 맞게 다시 골랐다. AI 일반론 위에 자기 시험 약점을 다시 얹었다.,13,10,--,+,30,75,,,,12,39,C
studyplan,시험 2주 전 — 공부를 어떻게,"학기 말 중간고사가 2주 앞으로 다가왔다. 5과목 중 자신 있는 과목은 2개 정도이고, 나머지 3개는 어디부터 해야 할지 잘 모르겠다. 책상 위에는 시험 범위표와 문제집이 펼쳐져 있고, 오늘은 어떻게 공부할지부터 정해야 했다.",시험 학습을 AI 보조와 자기 페이스 사이에서 짜는 회기. 학습설계·시간관리·학습전략 자리.,내가 뭘 모르는지 알아차리는 순간부터 공부 계획은 내 것이 된다.,B2,B. AI에게 공부법을 받는다,AI에 공부법을 맡겼다 — 내 약점을 누가 알아야 하는지 따져봐야 한다.,AI에게 시험 공부 방법이나 약점별 공부 순서를 물어본다.,6,5,-,-,20,4,B2. 내 약점을 말하고 AI 공부 순서를 받아 그대로 쓴다,약점을 말하고 답을 받았다 — 내 정보만큼만 답이 좁아진다.,"AI에게 수학 도형이 약하고 영어 단어가 밀렸다고 말하자, 공부 순서를 나눠 줬다. 도움이 됐지만 내가 정말 어디에서 틀리는지는 문제를 풀어 봐야 알 수 있었다.",4,8,,,20,5,인식·해석 / 실천·설계,R1. 그대로 진행,자기 약점을 말하고 받은 AI 공부 순서를 그대로 썼다. 정보는 자기 것이었지만 순서는 AI가 잡았다.,2,1,0,0,10,59,,,학습설계,7,57,B,R2. 한 번 보고 빠진 과목만 표시,한 번 보니 자기가 말한 약점이 너무 넓어서 공부 순서가 흐렸다. 약점을 더 좁게 다시 적었다.,5,4,0,+,20,69,,,"학습설계, 학습전략, 검수능력",9,65,B,R3. 오답 확인 + 약점 다시 배치,오답을 보고 약점을 더 작게 나눈 뒤 필요한 공부법만 남겼다. 자기 오답을 지나간 답이 살아남았다.,15,11,0,++,30,79,검수능력,5,"학습설계, 학습전략, 검수능력, 자기검증",12,72,A
studyplan,시험 2주 전 — 공부를 어떻게,"학기 말 중간고사가 2주 앞으로 다가왔다. 5과목 중 자신 있는 과목은 2개 정도이고, 나머지 3개는 어디부터 해야 할지 잘 모르겠다. 책상 위에는 시험 범위표와 문제집이 펼쳐져 있고, 오늘은 어떻게 공부할지부터 정해야 했다.",시험 학습을 AI 보조와 자기 페이스 사이에서 짜는 회기. 학습설계·시간관리·학습전략 자리.,내가 뭘 모르는지 알아차리는 순간부터 공부 계획은 내 것이 된다.,B3,B. AI에게 공부법을 받는다,AI에 공부법을 맡겼다 — 내 약점을 누가 알아야 하는지 따져봐야 한다.,AI에게 시험 공부 방법이나 약점별 공부 순서를 물어본다.,6,5,-,-,20,4,"B3. 내가 먼저 오답을 분석하고 약점을 짚은 뒤, AI에게 단원별로 구체적으로 묻고 답을 내 오답 옆에서 검수한다",내 약점이 먼저 보이고 나서 AI가 도구가 됐다 — 출발은 내 오답이고 AI 답은 내 검수를 거친다.,"먼저 문제를 풀어 보고 틀린 단원을 표시한 다음, AI에게 수학 도형은 어디부터 다시 봐야 하는지 물었다. AI 답을 그대로 쓰지 않고 내 오답 옆에 필요한 부분만 적었다.",6,16,,,20,10,인식·해석 / 자기성찰,R1. 그대로 진행,자기가 먼저 오답을 분석하고 약점을 짚은 뒤 AI에게 단원별로 구체적으로 물어 답을 자기 오답 옆에서 검수했다. 출발은 자기 오답이었다.,2,1,++,++,10,64,,,"학습설계, 학습전략, 검수능력",10,88,S,R2. 한 번 보고 빠진 과목만 표시,한 번 보니 AI가 추천한 순서 중 시험 범위 밖 내용이 조금 있었다. 그 부분을 빼고 자기 계획만 남겼다.,5,4,++,++,20,74,학습전략,5,"학습설계, 학습전략, 검수능력, 비판적 사고",12,93,S,R3. 오답 확인 + 약점 다시 배치,시험 범위표와 오답을 다시 맞춰 보고 AI 답에서 자기 약점에 필요한 부분만 골라 계획에 넣었다. 출발과 검수가 모두 자기 손에 있었다.,15,11,++,++,30,84,,,"학습설계, 학습전략, 시간관리, 검수능력, 자기검증",14,100,S
studyplan,시험 2주 전 — 공부를 어떻게,"학기 말 중간고사가 2주 앞으로 다가왔다. 5과목 중 자신 있는 과목은 2개 정도이고, 나머지 3개는 어디부터 해야 할지 잘 모르겠다. 책상 위에는 시험 범위표와 문제집이 펼쳐져 있고, 오늘은 어떻게 공부할지부터 정해야 했다.",시험 학습을 AI 보조와 자기 페이스 사이에서 짜는 회기. 학습설계·시간관리·학습전략 자리.,내가 뭘 모르는지 알아차리는 순간부터 공부 계획은 내 것이 된다.,C1,C. 다른 사람·기성 자료에 기댄다,"다른 데서 가져왔다 — 적절히 골라 쓸 수도, 자기 약점을 못 볼 수도 있다.",친구 계획·학원 시간표·작년 시험지에 기대서 공부 방향을 잡는다.,14,11,0,0,20,6,"C1. 작년 기말 시험지와 오답노트를 다시 꺼내 약했던 단원을 짚고, 올해 문제집과 비교해 시간을 다시 배치한다",작년의 내가 거름이 되어 올해 약점 자리에 시간이 옮겨졌다 — 자기 자료를 적극 활용하면 자기 약점이 또렷해진다.,"작년 기말 시험지와 오답노트를 다시 꺼내 어디서 많이 틀렸는지 짚고, 올해 문제집과 비교해 작년 약점이 그대로 남았는지 확인했다. 그 자리에 시간을 더 넣고 이미 잡힌 단원은 줄였다.",4,12,,,20,10,실천·설계 / 자기성찰,R1. 그대로 진행,작년 기말 시험지와 오답노트를 다시 꺼내 약했던 단원을 짚고 올해 문제집과 비교해 시간을 다시 배치한 계획을 그대로 시작했다. 작년의 자기가 거름이 되었다.,2,1,++,++,10,66,,,"학습설계, 시간관리, 자기성찰",5,88,S,R2. 한 번 보고 빠진 과목만 표시,한 번 보니 작년에 약했던 단원 중 올해는 이미 잡힌 부분이 있었다. 그 칸을 줄이고 아직 약한 자리에 시간을 더 옮겼다.,5,4,++,++,20,76,,,"학습설계, 시간관리, 자기성찰, 비판적 사고",7,93,S,R3. 오답 확인 + 약점 다시 배치,작년 오답노트와 올해 문제집을 비교해서 지금 더 급한 단원에 시간을 다시 옮겼다. 자기 변화가 시간표 안에 살아났다.,15,11,++,++,30,86,학습설계,5,"학습설계, 시간관리, 학습전략, 자기성찰, 자기검증",10,100,S
studyplan,시험 2주 전 — 공부를 어떻게,"학기 말 중간고사가 2주 앞으로 다가왔다. 5과목 중 자신 있는 과목은 2개 정도이고, 나머지 3개는 어디부터 해야 할지 잘 모르겠다. 책상 위에는 시험 범위표와 문제집이 펼쳐져 있고, 오늘은 어떻게 공부할지부터 정해야 했다.",시험 학습을 AI 보조와 자기 페이스 사이에서 짜는 회기. 학습설계·시간관리·학습전략 자리.,내가 뭘 모르는지 알아차리는 순간부터 공부 계획은 내 것이 된다.,C2,C. 다른 사람·기성 자료에 기댄다,"다른 데서 가져왔다 — 적절히 골라 쓸 수도, 자기 약점을 못 볼 수도 있다.",친구 계획·학원 시간표·작년 시험지에 기대서 공부 방향을 잡는다.,14,11,0,0,20,6,C2. 잘하는 친구의 공부 계획표를 받아 그대로 따라 한다,친구 계획이 내 자리에 들어왔다 — 친구의 약점은 내 약점이 아니다.,"잘하는 친구가 만든 계획표를 그대로 받아 따라 했다. 친구는 영어를 길게 잡았지만, 나는 수학 도형이 더 급했다. 친구 약점 자리에 내 시간이 들어가 있었다.",2,6,,,20,1,실천·설계 / 인식·해석,R1. 그대로 진행,잘하는 친구의 공부 계획표를 받아 그대로 따라 했다. 친구 약점 자리에 자기 시간이 들어가 있었다.,2,1,--,-,10,57,,,,5,25,D,R2. 한 번 보고 빠진 과목만 표시,한 번 보니 친구 계획에는 자기가 약한 수학 도형 시간이 부족했다. 그 칸을 늘리고 친구만 길게 잡힌 자리는 줄였다.,5,4,--,0,20,67,,,비판적 사고,7,35,D,R3. 오답 확인 + 약점 다시 배치,친구 계획을 지우고 자기 오답에 맞게 시간을 다시 나눴다. 친구 자리에서 자기 시험 자리로 돌아왔다.,15,11,--,+,30,77,,,"학습설계, 시간관리, 자기성찰, 자기검증",10,45,C
studyplan,시험 2주 전 — 공부를 어떻게,"학기 말 중간고사가 2주 앞으로 다가왔다. 5과목 중 자신 있는 과목은 2개 정도이고, 나머지 3개는 어디부터 해야 할지 잘 모르겠다. 책상 위에는 시험 범위표와 문제집이 펼쳐져 있고, 오늘은 어떻게 공부할지부터 정해야 했다.",시험 학습을 AI 보조와 자기 페이스 사이에서 짜는 회기. 학습설계·시간관리·학습전략 자리.,내가 뭘 모르는지 알아차리는 순간부터 공부 계획은 내 것이 된다.,C3,C. 다른 사람·기성 자료에 기댄다,"다른 데서 가져왔다 — 적절히 골라 쓸 수도, 자기 약점을 못 볼 수도 있다.",친구 계획·학원 시간표·작년 시험지에 기대서 공부 방향을 잡는다.,14,11,0,0,20,6,C3. 어차피 안 된다고 생각하고 게임을 한다,선택을 미뤘다 — 시간은 흘러도 시험 범위는 그대로다.,책상에 앉았다가 어차피 늦었다는 생각이 들어 게임을 켰다. 잠깐만 하려고 했는데 시험 범위표는 그대로 접힌 채 남았다.,2,1,,,20,1,자기성찰,R1. 그대로 진행,어차피 안 된다고 생각하고 게임을 켰다. 시험 범위표는 그대로 접힌 채 남았다.,2,1,--,--,10,57,,,,1,10,D,R2. 한 번 보고 빠진 과목만 표시,한 번 보니 시험 범위표도 제대로 확인하지 않았다. 늦었다는 말 뒤에 자기가 모르는 단원이 숨어 있었다.,3,3,--,-,20,67,,,,2,21,D,R3. 오답 확인 + 약점 다시 배치,게임을 끄고 시험 범위와 모르는 단원 세 개만 먼저 적었다. 전부는 못 해도 시작 자리는 만들었다.,13,10,--,0,30,77,,,,4,30,D
