scenario_id,type,id,parent,label,desc,lesson,basePoint,varPoint,points,boostType,delegation,knowledge,delta_afterA_del,delta_afterA_know,delta_afterB_del,delta_afterB_know,delta_afterC_del,delta_afterC_know,stageCost_time,stageCost_energy,result_text,result_summary,result_lesson,result_deltaR2,result_deltaR3,result_basePoint,result_hiddenIssues,matchGroups,discountTags_humanCentric,discountTags_domain,discountTags_strongDomain
selfintro,tier1,A,,내 이야기를 먼저 찾아본다,"완벽하지 않아도 내 단어, 내 기억, 내 초안에서 시작한다.",내 자리에서 시작했다 — AI를 쓰더라도 나를 대신 소개하게 하지 않았다.,10,15,,,+,+,,,,,,,1,1,,,,,,,,,중심잡기,자기이해,
selfintro,tier1,B,,AI에게 시작을 도움받는다,"AI를 질문자, 구조 제공자, 초안 제공자로 쓰면서 시작을 도움받는다.",AI로 시작을 열었다 — 내가 질문에 답하고 내 경험을 넣지 않으면 글이 일반적으로 흐를 수 있다.,10,0,,,-,-,,,,,,,1,1,,,,,,,,,중심잡기,표현력,
selfintro,tier1,C,,AI에게 자기소개를 맡겨본다,AI에게 자기소개 결과물을 먼저 맡기는 길이다.,결과물부터 맡겼다 — 검토 단계에서 내 재료와 말투를 얼마나 되찾는지가 중요하다.,10,8,,,0,0,,,,,,,1,1,,,,,,,,,성찰하기,검토력,
selfintro,tier2,A1,A,나를 떠올리는 단어에서 시작해 직접 글을 쓴다,,내가 고른 단어에서 글이 시작됐다 — 자기 안에서 재료를 찾는 것이 자기소개의 출발점이다.,10,25,,,,,++,++,+,+,+,+,16,14,내가 고른 단어를 바탕으로 직접 이어 썼다. 단어마다 뭔가 설명하려는 문장이 있었지만 연결이 어색하거나 설명이 부족한 곳도 있었다.,내가 고른 단어로 시작한 자기소개,자기 단어에서 글이 시작됐다 — 어색해도 내 재료가 들어간 자리다.,3,6,,,자기성찰,중심잡기,자기이해;표현력,자기이해
selfintro,tier2,A2,A,나를 소개할 만한 일을 떠올려 짧은 이야기로 쓴다,,실제로 겪은 일에서 글이 나왔다 — 경험이 자기소개의 근거가 된다.,10,12,,,,,+,+,+,+,+,+,15,13,실제로 겪은 일을 짧게 적은 이야기형 초안이 만들어졌다. 사건은 보이지만 그 일이 왜 나를 보여주는지는 아직 분명하지 않았다.,실제 경험이 들어간 자기소개,경험이 들어오면 자기소개에 무게가 생긴다 — 왜 그 경험인지가 연결될 때 글이 완성된다.,5,11,,,자기성찰;표현·소통,중심잡기,자기이해;표현력,자기이해
selfintro,tier2,A3,A,서툴어도 일단 초안을 쓴 뒤 필요한 도움만 받는다,,짧고 서툴어도 내가 먼저 썼다 — 내 말투는 살아 있지만 더 다듬을 여지가 남는다.,10,0,,,,,0,+,-,0,0,0,12,10,짧고 서툴지만 내가 직접 쓴 초안이 만들어졌다. 내 말투는 살아 있었지만 내용이 부족하거나 반복되는 부분이 있었다.,내 말투가 살아 있는 초안,"서툴어도 먼저 썼다 — 내 말투는 살아 있고, 더 다듬을 자리도 보인다.",9,17,,,자기성찰,성찰하기,표현력;검토력,표현력
selfintro,tier2,B1,B,AI 질문에 떠오르는 만큼 답하고 글을 만든다,,AI 질문에 답하며 글이 시작됐다. 다만 답이 구체적이지 않으면 AI가 빈자리를 채워 일반적인 글로 흐를 수 있다.,10,0,,,,,-,-,--,-,--,-,6,5,AI가 준 질문에 답한 내용을 바탕으로 자기소개 초안이 만들어졌다. 시작은 쉬웠지만 답이 짧거나 경험이 빠진 자리가 있었다.,AI 질문에서 시작한 자기소개,AI 질문이 시작을 도왔다 — 내 이유와 경험이 들어가야 내 자기소개가 된다.,13,23,,AI 질문에 짧게만 답해 왜 그렇게 생각하는지가 빠진 자리가 있음;실제 경험이 없는 답이 그대로 글로 들어갈 수 있음;문장은 자연스럽지만 내 특징을 드러내는 내용이 약함,인식·해석,중심잡기,탐색력;자기이해,탐색력
selfintro,tier2,B2,B,AI에게 글의 순서를 받고 내 이야기에 맞게 바꾼다,,AI 구조에 내 이야기를 채웠다 — 틀은 정리됐지만 내용이 틀에 맞춰 들어간 느낌이 남을 수 있다.,10,5,,,,,0,0,0,0,0,0,8,6,AI가 준 자기소개 순서를 바탕으로 내 정보를 넣고 일부 순서를 바꿨다. 구조는 정리됐지만 빈칸을 채운 느낌이 남았다.,AI 구조에 내 이야기를 채운 자기소개,구조는 빌렸지만 내용은 내 것이었다 — 내가 말하고 싶은 부분이 잘 보이는지 확인이 필요하다.,8,15,,,인식·해석;표현·소통,융합하기,표현력;자기이해,표현력
selfintro,tier2,B3,B,AI 초안을 받고 좋아 보이는 문장과 내 메모를 섞어 글을 만든다,,AI 문장과 내 메모가 섞였다 — 어떤 표현이 내 이야기의 중심인지 확인하는 것이 핵심이다.,10,25,,,,,++,++,++,++,++,++,10,8,AI 초안에서 좋아 보이는 문장을 고르고 내가 쓴 짧은 메모를 함께 넣어 초안이 만들어졌다. 문장은 자연스럽지만 어느 표현이 내 이야기의 중심인지 흐릿했다.,AI 문장과 내 메모가 섞인 자기소개,AI 표현과 내 메모가 섞였다 — 내 메모의 표현이 살아 있는지 확인하는 것이 핵심이다.,5,12,,,인식·해석;표현·소통,융합하기,검토력;표현력,검토력
selfintro,tier2,C1,C,아무 정보 없이 AI에게 바로 써달라고 한다,,AI가 아무 정보 없이 만든 글에서 시작했다 — 문장은 매끄럽지만 내 이야기는 거의 없다.,10,-10,,,,,-,-,--,-,--,-,3,2,AI가 아무 정보 없이 만든 일반적인 자기소개 초안이 만들어졌다. 문장은 매끄럽지만 실제 나에 대한 정보는 거의 없었다.,AI가 상상한 학생의 자기소개,AI가 상상한 글에는 내가 없다 — 검토에서 얼마나 내 이야기를 되찾는지가 전부다.,5,12,,,인식·해석,성찰하기,검토력,검토력
selfintro,tier2,C2,C,내 정보 몇 가지만 넣어 AI에게 써달라고 한다,,기본 정보는 들어갔지만 이유와 맥락은 부족했다 — 검토에서 얼마나 채우는지가 중요하다.,10,5,,,,,0,0,0,0,0,0,5,4,"이름, 취미, 좋아하는 과목, 성격 같은 기본 정보를 바탕으로 AI가 만든 초안이 만들어졌다. 내 정보는 들어 있지만 이유와 맥락이 부족했다.",내 정보가 들어간 AI 자기소개,정보가 들어가도 이유가 없으면 글이 얕아진다 — 왜 그것을 좋아하는지가 내 자기소개를 만든다.,10,20,,기본 정보는 들어 있지만 이유와 경험이 빠진 자리가 있음;내가 실제로 어떤 사람인지보다 항목 나열로 보일 수 있음,인식·해석;표현·소통,성찰하기,자기이해;검토력,자기이해
selfintro,tier2,C3,C,AI 글을 받은 뒤 내 글로 다시 쓴다,,"AI 흐름을 참고해 다시 썼다 — 내가 동의하는 내용만 골랐는지, 내 이야기가 들어갔는지가 핵심이다.",10,15,,,,,+,+,+,+,+,+,11,9,AI 글의 흐름이나 표현을 참고하되 내가 동의하는 내용만 골라 다시 썼다. AI에서 출발했지만 일부 판단은 내가 한 상태였다.,AI 흐름을 참고해 다시 쓴 자기소개,AI 흐름에 맞추다 보면 내 이야기가 덜 들어갈 수 있다 — 내가 동의한 내용이 내 경험과 연결되는지 확인이 필요하다.,11,20,,AI 흐름을 따르다 내 이야기가 덜 들어간 부분이 남을 수 있음;내가 실제로 설명할 수 있는 문장인지 확인이 필요함,자기성찰;인식·해석,융합하기,표현력;검토력,검토력
selfintro,review,R1,,바로 반 게시판 글로 넘긴다,확인하지 않고 바로 넘겼다. 빠르게 끝났지만 어색한 표현이나 내가 책임지기 어려운 내용이 남을 수 있다.,검토를 건너뛰었다 — 검증할 기회를 놓쳤다.,,,10,none,,,,,,,,,2,1,,,,,,,,,,,
selfintro,review,R2,,어색한 문장과 내 말투가 아닌 표현만 고친다,"어색한 문장과 내 말투가 아닌 표현을 골라 고쳤다. 글의 표면은 다듬었지만, 내용의 중심까지 모두 확인한 것은 아니다.",한 번 훑어 명백한 오류를 잡았다. 도메인지식 +1,,,18,explicit,,,,,,,,,5,4,,,,,,,,,성찰하기,검토력;표현력,검토력
selfintro,review,R3,,친구가 물어봐도 내가 설명할 수 있는 내용인지 다시 본다,친구가 물어봐도 내가 설명할 수 있는 내용인지 처음부터 다시 확인했다. 자기소개를 내가 책임질 수 있는 글로 만드는 검토다.,처음부터 다시 읽으니 빠진 것이 보였다. 도메인지식 +3,,,30,all,,,,,,,,,10,8,,,,,,,,,성찰하기,검토력;자기이해,검토력
groupwork,tier1,A,,모둠과 먼저 방향을 정한다,"모둠이 함께 발표 질문을 정하고, 역할을 나누고, 각자 맡은 내용을 이해하려는 길이다.",모둠 자리에서 시작했다 — 발표는 모둠이 함께 이해한 이야기일 때 단단하다.,10,15,,,+,+,,,,,,,1,1,,,,,,,,,중심잡기,협업력;소통력,
groupwork,tier1,B,,AI로 발표 준비를 빠르게 만들어본다,"AI에게 발표 개요, 슬라이드 문구, 발표 대본 같은 결과물을 빠르게 받아보는 길이다.",AI 결과물부터 받았다 — 우리 동네와 모둠 생각이 약해진다.,10,0,,,-,-,,,,,,,1,1,,,,,,,,,중심잡기,자료판단력,
groupwork,tier1,C,,각자 따로 준비하거나 발표 모양부터 만든다,"모둠 회의를 충분히 하지 않고 각자 자료를 찾거나, 발표 잘하는 친구에게 맡기거나, 슬라이드 디자인과 대본의 모양을 먼저 만드는 길이다.",회의 없이 또는 모양부터 만들었다 — 완성된 것처럼 보이는 발표와 모둠이 이해한 발표는 다르다.,10,8,,,0,0,,,,,,,1,1,,,,,,,,,성찰하기,협업력;검토력,
groupwork,tier2,A1,A,모둠원들과 발표 질문을 먼저 정한다,,모둠 질문에서 시작했다 — 발표의 중심이 잡힌다.,10,25,,,,,++,++,+,+,+,+,16,14,"모둠원들이 함께 정한 발표 질문 하나가 만들어진다. 예를 들어 “우리 동네에서 청소년이 안전하게 쉴 공간은 충분한가?”처럼 발표의 중심이 되는 질문은 생겼지만, 아직 자료와 역할은 정리되지 않았다.",모둠 질문 중심의 발표 준비,모둠 질문에서 시작했다 — 발표의 중심이 잡힌다.,3,6,93,,표현·소통,성찰하기,협업력;소통력,협업력
groupwork,tier2,A2,A,역할을 나누고 각자 맡을 내용을 정한다,,역할을 나눴다 — 나뉜 일이 발표 흐름과 어떻게 이어지는지가 다음 자리다.,10,12,,,,,+,+,+,+,+,+,14,12,"자료조사, 슬라이드, 발표, 정리 같은 역할이 나뉘고, 각자 맡을 내용이 정리된 역할 분담표가 만들어진다. 역할은 나뉘었지만, 각 역할이 발표의 전체 흐름과 어떻게 이어지는지는 아직 확인이 필요하다.",역할 분담 + 흐름 정합 발표 준비,역할을 나눴다 — 나뉜 일이 발표 흐름과 어떻게 이어지는지가 다음 자리다.,5,11,70,,표현·소통,성찰하기,협업력;학습력,협업력
groupwork,tier2,A3,A,내가 맡은 내용을 먼저 이해하고 말로 정리한다,,내 파트를 이해했다 — 말로 설명할 수 있어야 내 발표가 된다.,10,0,,,,,0,+,-,0,0,0,15,13,"내가 맡은 자료를 읽고 세 문장으로 정리하거나, 발표할 부분을 말로 연습한 초안이 만들어진다. 내 파트의 핵심은 잡혔지만, 설명하기 어려운 단어나 예상 질문은 아직 남아 있을 수 있다.",내 파트 이해 + 말로 설명 가능한 준비,내 파트를 이해했다 — 말로 설명할 수 있어야 내 발표가 된다.,9,17,49,,표현·소통;자기성찰,성찰하기,표현력;문해력,표현력
groupwork,tier2,B1,B,AI에게 발표 주제와 개요를 부탁한다,,AI 개요부터 받았다 — 모양은 잡히지만 우리 동네는 약하다.,10,-10,,,,,-,-,--,-,--,-,5,4,"AI가 만든 발표 주제 후보와 발표 개요가 만들어진다. 전체 흐름은 깔끔하지만, 우리 동네의 실제 상황이나 모둠이 하고 싶은 질문과 맞는지는 아직 알 수 없다.",AI 개요 + 우리 동네 정합 검토 준비,AI 개요부터 받았다 — 모양은 잡히지만 우리 동네는 약하다.,13,23,16,출처 없는 통계 숫자가 들어감;실제 책이나 자료에 없는 문장이 인용처럼 들어감;모둠의 발표 흐름과 연결되는 부분이 없음,인식·해석,중심잡기,자료판단력;표현력,자료판단력
groupwork,tier2,B2,B,AI에게 슬라이드 문구를 만들어 달라고 한다,,AI 슬라이드를 받았다 — 발표자가 설명할 수 있는 문장인지가 자리다.,10,5,,,,,0,0,0,0,0,0,4,3,"AI가 만든 슬라이드 제목과 문구가 만들어진다. 슬라이드는 보기 좋게 채워졌지만, 발표자가 직접 설명할 수 없는 문장이나 조사 자료와 다른 표현이 섞여 있을 수 있다.",AI 슬라이드 + 설명 가능 검수 준비,AI 슬라이드를 받았다 — 발표자가 설명할 수 있는 문장인지가 자리다.,8,15,58,,인식·해석;표현·소통,융합하기,표현력;검토력,표현력
groupwork,tier2,B3,B,내가 찾은 자료를 바탕으로 AI에게 발표 대본 초안을 받는다,,내 자료 위에 AI 대본 초안을 얹었다 — 매끄러운 말보다 내가 설명하고 답할 수 있는지가 핵심이다.,10,25,,,,,++,++,++,++,++,++,10,9,"AI가 만든 발표 대본이 만들어진다. 말은 자연스럽고 멋있어 보이지만, 모둠이 실제로 조사하지 않은 내용이나 내가 이해하지 못한 표현이 들어 있을 수 있다.",AI 대본 + 답할 수 있는 부분 정리 준비,AI 대본까지 맡겼다 — 매끄러우나 내가 답할 수 없으면 흔들린다.,5,12,88,,인식·해석;표현·소통,융합하기,자료판단력;표현력,자료판단력
groupwork,tier2,C1,C,모둠 회의 없이 각자 자료를 찾아 합친다,,모임 없이 자료만 모았다 — 합쳐도 하나의 발표 질문이 안 보인다.,10,-10,,,,,-,-,--,-,--,-,13,11,"각자 찾은 자료가 모이고, 그것을 슬라이드에 붙인 발표 초안이 만들어진다. 자료의 양은 많아졌지만, 하나의 발표 질문으로 이어지는지는 분명하지 않다.",각자 자료 모음 → 흐름 정합 자리,모임 없이 자료만 모았다 — 합쳐도 하나의 발표 질문이 안 보인다.,5,12,88,,인식·해석,성찰하기,협업력;자료판단력,협업력
groupwork,tier2,C2,C,발표를 잘하는 친구나 한 사람에게 많이 맡긴다,,한 사람에게 맡겼다 — 결과는 나오지만 다른 모둠원의 이해가 빈자리다.,10,5,,,,,0,0,0,0,-,0,8,7,"발표를 잘하는 친구나 자료를 많이 찾은 사람이 대본이나 슬라이드의 대부분을 만든다. 결과물은 빨리 정리되지만, 다른 모둠원이 자기 부분을 얼마나 이해하는지는 불분명하다.",한 사람 주도 → 각자 이해 점검 자리,한 사람에게 맡겼다 — 결과는 나오지만 다른 모둠원의 이해가 빈자리다.,10,20,22,다른 모둠이 들었던 예시가 그대로 남아 있음;우리 모둠 주제와 연결되지 않는 문장이 섞여 있음;출처와 만든 사람의 흔적이 섞여 있음,인식·해석;표현·소통,성찰하기,협업력;소통력,협업력
groupwork,tier2,C3,C,자료보다 발표 모양을 먼저 만든다,,모양부터 먼저 만들었다 — 깔끔해 보이지만 근거가 비어있다.,10,0,,,,,-,0,-,0,-,0,12,10,"슬라이드 디자인, 멋있어 보이는 대본, 발표 시간 맞추기처럼 발표의 모양이 먼저 정리된다. 겉보기에는 준비가 된 것 같지만, 내용의 근거와 설명이 부족할 수 있다.",모양 우선 → 빈 부분 보충 자리,모양부터 먼저 만들었다 — 깔끔해 보이지만 근거가 비어있다.,11,20,11,내가 맡은 파트의 내용을 직접 이해하지 못함;친구에게 부담이 넘어감;발표 당일 질문에 답하기 어려움,표현·소통;인식·해석,융합하기,자료판단력;검토력,자료판단력
groupwork,review,R1,,만든 자료를 바로 모둠에 공유한다,확인 없이 자료를 모둠에 넘겼다. 빠르지만 출처나 역할 연결이 어긋날 수 있다.,검토를 건너뛰었다 — 검증할 기회를 놓쳤다.,,,10,none,,,,,,,,,2,1,,,,,,,,,,,
groupwork,review,R2,,빠진 출처와 어색한 슬라이드만 확인한다,빠진 출처와 어색한 슬라이드를 확인했다. 표면 오류는 줄였지만 모둠 흐름 전체를 맞춘 것은 아니다.,한 번 훑어 명백한 오류를 잡았다. 도메인지식 +1,,,18,explicit,,,,,,,,,5,4,,,,,,,,,성찰하기,검토력;자료판단력,검토력
groupwork,review,R3,,모둠 발표 흐름과 내 설명이 맞물리는지 점검한다,내 자료가 모둠 발표 흐름 안에서 설명 가능한지 점검했다. 발표 자료를 함께 책임지는 검토다.,출처와 모둠 흐름을 다시 보니 빠진 것이 보였다. 도메인지식 +3,,,30,all,,,,,,,,,10,8,,,,,,,,,성찰하기,협업력;표현력;검토력,협업력
eorinwangja,tier1,A,,책을 직접 읽고 쓴다,어린왕자 책을 펴서 내가 읽고 그 감상으로 쓴다.,내가 읽었다 — 책 안에서 내 감상이 나온다.,10,15,,,+,+,,,,,,,1,1,,,,,,,,,중심잡기,문해력,
eorinwangja,tier1,B,,AI나 다른 도움으로 읽을 실마리를 잡는다,"AI, 요약, 소개 자료처럼 책 밖의 도움으로 읽을 부분을 찾는 길이다. 도움을 받더라도 책 안 장면을 직접 확인해야 내 감상이 생긴다.","AI나 다른 도움으로 책에 들어갈 실마리를 찾았다 — 도움은 입구가 될 수 있지만, 감상은 책 안에서 직접 만난 장면에서 나온다.",10,0,,,-,-,,,,,,,1,1,,,,,,,,,중심잡기,문해력;탐색력,
eorinwangja,tier1,C,,책 읽기를 건너뛰고 독후감을 만들어본다,"AI, 검색, 영상, 유명한 문장 같은 책 밖의 단서로 독후감을 만드는 길이다.",책 읽기를 건너뛰었다 — 결과는 빠르게 나오지만 내가 책 앞에서 멈추고 생각한 시간이 빠질 수 있다.,10,8,,,0,0,,,,,,,1,1,,,,,,,,,성찰하기,검토력,
eorinwangja,tier2,A1,A,처음부터 읽고 짧게라도 독후감을 쓴다,,처음부터 읽고 실제로 읽은 흔적을 남겼다 — 짧고 서툴어도 책이 내 안에서 나온다.,10,25,,,,,++,++,+,+,+,+,18,16,"책을 처음부터 읽고, 기억에 남는 내용과 생각을 바탕으로 짧은 독후감 초안이 만들어졌다. 글은 짧고 서툴 수 있지만, 실제로 읽은 흔적이 들어 있다.",직접 읽은 흔적이 있는 독후감,처음부터 읽고 남긴 생각은 짧아도 내 것이다 — 책이 내 안에서 나온다.,3,6,92,,인식·해석;자기성찰,중심잡기,문해력;표현력,문해력
eorinwangja,tier2,A2,A,읽다가 밑줄 친 문장이나 장면을 중심으로 쓴다,,멈춘 문장에서 감상이 나왔다 — 인상 깊은 부분이 독후감의 출발점이 된다.,10,12,,,,,+,+,+,+,+,+,16,14,"책을 읽으면서 밑줄 친 문장이나 기억에 남은 장면을 중심으로 독후감 초안이 만들어졌다. 인상 깊은 부분은 분명하지만, 그 문장이나 장면에서 내가 어떤 생각을 했는지는 아직 부족할 수 있다.",멈춘 문장 중심의 독후감,멈춘 문장이 있다면 거기서 시작한다 — 왜 멈췄는지를 쓸 때 독후감이 된다.,5,11,70,,인식·해석;표현·소통,중심잡기,문해력;분석력,문해력
eorinwangja,tier2,A3,A,이해되지 않는 부분을 붙들고 독후감을 쓴다,,막힌 자리를 솔직하게 적었다 — 이해되지 않은 부분도 책을 통과한 흔적이다.,10,0,,,,,0,+,-,0,0,0,18,16,"책을 읽다가 이해되지 않거나 헷갈린 부분을 적고, 왜 어려웠는지 쓴 독후감 초안이 만들어졌다. 완벽한 해석은 아니지만, 내가 실제로 막힌 지점이 드러난다.",이해 안 되는 부분을 솔직하게 담은 독후감,막힌 자리를 적는 것도 독후감이다 — 이해 안 됨도 책을 통과한 흔적이다.,8,15,55,,인식·해석,성찰하기,문해력;분석력,분석력
eorinwangja,tier2,B1,B,AI나 검색 요약으로 줄거리를 파악하고 중요한 장면 하나를 책에서 찾아 읽는다,,요약으로 흐름을 잡고 한 장면은 직접 확인했다 — 책 안으로 돌아왔지만 전체 맥락은 아직 얕다.,10,0,,,,,-,-,--,-,--,-,9,8,"AI나 검색으로 줄거리의 큰 흐름을 확인하고, 중요해 보이는 장면 하나를 책에서 찾아 읽은 뒤 독후감 초안이 만들어졌다. 전체를 읽지는 않았지만, 적어도 한 장면은 직접 확인했다.",요약 + 한 장면 직접 확인한 독후감,요약으로 흐름을 잡았지만 직접 읽지 않은 부분의 빈틈이 남는다 — 한 장면이 전체를 대신할 수 없다.,12,23,14,요약 내용과 실제 책 내용이 다를 수 있음;한 장면 외 다른 부분은 검증되지 않음;줄거리 이해가 표면적으로만 남을 수 있음,인식·해석,중심잡기,문해력;자료판단력,문해력
eorinwangja,tier2,B2,B,유명한 문장이나 소개 자료를 보고 그 앞뒤 장면을 직접 읽는다,,책 밖의 단서에서 시작했지만 문장이 놓인 장면은 직접 확인했다 — 유명한 말에 기대지 않고 맥락을 보려는 선택이다.,10,5,,,,,0,0,0,0,0,0,9,8,"어린왕자의 유명한 문장 하나를 고르고, 그 문장이 나오는 앞뒤 장면을 읽은 뒤 독후감 초안이 만들어졌다. 유명한 말에서 시작했지만, 문장이 놓인 상황을 일부 확인한 상태이다.",유명한 문장 앞뒤 맥락을 확인한 독후감,유명한 문장을 골랐지만 그것이 왜 그 장면에서 나왔는지 연결해야 독후감이 된다.,9,18,50,앞뒤 장면만 읽어 전체 흐름 이해가 약할 수 있음;유명 문장 중심이라 책의 다른 부분이 빠져 있음,인식·해석,융합하기,문해력;자료판단력,자료판단력
eorinwangja,tier2,B3,B,책을 읽으며 AI에게 궁금한 점을 물어보고 내 생각을 정리한다,,"책을 읽는 과정에 AI를 대화 상대로 썼다 — AI가 답을 대신 쓰는 것이 아니라, 내가 멈춘 지점을 더 생각하게 돕는 길이다.",10,25,,,,,++,++,++,++,++,++,12,10,"친구가 말해준 내용이나 영상 소개를 듣고, 그중 궁금한 장면 하나를 책에서 찾아 읽은 뒤 독후감 초안이 만들어졌다. 출발은 책 밖의 단서였지만, 일부 장면은 직접 만난 상태이다.",외부 단서에서 시작해 직접 확인한 독후감,책 밖에서 시작해도 직접 읽은 장면이 있으면 내 감상의 근거가 생긴다.,5,12,88,,인식·해석;표현·소통,융합하기,문해력;분석력;탐색력,탐색력
eorinwangja,tier2,C1,C,AI에게 줄거리와 독후감 초안을 바로 부탁한다,,AI가 만든 글에서 시작했다 — 문장은 깔끔하지만 내가 책을 읽고 만난 장면은 거의 없다.,10,-10,,,,,-,-,--,-,--,-,4,3,"AI가 줄거리와 독후감 초안을 빠르게 만들어 주었다. 문장은 그럴듯하게 정리되었지만, 내가 책에서 직접 만난 장면이나 내 감상은 거의 들어 있지 않았다.",AI 줄거리·독후감 초안,"AI 초안은 빠르게 생겼지만, 책을 직접 읽고 멈춰 생각한 과정은 대신 만들어 주지 않는다.",5,12,88,,자기성찰;인식·해석,성찰하기,검토력;문해력,검토력
eorinwangja,tier2,C2,C,검색한 줄거리나 영상 소개만 보고 독후감을 쓴다,,책 밖의 자료로 독후감을 만들었다 — 줄거리는 알지만 책의 문장과 장면 앞에서 멈춘 시간이 없다.,10,5,,,,,0,0,0,0,0,0,6,5,친구가 어린왕자는 별에서 장미를 두고 와 후회하는 이야기라고 했다. 마지막에 별로 돌아간다고 들어서 이 책은 이별에 관한 이야기 같다.,친구가 들어간 독후감,친구의 책은 친구의 것이다 — 전달 과정에서 책이 흐려진다.,10,20,28,"친구가 들려준 줄거리만 있고 책의 구체 장면이 없음;친구의 해석(""이별에 관한 이야기"")이 내 해석처럼 들어가 있음",인식·해석,성찰하기,자료판단력;문해력,자료판단력
eorinwangja,tier2,C3,C,유명한 문장이나 분위기만으로 독후감을 쓴다,,유명한 문장이나 분위기에서 바로 썼다 — 그럴듯한 감상은 만들 수 있지만 책의 구체 장면과 내 생각이 약하다.,10,15,,,,,+,+,+,+,+,+,6,5,어린왕자는 어린아이의 순수한 마음을 가진 왕자가 세상을 여행하는 이야기다. 우리는 모두 꿈을 잃지 말고 친구를 소중히 해야 한다.,일반론으로 채운 독후감,책도 자기도 통과하지 않은 자리에는 착한 말만 남는다.,11,20,12,책의 구체 장면이 한 줄도 없음;어린왕자가 아니어도 통할 만한 일반 교훈만 적힘,인식·해석,융합하기,분석력;검토력,검토력
eorinwangja,review,R1,,감상문을 바로 낸다,확인 없이 감상문을 넘겼다. 빠르지만 책과 다른 내용이나 내 감상이 아닌 문장을 놓칠 수 있다.,검토를 건너뛰었다 — 검증할 기회를 놓쳤다.,,,10,none,,,,,,,,,2,1,,,,,,,,,,,
eorinwangja,review,R2,,이상한 내용이나 책과 다른 부분만 표시한다,책과 다른 부분이나 어색한 문장을 일부 표시했다. 오류는 줄였지만 감상과 장면의 연결까지 깊게 확인한 것은 아니다.,한 번 훑어 명백한 오류를 잡았다. 도메인지식 +1,,,18,explicit,,,,,,,,,5,4,,,,,,,,,성찰하기,검토력;자료판단력,자료판단력
eorinwangja,review,R3,,책의 장면과 내 감상이 실제로 이어지는지 다시 확인한다,책의 장면과 내 감상이 이어지는지 다시 확인했다. 감상문을 내가 읽은 흔적으로 책임지는 검토다.,출처와 대조하니 미세 오류까지 보였다. 도메인지식 +3,,,30,all,,,,,,,,,10,8,,,,,,,,,성찰하기,검토력;문해력;분석력,검토력
career,tier1,A,,내가 끌리는 것과 걱정하는 것부터 찾아본다,"내가 좋아하는 것, 자주 신경 쓰는 문제, 막연하게 불안한 말을 먼저 살펴보는 길이다.",내 관심과 걱정에서 시작했다 — 진로탐구는 남의 추천이 아니라 내 질문에서 자란다.,10,15,,,+,+,,,,,,,1,1,,,,,,,,,중심잡기,자기이해;탐색력,
career,tier1,B,,AI로 가능성을 넓혀본다,"AI에게 유망한 일, 새로운 조합, 작은 프로젝트, 사라질 일과 생길 일을 물어보며 가능성을 넓혀보는 길이다.",AI로 가능성을 넓혔다 — 추천이 곧 내 진로는 아니다.,10,0,,,-,-,,,,,,,1,1,,,,,,,,,중심잡기,탐색력;분석력,
career,tier1,C,,사람들이 좋다고 말하는 길을 먼저 찾아본다,"부모님, 친구, 선생님, 유튜브, 뉴스, 인기 학과, 자격증처럼 바깥에서 좋아 보이는 기준을 따라가보는 길이다.",외부 기준을 따라갔다 — 바깥에서 좋다고 하는 말이 내 확인 없이 들어오면 그럴듯한 보고서가 된다.,10,8,,,0,0,,,,,,,1,1,,,,,,,,,성찰하기,자료판단력;분석력,
career,tier2,A1,A,내가 자주 보는 것과 좋아하는 것을 적어본다,,내 관심부터 적었다 — 어디에 마음이 쓰이는지가 진로의 출발점이다.,10,25,,,++,++,,,,,,,14,12,"내가 자주 보는 콘텐츠, 좋아하는 활동, 계속 찾아보게 되는 주제들이 적힌 관심 목록이 만들어진다. 아직 직업으로 정리되지는 않았지만, 내가 어디에 자주 마음을 쓰는지는 보이기 시작한다.",관심 목록 — 마음이 쓰이는 자리,내 관심부터 적었다 — 어디에 마음이 쓰이는지가 진로의 출발점이다.,3,6,,,실천·설계;자기성찰,중심잡기,자기이해;탐색력,자기이해
career,tier2,A2,A,AI 시대에 내가 걱정하는 말을 적어본다,,내 걱정을 적었다 — 불안은 확인할 질문으로 바꿀 수 있다.,10,12,,,+,+,,,,,,,13,11,"“AI가 내 일을 빼앗을까?”, “내가 배우는 것이 쓸모없어질까?”, “나는 뭘 잘할 수 있을까?” 같은 걱정 문장이 적힌 탐구 메모가 만들어진다. 불안은 보이지만, 아직 확인할 질문으로 정리되지는 않았다.",걱정 메모 — 불안을 확인할 질문으로,내 걱정을 적었다 — 불안은 확인할 질문으로 바꿀 수 있다.,6,11,,,실천·설계;인식·해석,중심잡기,자기이해;분석력,자기이해
career,tier2,A3,A,관심을 작은 실험으로 바꿔본다,,작은 실험으로 바꿨다 — 진로는 해보면서 확인된다.,10,0,,,0,+,,,,,,,16,14,"관심 있는 일을 30분 안에 해볼 수 있는 작은 행동이나 실험 계획이 만들어진다. 아직 큰 진로는 아니지만, 실제로 해보며 확인할 수 있는 첫 단계가 생긴다.",작은 실험 — 해볼 수 있는 첫 단계,작은 실험으로 바꿨다 — 진로는 해보면서 확인된다.,9,17,,,자기성찰,성찰하기,탐색력,탐색력
career,tier2,B1,B,AI에게 앞으로 유망한 일을 추천받는다,,AI 유망 추천을 받았다 — 사실/예상/의견을 나누는 자리가 다음이다.,10,-10,,,--,-,,,,,,,4,3,"AI가 추천한 유망 직업이나 관심 분야 목록이 만들어진다. 미래 전망, 돈, 안정성, 새로 생길 일 같은 기준이 들어 있지만, 그 일이 나와 맞는지는 아직 확인되지 않았다.",AI 유망 추천 + 근거 점검,AI 유망 추천을 받았다 — 사실/예상/의견을 나누는 자리가 다음이다.,13,23,,유망하다는 말이 내 기준을 대신함;내가 해 본 일과 이어지지 않음;불안해서 빠른 답을 정답처럼 받아들임,인식·해석,중심잡기,분석력;탐색력,분석력
career,tier2,B2,B,AI에게 내 관심으로 만들 수 있는 새 일을 제안받는다,,AI로 새 조합을 받았다 — 그럴듯함과 진짜 끌림은 다르다.,10,5,,,0,0,,,,,,,8,6,"내가 좋아하는 것과 관심사를 AI에게 넣고, 그것으로 해볼 수 있는 프로젝트나 새 일의 예시가 만들어진다. 가능성은 넓어졌지만, 실제로 내가 해보고 싶은 것과 AI가 그럴듯하게 조합한 것이 섞여 있을 수 있다.",AI 새 조합 + 진짜 끌림 점검,AI로 새 조합을 받았다 — 그럴듯함과 진짜 끌림은 다르다.,8,15,,,인식·해석;실천·설계,융합하기,탐색력;분석력,탐색력
career,tier2,B3,B,AI로 작은 결과물을 만들어보고 진로를 생각한다,,AI로 결과물을 만들었다 — AI가 한 부분과 내가 판단한 부분을 나눠야 한다.,10,25,,,++,++,,,,,,,10,8,"AI를 사용해 글, 그림, 영상 아이디어, 간단한 코드, 기획안 같은 작은 결과물이 만들어진다. 결과물은 빠르게 생겼지만, 그중 AI가 한 부분과 내가 판단한 부분이 섞여 있다.",AI 결과물 + 내 판단 분리,AI로 결과물을 만들었다 — AI가 한 부분과 내가 판단한 부분을 나눠야 한다.,5,12,,,인식·해석;실천·설계,융합하기,탐색력;표현력,탐색력
career,tier2,C1,C,유튜브나 뉴스에서 본 유망한 길을 찾아본다,,미디어 추천을 따라갔다 — 빈틈과 위험도 같이 봐야 한다.,10,-10,,,-,-,,,,,,,10,8,"영상이나 뉴스에서 좋다고 한 직업, 산업, 기술 분야를 바탕으로 진로탐구 초안이 만들어진다. 사회적으로 중요해 보이는 주제는 잡혔지만, 왜 그것이 나에게 중요한지는 아직 약하다.",미디어 정보 + 빈틈 점검,미디어 추천을 따라갔다 — 빈틈과 위험도 같이 봐야 한다.,5,12,,,인식·해석,성찰하기,자료판단력;분석력,자료판단력
career,tier2,C2,C,"부모님, 친구, 선생님이 좋다고 한 길을 따라본다",,주변 추천을 따랐다 — 추천이 내 경험과 맞는지가 자리다.,10,5,,,0,0,,,,,,,8,7,"주변 사람이 추천한 직업, 학과, 공부 방향을 바탕으로 진로탐구 초안이 만들어진다. 추천의 이유는 있지만, 그것이 내 경험과 맞는지는 아직 확인되지 않았다.",주변 추천 + 경험 정합,주변 추천을 따랐다 — 추천이 내 경험과 맞는지가 자리다.,10,20,,친구가 골랐다는 이유가 내 기준 자리에 들어가 있음;내가 해 본 일과 끌리는 부분은 글에 없음,인식·해석;표현·소통,성찰하기,자기이해;분석력,자기이해
career,tier2,C3,C,"인기 학과나 자격증, 안정적인 길을 먼저 찾아본다",,안전한 길을 모았다 — 이름이 아니라 실제 공부와 일을 봐야 한다.,10,0,,,-,0,,,,,,,9,8,"인기 학과 순위, AI 시대에 필요하다는 자격증, 안정적이라고 알려진 직업들을 모은 진로탐구 초안이 만들어진다. 안전해 보이는 정보는 많지만, 실제로 무엇을 배우고 어떤 일을 하는지는 흐릴 수 있다.",안전한 길 + 실제 내용 확인,안전한 길을 모았다 — 이름이 아니라 실제 공부와 일을 봐야 한다.,11,20,,모른다는 말만 있고 불안의 내용이 없음;상담 때 이야기할 단서가 부족함;다음에 알아볼 행동이 정해지지 않음,인식·해석;자기성찰,융합하기,탐색력;분석력,탐색력
career,review,R1,,나온 추천을 그대로 정리한다,추천이나 자료를 그대로 정리했다. 빠르지만 내 기준과 실제 경험이 빠질 수 있다.,검토를 건너뛰면 불안도 그대로 남는다.,,,10,none,,,,,,,,,2,1,,,,,,,,,,,
career,review,R2,,낯선 직업 이름과 이상한 정보만 확인한다,낯선 정보와 이상한 표현을 일부 확인했다. 오류는 줄였지만 내 기준과 연결한 검토는 아직 약하다.,이상한 부분을 잡았다. 도메인지식 +1,,,18,explicit,,,,,,,,,5,4,,,,,,,,,성찰하기,검토력;자료판단력;분석력,자료판단력
career,review,R3,,"내 관심, 걱정, 실제 해볼 활동과 이어지는지 다시 본다","추천과 정보를 내 관심, 걱정, 실제 해볼 활동에 비춰 다시 봤다. 진로 판단을 자기 기준으로 되돌리는 검토다.",내 기준으로 다시 봤다. 도메인지식 +3,,,30,all,,,,,,,,,10,8,,,,,,,,,성찰하기,검토력;자기이해;탐색력,검토력
studyplan,tier1,A,,먼저 내 실력을 확인한다,문제를 풀거나 시험 범위를 보며 내가 아는 것과 모르는 것을 먼저 확인하는 길이다.,내 약점부터 봤다 — 시험 준비는 모르는 자리에서 시작한다.,10,15,,,+,+,,,,,,,1,1,,,,,,,,,중심잡기,학습력;자기이해,
studyplan,tier1,B,,AI로 시험공부를 도와보게 한다,"AI에게 공부법, 계획표, 요약, 예상문제 같은 도움을 받아보는 길이다.",AI 도움을 받았다 — 내 시험 범위와 약점을 충분히 넣었는지가 자리다.,10,0,,,-,-,,,,,,,1,1,,,,,,,,,중심잡기,학습력,
studyplan,tier1,C,,공부한 느낌이 드는 쉬운 방법에서 시작한다,"친구 계획표, 학원 자료, 작년 시험지, 인터넷 요약, 책상 정리나 쉬운 과목처럼 공부한 느낌이 드는 것에서 시작하는 길이다.",공부한 느낌이 드는 쉬운 방법에서 시작했다 — 내 약점·올해 범위와 맞지 않으면 실제 공부는 비어 있을 수 있다.,10,0,,,0,0,,,,,,,1,1,,,,,,,,,성찰하기,검토력;학습력,
studyplan,tier2,A1,A,문제를 조금 풀어보고 약한 단원을 찾는다,,문제로 약한 단원을 찾았다 — 막연한 불안이 구체적 단원으로 보인다.,10,25,,,++,++,,,,,,,17,15,"문제를 조금 풀어본 뒤, 틀린 문제가 많은 단원과 헷갈리는 개념이 표시된 간단한 약점 목록이 만들어진다. 아직 정확한 공부 순서는 정리되지 않았지만, 막연한 불안이 구체적인 단원으로 보이기 시작한다.",약한 단원 목록 — 문제로 확인한 자리,문제로 약한 단원을 찾았다 — 막연한 불안이 구체적 단원으로 보인다.,3,6,92,,실천·설계;자기성찰,융합하기,학습력;자기이해,학습력
studyplan,tier2,A2,A,시험 범위표를 보며 아는 단원과 모르는 단원을 나눈다,,범위표로 단원을 나눴다 — 어렵다는 느낌과 실제 어려움은 다르다.,10,12,,,+,+,,,,,,,14,12,"시험 범위표 위에 아는 단원, 애매한 단원, 모르는 단원이 표시된다. 아직 문제로 확인한 것은 아니지만, 전체 시험 범위를 한눈에 보고 공부할 곳을 나눈 상태이다.",범위표 분류 — 한눈에 본 시험 범위,범위표로 단원을 나눴다 — 어렵다는 느낌과 실제 어려움은 다르다.,5,11,75,,실천·설계;인식·해석,중심잡기,학습력;자료판단력,자료판단력
studyplan,tier2,A3,A,과목별 자신감과 실제 문제 풀이를 비교한다,,자신감과 실제 풀이를 비교했다 — 감과 점수의 어긋남이 약점이다.,10,0,,,0,+,,,,,,,16,14,"과목별로 내가 느끼는 자신감과 실제로 문제를 풀어본 결과가 함께 적힌 공부 점검표가 만들어진다. 잘한다고 생각했지만 틀리는 과목, 불안했지만 생각보다 풀리는 과목이 드러날 수 있다.",자신감 vs 실제 — 감의 어긋남 점검,자신감과 실제 풀이를 비교했다 — 감과 점수의 어긋남이 약점이다.,8,15,55,,실천·설계,성찰하기,학습력;자기이해,자기이해
studyplan,tier2,B1,B,AI에게 2주 공부 계획표를 만들어 달라고 한다,,AI 계획표를 받았다 — 내 시험 범위·생활 시간 정합이 다음 자리다.,10,-10,,,--,-,,,,,,,4,3,"AI가 만든 2주짜리 공부 계획표가 만들어진다. 과목별 시간과 공부 순서는 깔끔하게 정리되어 있지만, 내 실제 약점과 생활 시간을 충분히 반영했는지는 알 수 없다.",AI 계획표 + 내 범위·시간 정합,AI 계획표를 받았다 — 내 시험 범위·생활 시간 정합이 다음 자리다.,13,23,16,학생의 실제 약한 단원을 알지 못함;모든 과목에 통하는 일반론만 제시됨;내가 뭘 모르는지 확인하는 과정이 빠져 있음,인식·해석,중심잡기,학습력,학습력
studyplan,tier2,B2,B,AI에게 내 약점을 말하고 공부 순서를 받는다,,AI 공부 순서를 받았다 — 추천 이유와 내 오답 정합이 자리다.,10,5,,,0,0,,,,,,,8,7,"내가 약하다고 느끼는 과목이나 단원을 AI에게 말하고, 그에 맞춘 공부 순서가 만들어진다. 내 정보가 들어갔지만, 그 약점이 실제 문제 풀이로 확인된 것인지는 아직 애매하다.",AI 공부 순서 + 오답 확인,AI 공부 순서를 받았다 — 추천 이유와 내 오답 정합이 자리다.,8,15,57,,인식·해석;실천·설계,융합하기,학습력;자기이해,자기이해
studyplan,tier2,B3,B,내 약점과 시험 범위를 넣어 AI에게 요약본이나 예상문제를 받는다,,내 약점과 시험 범위를 넣어 AI 자료를 받았다 — 실제 범위와 오답에 맞는지 확인해야 한다.,10,25,,,++,++,,,,,,,10,9,"AI가 만든 시험 범위 요약본이나 예상문제가 만들어진다. 빠르게 공부 자료가 생겼지만, 실제 시험 범위와 문제집의 수준을 충분히 반영했는지는 확인이 필요하다.",AI 요약·예상문제 + 실제 범위 확인,AI 요약·예상문제를 받았다 — 실제 시험 범위 확인이 자리다.,5,12,88,,인식·해석;자기성찰,융합하기,학습력;자료판단력,자료판단력
studyplan,tier2,C1,C,친구나 학원 계획표를 따라 한다,,친구·학원 계획을 따랐다 — 그쪽 약점은 내 약점과 다르다.,10,-10,,,-,-,,,,,,,7,6,"잘하는 친구의 계획표나 학원에서 준 시간표를 바탕으로 내 공부 계획이 만들어진다. 이미 정리된 계획이라 시작하기 쉬워 보이지만, 친구나 학원의 기준이 내 약점과 다를 수 있다.",친구·학원 계획 + 내 약점 정합,친구·학원 계획을 따랐다 — 그쪽 약점은 내 약점과 다르다.,5,12,88,,인식·해석,성찰하기,학습력;검토력,검토력
studyplan,tier2,C2,C,작년 시험지나 인터넷 요약 자료에 기대어 공부한다,,"작년 시험지나 인터넷 요약에서 시작했다 — 공부할 양은 줄어든 것 같지만, 올해 시험 범위와 내 약점이 빠질 수 있다.",10,0,,,0,0,,,,,,,10,8,"작년 시험지, 기출처럼 보이는 자료, 인터넷 요약본을 바탕으로 공부할 내용이 정리된다. 나올 것 같은 내용을 빠르게 잡을 수 있지만, 올해 시험 범위와 다른 부분이 있을 수 있다.",작년·인터넷 자료 + 올해 범위 거리,작년·인터넷 자료에 기댔다 — 올해 범위와의 거리가 자리다.,10,20,25,친구의 약한 단원에 내 공부 시간이 들어가 있음;내가 정말 막히는 단원에는 시간이 부족함;내 오답을 직접 본 적이 없음,인식·해석,성찰하기,자료판단력;학습력,자료판단력
studyplan,tier2,C3,C,책상 정리나 쉬운 과목처럼 부담 없는 일부터 한다,,공부한 느낌은 만들었다 — 정리된 책상과 쉬운 문제는 약점 확인을 대신하지 못한다.,10,-10,,,-,-,,,,,,,5,4,"책상 정리, 계획표 꾸미기, 자신 있는 과목만 보기, 잠깐 게임하기처럼 공부를 시작한 것 같지만 실제 공부는 거의 진행되지 않은 상태가 된다. 마음은 조금 편해질 수 있지만, 모르는 부분은 그대로 남는다.",미루기 → 작은 행동 하나로 전환,공부를 미뤘다 — 정리된 책상은 풀어본 문제가 아니다.,11,20,10,시험 범위를 확인하지 않음;모르는 과목을 그대로 둠;공부 계획 없이 시간이 지나감,자기성찰;인식·해석,융합하기,학습력;자기이해,자기이해
studyplan,review,R1,,계획표대로 바로 시작한다,계획을 바로 실행했다. 빠르게 시작하지만 내 약점이나 범위 오류를 놓칠 수 있다.,검토를 건너뛰었다 — 내 계획을 다시 볼 기회를 놓쳤다.,,,10,none,,,,,,,,,2,1,,,,,,,,,,,
studyplan,review,R2,,빠진 단원이나 너무 빡센 일정만 고친다,빠진 단원과 무리한 일정을 일부 고쳤다. 표면 조정은 했지만 오답 기준으로 다시 짠 것은 아니다.,한 번 훑어 빠진 단원을 잡았다. 도메인지식 +1,,,18,explicit,,,,,,,,,5,4,,,,,,,,,성찰하기,검토력;학습력,검토력
studyplan,review,R3,,내 오답과 남은 시간을 기준으로 우선순위를 다시 잡는다,내 오답과 남은 시간을 기준으로 우선순위를 다시 잡았다. 공부 계획을 내 약점에 맞게 책임지는 검토다.,오답을 다시 보고 약점에 시간을 옮겼다. 도메인지식 +3,,,30,all,,,,,,,,,10,8,,,,,,,,,성찰하기,검토력;학습력;자기이해,학습력
