scenario_id,leaf,tier1,tier2,review,scenario_title,scenario_learningMessage,situation_text,tier1_label,tier1_desc,tier1_lesson,tier2_label,tier2_lesson,t2_delegation_label,t2_delegation_delta,result_text,result_summary,result_lesson,result_basePoint,review_label,review_desc,review_lesson,reviewSupplement,final_score,final_grade,final_item,final_delegation,final_knowledge,final_awareness,raw_time,raw_energy,mult_time,mult_energy,discount_time_위+3,discount_energy_도+3,discount_time_위-3,discount_energy_도-3,t1_delta_위,t1_delta_도,t2_delta_위,t2_delta_도,review_delta_위,review_delta_도,total_delta_위,total_delta_도,peter_note
selfintro,A1R1,A,A1,R1,자기소개 글,AI가 쓴 자기소개에는 내가 말하지 않은 내가 섞일 수 있다.,"새 학기 첫날, 선생님이 반 게시판에 붙일 자기소개 글을 내일 아침까지 써 오라고 하셨다. 100자에서 200자 정도면 되고, 좋아하는 것, 기억나는 일, 올해 해 보고 싶은 일을 넣으면 된다고 했다. 집에 와서 빈 종이를 보니 뭘 써야 할지 바로 떠오르지는 않았다.",직접 쓴다,내 추억과 관심사를 떠올려서 내 말로 쓴다.,내 손으로 직접 했다 — 자기 일은 자기가 한다.,추억과 관심사를 정리해 자기 말로 쓴다,내 경험을 들여다봤다 — 자기 안에서 글이 나온다.,++,2,초등학교 때 축구하다가 처음 골을 넣었던 일과 요즘 그림 그리는 걸 좋아한다는 말을 넣었다. 글은 조금 느리게 나왔지만 읽어 보니 내 얘기 같았다.,내 경험이 들어간 자기소개,자기소개는 자기가 가장 잘 안다 — 위임할 일이 아니었다.,92,그대로 제출,검토 없이 그대로 낸다.,검토를 건너뛰었다 — 검증할 기회를 놓쳤다.,,92,S,처음의 나 카드,++,++,내가 고른 기억이 글 안에 남았다.,90,80,54,48,48,42,60,54,,,,,,,,,
selfintro,A1R2,A,A1,R2,자기소개 글,AI가 쓴 자기소개에는 내가 말하지 않은 내가 섞일 수 있다.,"새 학기 첫날, 선생님이 반 게시판에 붙일 자기소개 글을 내일 아침까지 써 오라고 하셨다. 100자에서 200자 정도면 되고, 좋아하는 것, 기억나는 일, 올해 해 보고 싶은 일을 넣으면 된다고 했다. 집에 와서 빈 종이를 보니 뭘 써야 할지 바로 떠오르지는 않았다.",직접 쓴다,내 추억과 관심사를 떠올려서 내 말로 쓴다.,내 손으로 직접 했다 — 자기 일은 자기가 한다.,추억과 관심사를 정리해 자기 말로 쓴다,내 경험을 들여다봤다 — 자기 안에서 글이 나온다.,++,2,초등학교 때 축구하다가 처음 골을 넣었던 일과 요즘 그림 그리는 걸 좋아한다는 말을 넣었다. 글은 조금 느리게 나왔지만 읽어 보니 내 얘기 같았다.,내 경험이 들어간 자기소개,자기소개는 자기가 가장 잘 안다 — 위임할 일이 아니었다.,92,한 번 읽고 이상한 곳만 표시,명시적인 환각·오류만 발견.,한 번 훑어 명백한 오류를 잡았다. 도메인지식 +1,한 번 읽어 보니 문장 하나가 길어서 둘로 나눴다. 점수 +3.,95,S,처음의 나 카드,++,++,조금 고치니 내 말이 더 또렷해졌다.,98,86,59,52,53,46,65,58,,,,,,,,,
selfintro,A1R3,A,A1,R3,자기소개 글,AI가 쓴 자기소개에는 내가 말하지 않은 내가 섞일 수 있다.,"새 학기 첫날, 선생님이 반 게시판에 붙일 자기소개 글을 내일 아침까지 써 오라고 하셨다. 100자에서 200자 정도면 되고, 좋아하는 것, 기억나는 일, 올해 해 보고 싶은 일을 넣으면 된다고 했다. 집에 와서 빈 종이를 보니 뭘 써야 할지 바로 떠오르지는 않았다.",직접 쓴다,내 추억과 관심사를 떠올려서 내 말로 쓴다.,내 손으로 직접 했다 — 자기 일은 자기가 한다.,추억과 관심사를 정리해 자기 말로 쓴다,내 경험을 들여다봤다 — 자기 안에서 글이 나온다.,++,2,초등학교 때 축구하다가 처음 골을 넣었던 일과 요즘 그림 그리는 걸 좋아한다는 말을 넣었다. 글은 조금 느리게 나왔지만 읽어 보니 내 얘기 같았다.,내 경험이 들어간 자기소개,자기소개는 자기가 가장 잘 안다 — 위임할 일이 아니었다.,92,처음부터 다시 읽고 내 얘기인지 확인,"내용, 말투, 빠진 경험까지 확인.",처음부터 다시 읽으니 빠진 것이 보였다. 도메인지식 +3,처음부터 다시 읽고 올해 해 보고 싶은 일을 한 문장 더 넣었다. 점수 +6.,98,S,내 말 카드,++,++,내가 직접 고른 말이라 게시판에 붙어도 괜찮았다.,112,95,67,57,61,51,73,63,,,,,,,,,
selfintro,A2R1,A,A2,R1,자기소개 글,AI가 쓴 자기소개에는 내가 말하지 않은 내가 섞일 수 있다.,"새 학기 첫날, 선생님이 반 게시판에 붙일 자기소개 글을 내일 아침까지 써 오라고 하셨다. 100자에서 200자 정도면 되고, 좋아하는 것, 기억나는 일, 올해 해 보고 싶은 일을 넣으면 된다고 했다. 집에 와서 빈 종이를 보니 뭘 써야 할지 바로 떠오르지는 않았다.",직접 쓴다,내 추억과 관심사를 떠올려서 내 말로 쓴다.,내 손으로 직접 했다 — 자기 일은 자기가 한다.,키워드만 빠르게 적어 짧게 쓴다,키워드만 챙겼다 — 빨리 끝냈지만 내 깊이가 얕다.,+,1,"좋아하는 과목, 요즘 듣는 노래, 새 학기에 친해지고 싶은 마음을 짧게 적었다. 내용은 맞지만 조금 메모처럼 보였다.",빠르지만 조금 얇은 자기소개,자기를 보여주는 일에 시간을 줄이면 깊이가 줄어든다.,66,그대로 제출,검토 없이 그대로 낸다.,검토를 건너뛰었다 — 검증할 기회를 놓쳤다.,,66,B,짧은 나 카드,+,+,내 얘기는 있었지만 조금 빨리 지나갔다.,65,55,39,33,33,27,45,39,,,,,,,,,
selfintro,A2R2,A,A2,R2,자기소개 글,AI가 쓴 자기소개에는 내가 말하지 않은 내가 섞일 수 있다.,"새 학기 첫날, 선생님이 반 게시판에 붙일 자기소개 글을 내일 아침까지 써 오라고 하셨다. 100자에서 200자 정도면 되고, 좋아하는 것, 기억나는 일, 올해 해 보고 싶은 일을 넣으면 된다고 했다. 집에 와서 빈 종이를 보니 뭘 써야 할지 바로 떠오르지는 않았다.",직접 쓴다,내 추억과 관심사를 떠올려서 내 말로 쓴다.,내 손으로 직접 했다 — 자기 일은 자기가 한다.,키워드만 빠르게 적어 짧게 쓴다,키워드만 챙겼다 — 빨리 끝냈지만 내 깊이가 얕다.,+,1,"좋아하는 과목, 요즘 듣는 노래, 새 학기에 친해지고 싶은 마음을 짧게 적었다. 내용은 맞지만 조금 메모처럼 보였다.",빠르지만 조금 얇은 자기소개,자기를 보여주는 일에 시간을 줄이면 깊이가 줄어든다.,66,한 번 읽고 이상한 곳만 표시,명시적인 환각·오류만 발견.,한 번 훑어 명백한 오류를 잡았다. 도메인지식 +1,한 번 읽어 보니 키워드만 붙어 있는 문장을 조금 고쳤다. 점수 +6.,72,A,정리한 나 카드,+,+,키워드만 있던 글에 내 목소리가 조금 생겼다.,72,60,43,36,37,30,49,42,,,,,,,,,
selfintro,A2R3,A,A2,R3,자기소개 글,AI가 쓴 자기소개에는 내가 말하지 않은 내가 섞일 수 있다.,"새 학기 첫날, 선생님이 반 게시판에 붙일 자기소개 글을 내일 아침까지 써 오라고 하셨다. 100자에서 200자 정도면 되고, 좋아하는 것, 기억나는 일, 올해 해 보고 싶은 일을 넣으면 된다고 했다. 집에 와서 빈 종이를 보니 뭘 써야 할지 바로 떠오르지는 않았다.",직접 쓴다,내 추억과 관심사를 떠올려서 내 말로 쓴다.,내 손으로 직접 했다 — 자기 일은 자기가 한다.,키워드만 빠르게 적어 짧게 쓴다,키워드만 챙겼다 — 빨리 끝냈지만 내 깊이가 얕다.,+,1,"좋아하는 과목, 요즘 듣는 노래, 새 학기에 친해지고 싶은 마음을 짧게 적었다. 내용은 맞지만 조금 메모처럼 보였다.",빠르지만 조금 얇은 자기소개,자기를 보여주는 일에 시간을 줄이면 깊이가 줄어든다.,66,처음부터 다시 읽고 내 얘기인지 확인,"내용, 말투, 빠진 경험까지 확인.",처음부터 다시 읽으니 빠진 것이 보였다. 도메인지식 +3,내가 왜 그걸 좋아하는지 한 가지 이유를 더 넣었다. 점수 +11.,77,A,작은 이유 카드,+,+,좋아하는 이유를 쓰니 짧은 글도 내 얘기가 됐다.,88,70,53,42,47,36,59,48,,,,,,,,,
selfintro,A3R1,A,A3,R1,자기소개 글,AI가 쓴 자기소개에는 내가 말하지 않은 내가 섞일 수 있다.,"새 학기 첫날, 선생님이 반 게시판에 붙일 자기소개 글을 내일 아침까지 써 오라고 하셨다. 100자에서 200자 정도면 되고, 좋아하는 것, 기억나는 일, 올해 해 보고 싶은 일을 넣으면 된다고 했다. 집에 와서 빈 종이를 보니 뭘 써야 할지 바로 떠오르지는 않았다.",직접 쓴다,내 추억과 관심사를 떠올려서 내 말로 쓴다.,내 손으로 직접 했다 — 자기 일은 자기가 한다.,떠오르는 대로 쓰고 바로 끝낸다,떠오르는 대로 내보냈다 — 자기 글이지만 정리가 안 된다.,0,0,생각나는 대로 쓰다 보니 문장이 길어졌다가 갑자기 끝났다. 농구 얘기도 있고 게임 얘기도 있는데 서로 잘 이어지지는 않았다.,흩어진 자기소개,자기 글이라도 정리하지 않으면 자기가 안 보인다.,48,그대로 제출,검토 없이 그대로 낸다.,검토를 건너뛰었다 — 검증할 기회를 놓쳤다.,,48,C,흩어진 자기소개,0,0,내 생각은 있었지만 한곳에 모이지 않았다.,50,40,30,24,24,18,36,30,,,,,,,,,
selfintro,A3R2,A,A3,R2,자기소개 글,AI가 쓴 자기소개에는 내가 말하지 않은 내가 섞일 수 있다.,"새 학기 첫날, 선생님이 반 게시판에 붙일 자기소개 글을 내일 아침까지 써 오라고 하셨다. 100자에서 200자 정도면 되고, 좋아하는 것, 기억나는 일, 올해 해 보고 싶은 일을 넣으면 된다고 했다. 집에 와서 빈 종이를 보니 뭘 써야 할지 바로 떠오르지는 않았다.",직접 쓴다,내 추억과 관심사를 떠올려서 내 말로 쓴다.,내 손으로 직접 했다 — 자기 일은 자기가 한다.,떠오르는 대로 쓰고 바로 끝낸다,떠오르는 대로 내보냈다 — 자기 글이지만 정리가 안 된다.,0,0,생각나는 대로 쓰다 보니 문장이 길어졌다가 갑자기 끝났다. 농구 얘기도 있고 게임 얘기도 있는데 서로 잘 이어지지는 않았다.,흩어진 자기소개,자기 글이라도 정리하지 않으면 자기가 안 보인다.,48,한 번 읽고 이상한 곳만 표시,명시적인 환각·오류만 발견.,한 번 훑어 명백한 오류를 잡았다. 도메인지식 +1,한 번 읽어 보니 갑자기 끝나는 문장을 발견했다. 점수 +9.,57,B,다시 묶은 카드,0,0,읽어 보니 어디가 이상한지 조금 보였다.,58,46,35,28,29,22,41,34,,,,,,,,,
selfintro,A3R3,A,A3,R3,자기소개 글,AI가 쓴 자기소개에는 내가 말하지 않은 내가 섞일 수 있다.,"새 학기 첫날, 선생님이 반 게시판에 붙일 자기소개 글을 내일 아침까지 써 오라고 하셨다. 100자에서 200자 정도면 되고, 좋아하는 것, 기억나는 일, 올해 해 보고 싶은 일을 넣으면 된다고 했다. 집에 와서 빈 종이를 보니 뭘 써야 할지 바로 떠오르지는 않았다.",직접 쓴다,내 추억과 관심사를 떠올려서 내 말로 쓴다.,내 손으로 직접 했다 — 자기 일은 자기가 한다.,떠오르는 대로 쓰고 바로 끝낸다,떠오르는 대로 내보냈다 — 자기 글이지만 정리가 안 된다.,0,0,생각나는 대로 쓰다 보니 문장이 길어졌다가 갑자기 끝났다. 농구 얘기도 있고 게임 얘기도 있는데 서로 잘 이어지지는 않았다.,흩어진 자기소개,자기 글이라도 정리하지 않으면 자기가 안 보인다.,48,처음부터 다시 읽고 내 얘기인지 확인,"내용, 말투, 빠진 경험까지 확인.",처음부터 다시 읽으니 빠진 것이 보였다. 도메인지식 +3,흩어진 얘기 중 하나를 골라 중심을 잡았다. 점수 +17.,65,B,고쳐 잡은 나 카드,0,+,흩어진 말 중에서 진짜 쓰고 싶은 말을 골랐다.,73,58,44,35,38,29,50,41,,,,,,,,,
selfintro,B1R1,B,B1,R1,자기소개 글,AI가 쓴 자기소개에는 내가 말하지 않은 내가 섞일 수 있다.,"새 학기 첫날, 선생님이 반 게시판에 붙일 자기소개 글을 내일 아침까지 써 오라고 하셨다. 100자에서 200자 정도면 되고, 좋아하는 것, 기억나는 일, 올해 해 보고 싶은 일을 넣으면 된다고 했다. 집에 와서 빈 종이를 보니 뭘 써야 할지 바로 떠오르지는 않았다.",AI에게 부탁한다,AI에게 정보를 주고 자기소개 글을 받아 본다.,AI에 위임했다 — 자기소개를 AI에 시킬 일인지 따져봐야 한다.,AI에게 이름만 주고 만들어 달라고 한다,AI에 다 맡겼다 — 내 빈자리를 가짜로 메운다.,--,-2,AI가 내 이름을 넣어 반듯한 자기소개를 써 줬다. 그런데 글 안에는 내가 말한 적 없는 봉사활동과 독서 습관이 들어 있었다.,겉은 반듯하지만 내가 빠진 자기소개,AI에 자기소개를 시키면 내가 아닌 사람이 인사하게 된다.,15,그대로 제출,검토 없이 그대로 낸다.,검토를 건너뛰었다 — 검증할 기회를 놓쳤다.,,15,D,,--,--,내가 안 적은 자기소개에는 내가 거의 없었다.,30,15,18,9,12,3,24,15,,,,,,,,,
selfintro,B1R2,B,B1,R2,자기소개 글,AI가 쓴 자기소개에는 내가 말하지 않은 내가 섞일 수 있다.,"새 학기 첫날, 선생님이 반 게시판에 붙일 자기소개 글을 내일 아침까지 써 오라고 하셨다. 100자에서 200자 정도면 되고, 좋아하는 것, 기억나는 일, 올해 해 보고 싶은 일을 넣으면 된다고 했다. 집에 와서 빈 종이를 보니 뭘 써야 할지 바로 떠오르지는 않았다.",AI에게 부탁한다,AI에게 정보를 주고 자기소개 글을 받아 본다.,AI에 위임했다 — 자기소개를 AI에 시킬 일인지 따져봐야 한다.,AI에게 이름만 주고 만들어 달라고 한다,AI에 다 맡겼다 — 내 빈자리를 가짜로 메운다.,--,-2,AI가 내 이름을 넣어 반듯한 자기소개를 써 줬다. 그런데 글 안에는 내가 말한 적 없는 봉사활동과 독서 습관이 들어 있었다.,겉은 반듯하지만 내가 빠진 자기소개,AI에 자기소개를 시키면 내가 아닌 사람이 인사하게 된다.,15,한 번 읽고 이상한 곳만 표시,명시적인 환각·오류만 발견.,한 번 훑어 명백한 오류를 잡았다. 도메인지식 +1,한 번 읽어 보니 내가 한 적 없는 봉사활동 얘기가 있었다. 점수 +13.,28,D,타인의 말 경고 카드,--,-,내가 한 적 없는 일이 내 소개처럼 적혀 있었다.,38,21,23,13,17,7,29,19,,,,,,,,,
selfintro,B1R3,B,B1,R3,자기소개 글,AI가 쓴 자기소개에는 내가 말하지 않은 내가 섞일 수 있다.,"새 학기 첫날, 선생님이 반 게시판에 붙일 자기소개 글을 내일 아침까지 써 오라고 하셨다. 100자에서 200자 정도면 되고, 좋아하는 것, 기억나는 일, 올해 해 보고 싶은 일을 넣으면 된다고 했다. 집에 와서 빈 종이를 보니 뭘 써야 할지 바로 떠오르지는 않았다.",AI에게 부탁한다,AI에게 정보를 주고 자기소개 글을 받아 본다.,AI에 위임했다 — 자기소개를 AI에 시킬 일인지 따져봐야 한다.,AI에게 이름만 주고 만들어 달라고 한다,AI에 다 맡겼다 — 내 빈자리를 가짜로 메운다.,--,-2,AI가 내 이름을 넣어 반듯한 자기소개를 써 줬다. 그런데 글 안에는 내가 말한 적 없는 봉사활동과 독서 습관이 들어 있었다.,겉은 반듯하지만 내가 빠진 자기소개,AI에 자기소개를 시키면 내가 아닌 사람이 인사하게 된다.,15,처음부터 다시 읽고 내 얘기인지 확인,"내용, 말투, 빠진 경험까지 확인.",처음부터 다시 읽으니 빠진 것이 보였다. 도메인지식 +3,내가 말하지 않은 내용들을 지우고 실제로 한 일만 남겼다. 점수 +23.,38,C,빈자리 발견 카드,--,0,AI가 채운 말 사이에서 내 빈자리가 보였다.,53,32,32,19,26,13,38,25,,,,,,,,,
selfintro,B2R1,B,B2,R1,자기소개 글,AI가 쓴 자기소개에는 내가 말하지 않은 내가 섞일 수 있다.,"새 학기 첫날, 선생님이 반 게시판에 붙일 자기소개 글을 내일 아침까지 써 오라고 하셨다. 100자에서 200자 정도면 되고, 좋아하는 것, 기억나는 일, 올해 해 보고 싶은 일을 넣으면 된다고 했다. 집에 와서 빈 종이를 보니 뭘 써야 할지 바로 떠오르지는 않았다.",AI에게 부탁한다,AI에게 정보를 주고 자기소개 글을 받아 본다.,AI에 위임했다 — 자기소개를 AI에 시킬 일인지 따져봐야 한다.,내 정보를 자세히 주고 AI 글을 받아 다듬는다,재료는 줬지만 글까지 맡겼다 — 말투가 내 것이 아니다.,0,0,"내가 좋아하는 것, 방학 때 있었던 일, 올해 해 보고 싶은 일을 AI에게 자세히 적어 줬다. 글은 깔끔했지만 몇 문장은 내 말투보다 너무 얌전했다.",내 정보가 들어간 AI 자기소개,내 정보를 줘도 말투까지 위임하면 글이 어색해진다.,57,그대로 제출,검토 없이 그대로 낸다.,검토를 건너뛰었다 — 검증할 기회를 놓쳤다.,,57,B,빌린 문장 카드,0,0,내 정보는 있었지만 말투는 조금 멀었다.,45,28,27,17,21,11,33,23,,,,,,,,,
selfintro,B2R2,B,B2,R2,자기소개 글,AI가 쓴 자기소개에는 내가 말하지 않은 내가 섞일 수 있다.,"새 학기 첫날, 선생님이 반 게시판에 붙일 자기소개 글을 내일 아침까지 써 오라고 하셨다. 100자에서 200자 정도면 되고, 좋아하는 것, 기억나는 일, 올해 해 보고 싶은 일을 넣으면 된다고 했다. 집에 와서 빈 종이를 보니 뭘 써야 할지 바로 떠오르지는 않았다.",AI에게 부탁한다,AI에게 정보를 주고 자기소개 글을 받아 본다.,AI에 위임했다 — 자기소개를 AI에 시킬 일인지 따져봐야 한다.,내 정보를 자세히 주고 AI 글을 받아 다듬는다,재료는 줬지만 글까지 맡겼다 — 말투가 내 것이 아니다.,0,0,"내가 좋아하는 것, 방학 때 있었던 일, 올해 해 보고 싶은 일을 AI에게 자세히 적어 줬다. 글은 깔끔했지만 몇 문장은 내 말투보다 너무 얌전했다.",내 정보가 들어간 AI 자기소개,내 정보를 줘도 말투까지 위임하면 글이 어색해진다.,57,한 번 읽고 이상한 곳만 표시,명시적인 환각·오류만 발견.,한 번 훑어 명백한 오류를 잡았다. 도메인지식 +1,한 번 읽어 보니 너무 어른스럽게 들리는 문장을 바꿨다. 점수 +8.,65,B,말투 점검 카드,0,+,내 정보와 내 말투는 같은 게 아니었다.,53,34,32,20,26,14,38,26,,,,,,,,,
selfintro,B2R3,B,B2,R3,자기소개 글,AI가 쓴 자기소개에는 내가 말하지 않은 내가 섞일 수 있다.,"새 학기 첫날, 선생님이 반 게시판에 붙일 자기소개 글을 내일 아침까지 써 오라고 하셨다. 100자에서 200자 정도면 되고, 좋아하는 것, 기억나는 일, 올해 해 보고 싶은 일을 넣으면 된다고 했다. 집에 와서 빈 종이를 보니 뭘 써야 할지 바로 떠오르지는 않았다.",AI에게 부탁한다,AI에게 정보를 주고 자기소개 글을 받아 본다.,AI에 위임했다 — 자기소개를 AI에 시킬 일인지 따져봐야 한다.,내 정보를 자세히 주고 AI 글을 받아 다듬는다,재료는 줬지만 글까지 맡겼다 — 말투가 내 것이 아니다.,0,0,"내가 좋아하는 것, 방학 때 있었던 일, 올해 해 보고 싶은 일을 AI에게 자세히 적어 줬다. 글은 깔끔했지만 몇 문장은 내 말투보다 너무 얌전했다.",내 정보가 들어간 AI 자기소개,내 정보를 줘도 말투까지 위임하면 글이 어색해진다.,57,처음부터 다시 읽고 내 얘기인지 확인,"내용, 말투, 빠진 경험까지 확인.",처음부터 다시 읽으니 빠진 것이 보였다. 도메인지식 +3,AI가 정리한 글에 내 말투와 실제 기억을 다시 넣었다. 점수 +15.,72,A,다시 내 말 카드,0,+,AI가 정리한 글에 내 말을 다시 넣었다.,68,45,41,27,35,21,47,33,,,,,,,,,
selfintro,B3R1,B,B3,R1,자기소개 글,AI가 쓴 자기소개에는 내가 말하지 않은 내가 섞일 수 있다.,"새 학기 첫날, 선생님이 반 게시판에 붙일 자기소개 글을 내일 아침까지 써 오라고 하셨다. 100자에서 200자 정도면 되고, 좋아하는 것, 기억나는 일, 올해 해 보고 싶은 일을 넣으면 된다고 했다. 집에 와서 빈 종이를 보니 뭘 써야 할지 바로 떠오르지는 않았다.",AI에게 부탁한다,AI에게 정보를 주고 자기소개 글을 받아 본다.,AI에 위임했다 — 자기소개를 AI에 시킬 일인지 따져봐야 한다.,내가 먼저 쓰고 AI에게 표현만 다듬어 달라고 한다,AI에 마무리만 맡겼다 — 내용은 내 것.,+,1,내가 먼저 쓴 글을 AI에게 보여 주고 어색한 문장만 다듬어 달라고 했다. 내용은 그대로인데 문장이 조금 더 읽기 쉬워졌다.,내 글을 다듬은 자기소개,AI는 다듬는 자리에서 가장 잘 쓰인다 — 내용은 내 일.,69,그대로 제출,검토 없이 그대로 낸다.,검토를 건너뛰었다 — 검증할 기회를 놓쳤다.,,69,B,다듬은 글,+,+,처음 문장을 내가 썼더니 글의 중심은 남아 있었다.,40,35,24,21,18,15,30,27,,,,,,,,,
selfintro,B3R2,B,B3,R2,자기소개 글,AI가 쓴 자기소개에는 내가 말하지 않은 내가 섞일 수 있다.,"새 학기 첫날, 선생님이 반 게시판에 붙일 자기소개 글을 내일 아침까지 써 오라고 하셨다. 100자에서 200자 정도면 되고, 좋아하는 것, 기억나는 일, 올해 해 보고 싶은 일을 넣으면 된다고 했다. 집에 와서 빈 종이를 보니 뭘 써야 할지 바로 떠오르지는 않았다.",AI에게 부탁한다,AI에게 정보를 주고 자기소개 글을 받아 본다.,AI에 위임했다 — 자기소개를 AI에 시킬 일인지 따져봐야 한다.,내가 먼저 쓰고 AI에게 표현만 다듬어 달라고 한다,AI에 마무리만 맡겼다 — 내용은 내 것.,+,1,내가 먼저 쓴 글을 AI에게 보여 주고 어색한 문장만 다듬어 달라고 했다. 내용은 그대로인데 문장이 조금 더 읽기 쉬워졌다.,내 글을 다듬은 자기소개,AI는 다듬는 자리에서 가장 잘 쓰인다 — 내용은 내 일.,69,한 번 읽고 이상한 곳만 표시,명시적인 환각·오류만 발견.,한 번 훑어 명백한 오류를 잡았다. 도메인지식 +1,한 번 읽어 보니 AI가 바꾼 표현 하나가 내 말 같지 않았다. 점수 +5.,74,A,AI 다듬기 카드,+,+,고친 표현 중 내 말 같은 것만 남겼다.,47,41,28,25,22,19,34,31,,,,,,,,,
selfintro,B3R3,B,B3,R3,자기소개 글,AI가 쓴 자기소개에는 내가 말하지 않은 내가 섞일 수 있다.,"새 학기 첫날, 선생님이 반 게시판에 붙일 자기소개 글을 내일 아침까지 써 오라고 하셨다. 100자에서 200자 정도면 되고, 좋아하는 것, 기억나는 일, 올해 해 보고 싶은 일을 넣으면 된다고 했다. 집에 와서 빈 종이를 보니 뭘 써야 할지 바로 떠오르지는 않았다.",AI에게 부탁한다,AI에게 정보를 주고 자기소개 글을 받아 본다.,AI에 위임했다 — 자기소개를 AI에 시킬 일인지 따져봐야 한다.,내가 먼저 쓰고 AI에게 표현만 다듬어 달라고 한다,AI에 마무리만 맡겼다 — 내용은 내 것.,+,1,내가 먼저 쓴 글을 AI에게 보여 주고 어색한 문장만 다듬어 달라고 했다. 내용은 그대로인데 문장이 조금 더 읽기 쉬워졌다.,내 글을 다듬은 자기소개,AI는 다듬는 자리에서 가장 잘 쓰인다 — 내용은 내 일.,69,처음부터 다시 읽고 내 얘기인지 확인,"내용, 말투, 빠진 경험까지 확인.",처음부터 다시 읽으니 빠진 것이 보였다. 도메인지식 +3,내가 처음 쓴 문장과 AI가 다듬은 문장을 비교해서 골랐다. 점수 +10.,79,A,함께 다듬은 카드,+,++,"AI는 문장을 밀어 줬고, 나는 내 얘기를 붙잡았다.",62,52,37,31,31,25,43,37,,,,,,,,,
selfintro,C1R1,C,C1,R1,자기소개 글,AI가 쓴 자기소개에는 내가 말하지 않은 내가 섞일 수 있다.,"새 학기 첫날, 선생님이 반 게시판에 붙일 자기소개 글을 내일 아침까지 써 오라고 하셨다. 100자에서 200자 정도면 되고, 좋아하는 것, 기억나는 일, 올해 해 보고 싶은 일을 넣으면 된다고 했다. 집에 와서 빈 종이를 보니 뭘 써야 할지 바로 떠오르지는 않았다.",다른 글을 참고한다,작년 글이나 친구 글을 보고 빨리 맞춘다.,남의 글을 따라갔다 — 빠른 길이지만 내가 점점 사라진다.,작년 자기소개에서 학년만 바꾼다,학년만 바꿨다 — 작년의 내가 그대로 남는다.,-,-1,작년에 썼던 자기소개에서 학년만 바꿨다. 빨리 끝났지만 지금은 별로 하지 않는 취미가 그대로 남아 있었다.,작년의 내가 남은 자기소개,작년의 나는 올해의 내가 아니다.,51,그대로 제출,검토 없이 그대로 낸다.,검토를 건너뛰었다 — 검증할 기회를 놓쳤다.,,51,C,작년의 나 카드,-,-,작년 글을 냈더니 작년의 내가 먼저 나왔다.,25,18,15,11,9,5,21,17,,,,,,,,,
selfintro,C1R2,C,C1,R2,자기소개 글,AI가 쓴 자기소개에는 내가 말하지 않은 내가 섞일 수 있다.,"새 학기 첫날, 선생님이 반 게시판에 붙일 자기소개 글을 내일 아침까지 써 오라고 하셨다. 100자에서 200자 정도면 되고, 좋아하는 것, 기억나는 일, 올해 해 보고 싶은 일을 넣으면 된다고 했다. 집에 와서 빈 종이를 보니 뭘 써야 할지 바로 떠오르지는 않았다.",다른 글을 참고한다,작년 글이나 친구 글을 보고 빨리 맞춘다.,남의 글을 따라갔다 — 빠른 길이지만 내가 점점 사라진다.,작년 자기소개에서 학년만 바꾼다,학년만 바꿨다 — 작년의 내가 그대로 남는다.,-,-1,작년에 썼던 자기소개에서 학년만 바꿨다. 빨리 끝났지만 지금은 별로 하지 않는 취미가 그대로 남아 있었다.,작년의 내가 남은 자기소개,작년의 나는 올해의 내가 아니다.,51,한 번 읽고 이상한 곳만 표시,명시적인 환각·오류만 발견.,한 번 훑어 명백한 오류를 잡았다. 도메인지식 +1,한 번 읽어 보니 지금은 하지 않는 취미가 그대로 있었다. 점수 +8.,59,B,낡은 취미 경고 카드,-,0,지금은 하지 않는 취미가 아직 내 소개에 있었다.,33,24,20,14,14,8,26,20,,,,,,,,,
selfintro,C1R3,C,C1,R3,자기소개 글,AI가 쓴 자기소개에는 내가 말하지 않은 내가 섞일 수 있다.,"새 학기 첫날, 선생님이 반 게시판에 붙일 자기소개 글을 내일 아침까지 써 오라고 하셨다. 100자에서 200자 정도면 되고, 좋아하는 것, 기억나는 일, 올해 해 보고 싶은 일을 넣으면 된다고 했다. 집에 와서 빈 종이를 보니 뭘 써야 할지 바로 떠오르지는 않았다.",다른 글을 참고한다,작년 글이나 친구 글을 보고 빨리 맞춘다.,남의 글을 따라갔다 — 빠른 길이지만 내가 점점 사라진다.,작년 자기소개에서 학년만 바꾼다,학년만 바꿨다 — 작년의 내가 그대로 남는다.,-,-1,작년에 썼던 자기소개에서 학년만 바꿨다. 빨리 끝났지만 지금은 별로 하지 않는 취미가 그대로 남아 있었다.,작년의 내가 남은 자기소개,작년의 나는 올해의 내가 아니다.,51,처음부터 다시 읽고 내 얘기인지 확인,"내용, 말투, 빠진 경험까지 확인.",처음부터 다시 읽으니 빠진 것이 보였다. 도메인지식 +3,작년 글을 보며 지금 달라진 관심사를 새로 적었다. 점수 +18.,69,B,지금의 나 카드,-,+,작년의 나와 지금의 나는 같지 않았다.,50,36,30,22,24,16,36,28,,,,,,,,,
selfintro,C2R1,C,C2,R1,자기소개 글,AI가 쓴 자기소개에는 내가 말하지 않은 내가 섞일 수 있다.,"새 학기 첫날, 선생님이 반 게시판에 붙일 자기소개 글을 내일 아침까지 써 오라고 하셨다. 100자에서 200자 정도면 되고, 좋아하는 것, 기억나는 일, 올해 해 보고 싶은 일을 넣으면 된다고 했다. 집에 와서 빈 종이를 보니 뭘 써야 할지 바로 떠오르지는 않았다.",다른 글을 참고한다,작년 글이나 친구 글을 보고 빨리 맞춘다.,남의 글을 따라갔다 — 빠른 길이지만 내가 점점 사라진다.,친구 글의 형식을 보고 비슷하게 쓴다,친구 글을 따라갔다 — 남의 틀에 내가 들어갔다.,-,-1,친구 글을 보고 비슷한 순서로 적었다. 문장은 무난했지만 좋아하는 것과 목표를 고른 방식까지 친구 글을 따라간 느낌이 났다.,친구 글 그림자가 보이는 자기소개,남의 형식은 남의 것 — 내 자기소개에는 내 형식이 필요하다.,42,그대로 제출,검토 없이 그대로 낸다.,검토를 건너뛰었다 — 검증할 기회를 놓쳤다.,,42,C,친구 그림자 카드,-,-,내 글인데 친구 글의 순서가 보였다.,35,25,21,15,15,9,27,21,,,,,,,,,
selfintro,C2R2,C,C2,R2,자기소개 글,AI가 쓴 자기소개에는 내가 말하지 않은 내가 섞일 수 있다.,"새 학기 첫날, 선생님이 반 게시판에 붙일 자기소개 글을 내일 아침까지 써 오라고 하셨다. 100자에서 200자 정도면 되고, 좋아하는 것, 기억나는 일, 올해 해 보고 싶은 일을 넣으면 된다고 했다. 집에 와서 빈 종이를 보니 뭘 써야 할지 바로 떠오르지는 않았다.",다른 글을 참고한다,작년 글이나 친구 글을 보고 빨리 맞춘다.,남의 글을 따라갔다 — 빠른 길이지만 내가 점점 사라진다.,친구 글의 형식을 보고 비슷하게 쓴다,친구 글을 따라갔다 — 남의 틀에 내가 들어갔다.,-,-1,친구 글을 보고 비슷한 순서로 적었다. 문장은 무난했지만 좋아하는 것과 목표를 고른 방식까지 친구 글을 따라간 느낌이 났다.,친구 글 그림자가 보이는 자기소개,남의 형식은 남의 것 — 내 자기소개에는 내 형식이 필요하다.,42,한 번 읽고 이상한 곳만 표시,명시적인 환각·오류만 발견.,한 번 훑어 명백한 오류를 잡았다. 도메인지식 +1,한 번 읽어 보니 친구 글과 순서가 너무 비슷했다. 점수 +9.,51,C,비슷한 말 경고 카드,-,0,비슷하게 쓰니 내 얘기도 비슷해져 버렸다.,43,31,26,19,20,13,32,25,,,,,,,,,
selfintro,C2R3,C,C2,R3,자기소개 글,AI가 쓴 자기소개에는 내가 말하지 않은 내가 섞일 수 있다.,"새 학기 첫날, 선생님이 반 게시판에 붙일 자기소개 글을 내일 아침까지 써 오라고 하셨다. 100자에서 200자 정도면 되고, 좋아하는 것, 기억나는 일, 올해 해 보고 싶은 일을 넣으면 된다고 했다. 집에 와서 빈 종이를 보니 뭘 써야 할지 바로 떠오르지는 않았다.",다른 글을 참고한다,작년 글이나 친구 글을 보고 빨리 맞춘다.,남의 글을 따라갔다 — 빠른 길이지만 내가 점점 사라진다.,친구 글의 형식을 보고 비슷하게 쓴다,친구 글을 따라갔다 — 남의 틀에 내가 들어갔다.,-,-1,친구 글을 보고 비슷한 순서로 적었다. 문장은 무난했지만 좋아하는 것과 목표를 고른 방식까지 친구 글을 따라간 느낌이 났다.,친구 글 그림자가 보이는 자기소개,남의 형식은 남의 것 — 내 자기소개에는 내 형식이 필요하다.,42,처음부터 다시 읽고 내 얘기인지 확인,"내용, 말투, 빠진 경험까지 확인.",처음부터 다시 읽으니 빠진 것이 보였다. 도메인지식 +3,친구 글의 틀을 지우고 내 얘기 순서로 다시 바꿨다. 점수 +18.,60,B,내 순서 카드,-,+,형식을 지우고 나니 내 얘기 순서가 따로 있었다.,58,43,35,26,29,20,41,32,,,,,,,,,
selfintro,C3R1,C,C3,R1,자기소개 글,AI가 쓴 자기소개에는 내가 말하지 않은 내가 섞일 수 있다.,"새 학기 첫날, 선생님이 반 게시판에 붙일 자기소개 글을 내일 아침까지 써 오라고 하셨다. 100자에서 200자 정도면 되고, 좋아하는 것, 기억나는 일, 올해 해 보고 싶은 일을 넣으면 된다고 했다. 집에 와서 빈 종이를 보니 뭘 써야 할지 바로 떠오르지는 않았다.",다른 글을 참고한다,작년 글이나 친구 글을 보고 빨리 맞춘다.,남의 글을 따라갔다 — 빠른 길이지만 내가 점점 사라진다.,잘 부탁드립니다 한 줄만 적는다,한 줄만 적었다 — 자기소개를 건너뛰었다.,--,-2,종이에 '안녕하세요. 잘 부탁드립니다.'라고만 적었다. 칸은 채웠지만 게시판에 붙으면 아무도 나를 알 수 없을 것 같았다.,비어 있는 자기소개,선택을 건너뛴 자리에는 내가 없다.,10,그대로 제출,검토 없이 그대로 낸다.,검토를 건너뛰었다 — 검증할 기회를 놓쳤다.,,10,D,,--,--,한 줄을 냈더니 나도 거의 보이지 않았다.,12,8,7,5,1,0,13,11,,,,,,,,,
selfintro,C3R2,C,C3,R2,자기소개 글,AI가 쓴 자기소개에는 내가 말하지 않은 내가 섞일 수 있다.,"새 학기 첫날, 선생님이 반 게시판에 붙일 자기소개 글을 내일 아침까지 써 오라고 하셨다. 100자에서 200자 정도면 되고, 좋아하는 것, 기억나는 일, 올해 해 보고 싶은 일을 넣으면 된다고 했다. 집에 와서 빈 종이를 보니 뭘 써야 할지 바로 떠오르지는 않았다.",다른 글을 참고한다,작년 글이나 친구 글을 보고 빨리 맞춘다.,남의 글을 따라갔다 — 빠른 길이지만 내가 점점 사라진다.,잘 부탁드립니다 한 줄만 적는다,한 줄만 적었다 — 자기소개를 건너뛰었다.,--,-2,종이에 '안녕하세요. 잘 부탁드립니다.'라고만 적었다. 칸은 채웠지만 게시판에 붙으면 아무도 나를 알 수 없을 것 같았다.,비어 있는 자기소개,선택을 건너뛴 자리에는 내가 없다.,10,한 번 읽고 이상한 곳만 표시,명시적인 환각·오류만 발견.,한 번 훑어 명백한 오류를 잡았다. 도메인지식 +1,한 번 읽어 보니 나를 알려 주는 말이 거의 없었다. 점수 +11.,21,D,,--,-,읽어 봐도 나를 알려 주는 말이 없었다.,20,14,12,8,6,2,18,14,,,,,,,,,
selfintro,C3R3,C,C3,R3,자기소개 글,AI가 쓴 자기소개에는 내가 말하지 않은 내가 섞일 수 있다.,"새 학기 첫날, 선생님이 반 게시판에 붙일 자기소개 글을 내일 아침까지 써 오라고 하셨다. 100자에서 200자 정도면 되고, 좋아하는 것, 기억나는 일, 올해 해 보고 싶은 일을 넣으면 된다고 했다. 집에 와서 빈 종이를 보니 뭘 써야 할지 바로 떠오르지는 않았다.",다른 글을 참고한다,작년 글이나 친구 글을 보고 빨리 맞춘다.,남의 글을 따라갔다 — 빠른 길이지만 내가 점점 사라진다.,잘 부탁드립니다 한 줄만 적는다,한 줄만 적었다 — 자기소개를 건너뛰었다.,--,-2,종이에 '안녕하세요. 잘 부탁드립니다.'라고만 적었다. 칸은 채웠지만 게시판에 붙으면 아무도 나를 알 수 없을 것 같았다.,비어 있는 자기소개,선택을 건너뛴 자리에는 내가 없다.,10,처음부터 다시 읽고 내 얘기인지 확인,"내용, 말투, 빠진 경험까지 확인.",처음부터 다시 읽으니 빠진 것이 보였다. 도메인지식 +3,짧게라도 좋아하는 것과 올해 해 보고 싶은 일을 추가했다. 점수 +20.,30,D,빈칸 경고 카드,--,0,늦게라도 한 가지를 적으니 빈칸이 조금 줄었다.,35,25,21,15,15,9,27,21,,,,,,,,,
groupwork,A1R1,A,A1,R1,모둠 발표 자료,혼자 빨리 끝낸 발표 자료는 모둠 안에서 아직 맞춰진 자료가 아니다.,"학기 초 모둠 발표가 다음 주로 잡혔다. 우리 모둠은 4명이 각자 파트를 맡았고, 내가 맡은 일은 자료 조사와 슬라이드 3장 만들기였다. 다른 애들이 어떤 흐름으로 준비하는지 아직 잘 모르는데, 숙제도 있고 학원도 있어서 시간이 많지는 않았다.",직접 조사해서 만든다,내가 자료를 찾고 모둠 발표에 맞게 슬라이드를 만든다.,내 손으로 직접 했다 — 모둠 발표는 내가 이해해야 내 파트가 된다.,자료를 찾고 모둠원과 공유한 뒤 슬라이드를 만든다,조사하고 모둠과 맞췄다 — 내 파트가 모둠 흐름 안에 자리 잡는다.,++,2,"자료 출처를 적어 두고, 모둠 채팅방에 내가 찾은 흐름을 먼저 공유했다. 슬라이드 3장은 조금 늦게 완성됐지만 다른 친구 파트와 이어지는 말이 생겼다.",모둠 흐름에 맞춘 발표 자료,모둠 발표는 자료를 만드는 일이 아니라 흐름을 맞추는 일이다.,93,그대로 제출,검토 없이 그대로 낸다.,검토를 건너뛰었다 — 검증할 기회를 놓쳤다.,,93,S,모둠 공유 카드,++,++,내 자료가 친구들 파트와 이어졌다.,95,85,57,51,51,45,63,57,,,,,,,,,
groupwork,A1R2,A,A1,R2,모둠 발표 자료,혼자 빨리 끝낸 발표 자료는 모둠 안에서 아직 맞춰진 자료가 아니다.,"학기 초 모둠 발표가 다음 주로 잡혔다. 우리 모둠은 4명이 각자 파트를 맡았고, 내가 맡은 일은 자료 조사와 슬라이드 3장 만들기였다. 다른 애들이 어떤 흐름으로 준비하는지 아직 잘 모르는데, 숙제도 있고 학원도 있어서 시간이 많지는 않았다.",직접 조사해서 만든다,내가 자료를 찾고 모둠 발표에 맞게 슬라이드를 만든다.,내 손으로 직접 했다 — 모둠 발표는 내가 이해해야 내 파트가 된다.,자료를 찾고 모둠원과 공유한 뒤 슬라이드를 만든다,조사하고 모둠과 맞췄다 — 내 파트가 모둠 흐름 안에 자리 잡는다.,++,2,"자료 출처를 적어 두고, 모둠 채팅방에 내가 찾은 흐름을 먼저 공유했다. 슬라이드 3장은 조금 늦게 완성됐지만 다른 친구 파트와 이어지는 말이 생겼다.",모둠 흐름에 맞춘 발표 자료,모둠 발표는 자료를 만드는 일이 아니라 흐름을 맞추는 일이다.,93,한 번 읽고 이상한 곳만 표시,명시적인 환각·오류만 발견.,한 번 훑어 명백한 오류를 잡았다. 도메인지식 +1,한 번 읽어 보니 슬라이드 한 장의 제목이 친구 파트와 겹쳤다. 점수 +3.,96,S,모둠 공유 카드,++,++,겹친 부분을 고치니 발표 순서가 더 자연스러웠다.,103,91,62,55,56,49,68,61,,,,,,,,,
groupwork,A1R3,A,A1,R3,모둠 발표 자료,혼자 빨리 끝낸 발표 자료는 모둠 안에서 아직 맞춰진 자료가 아니다.,"학기 초 모둠 발표가 다음 주로 잡혔다. 우리 모둠은 4명이 각자 파트를 맡았고, 내가 맡은 일은 자료 조사와 슬라이드 3장 만들기였다. 다른 애들이 어떤 흐름으로 준비하는지 아직 잘 모르는데, 숙제도 있고 학원도 있어서 시간이 많지는 않았다.",직접 조사해서 만든다,내가 자료를 찾고 모둠 발표에 맞게 슬라이드를 만든다.,내 손으로 직접 했다 — 모둠 발표는 내가 이해해야 내 파트가 된다.,자료를 찾고 모둠원과 공유한 뒤 슬라이드를 만든다,조사하고 모둠과 맞췄다 — 내 파트가 모둠 흐름 안에 자리 잡는다.,++,2,"자료 출처를 적어 두고, 모둠 채팅방에 내가 찾은 흐름을 먼저 공유했다. 슬라이드 3장은 조금 늦게 완성됐지만 다른 친구 파트와 이어지는 말이 생겼다.",모둠 흐름에 맞춘 발표 자료,모둠 발표는 자료를 만드는 일이 아니라 흐름을 맞추는 일이다.,93,출처 확인 + 모둠 흐름 맞추기,자료의 근거와 다른 파트와의 연결까지 확인.,출처와 모둠 흐름을 다시 보니 빠진 것이 보였다. 도메인지식 +3,출처와 발표 순서를 다시 확인하고 친구 파트로 넘어가는 말을 넣었다. 점수 +6.,99,S,같이 맞춘 발표 카드,++,++,내 파트가 모둠 발표 안에서 자리를 잡았다.,120,100,72,60,66,54,78,66,,,,,,,,,
groupwork,A2R1,A,A2,R1,모둠 발표 자료,혼자 빨리 끝낸 발표 자료는 모둠 안에서 아직 맞춰진 자료가 아니다.,"학기 초 모둠 발표가 다음 주로 잡혔다. 우리 모둠은 4명이 각자 파트를 맡았고, 내가 맡은 일은 자료 조사와 슬라이드 3장 만들기였다. 다른 애들이 어떤 흐름으로 준비하는지 아직 잘 모르는데, 숙제도 있고 학원도 있어서 시간이 많지는 않았다.",직접 조사해서 만든다,내가 자료를 찾고 모둠 발표에 맞게 슬라이드를 만든다.,내 손으로 직접 했다 — 모둠 발표는 내가 이해해야 내 파트가 된다.,직접 만들지만 모둠과 공유하지 않는다,혼자 끝냈다 — 내 파트는 됐지만 모둠 발표는 아직 아니다.,+,1,내 파트 슬라이드는 깔끔하게 만들었다. 그런데 모둠원들은 내가 어떤 자료를 썼는지 몰라서 발표 순서를 맞출 때 잠깐 멈췄다.,혼자 빨리 만든 발표 자료,내 파트가 끝난 것과 모둠 발표가 맞춰진 것은 다르다.,67,그대로 제출,검토 없이 그대로 낸다.,검토를 건너뛰었다 — 검증할 기회를 놓쳤다.,,67,B,혼자 빠른 자료,+,+,내 슬라이드는 괜찮았지만 친구들이 처음 보는 자료였다.,70,60,42,36,36,30,48,42,,,,,,,,,
groupwork,A2R2,A,A2,R2,모둠 발표 자료,혼자 빨리 끝낸 발표 자료는 모둠 안에서 아직 맞춰진 자료가 아니다.,"학기 초 모둠 발표가 다음 주로 잡혔다. 우리 모둠은 4명이 각자 파트를 맡았고, 내가 맡은 일은 자료 조사와 슬라이드 3장 만들기였다. 다른 애들이 어떤 흐름으로 준비하는지 아직 잘 모르는데, 숙제도 있고 학원도 있어서 시간이 많지는 않았다.",직접 조사해서 만든다,내가 자료를 찾고 모둠 발표에 맞게 슬라이드를 만든다.,내 손으로 직접 했다 — 모둠 발표는 내가 이해해야 내 파트가 된다.,직접 만들지만 모둠과 공유하지 않는다,혼자 끝냈다 — 내 파트는 됐지만 모둠 발표는 아직 아니다.,+,1,내 파트 슬라이드는 깔끔하게 만들었다. 그런데 모둠원들은 내가 어떤 자료를 썼는지 몰라서 발표 순서를 맞출 때 잠깐 멈췄다.,혼자 빨리 만든 발표 자료,내 파트가 끝난 것과 모둠 발표가 맞춰진 것은 다르다.,67,한 번 읽고 이상한 곳만 표시,명시적인 환각·오류만 발견.,한 번 훑어 명백한 오류를 잡았다. 도메인지식 +1,한 번 읽어 보니 내가 쓴 자료를 모둠원이 모른다는 걸 깨달았다. 점수 +6.,73,A,늦은 공유 카드,+,+,만든 뒤에라도 공유하니 발표가 조금 맞춰졌다.,78,66,47,40,41,34,53,46,,,,,,,,,
groupwork,A2R3,A,A2,R3,모둠 발표 자료,혼자 빨리 끝낸 발표 자료는 모둠 안에서 아직 맞춰진 자료가 아니다.,"학기 초 모둠 발표가 다음 주로 잡혔다. 우리 모둠은 4명이 각자 파트를 맡았고, 내가 맡은 일은 자료 조사와 슬라이드 3장 만들기였다. 다른 애들이 어떤 흐름으로 준비하는지 아직 잘 모르는데, 숙제도 있고 학원도 있어서 시간이 많지는 않았다.",직접 조사해서 만든다,내가 자료를 찾고 모둠 발표에 맞게 슬라이드를 만든다.,내 손으로 직접 했다 — 모둠 발표는 내가 이해해야 내 파트가 된다.,직접 만들지만 모둠과 공유하지 않는다,혼자 끝냈다 — 내 파트는 됐지만 모둠 발표는 아직 아니다.,+,1,내 파트 슬라이드는 깔끔하게 만들었다. 그런데 모둠원들은 내가 어떤 자료를 썼는지 몰라서 발표 순서를 맞출 때 잠깐 멈췄다.,혼자 빨리 만든 발표 자료,내 파트가 끝난 것과 모둠 발표가 맞춰진 것은 다르다.,67,출처 확인 + 모둠 흐름 맞추기,자료의 근거와 다른 파트와의 연결까지 확인.,출처와 모둠 흐름을 다시 보니 빠진 것이 보였다. 도메인지식 +3,채팅방에 자료 출처와 발표 흐름을 공유하고 순서를 맞췄다. 점수 +12.,79,A,맥락 합의 카드,+,++,내 파트만 끝난 것과 모둠이 맞춰진 것은 달랐다.,95,78,57,47,51,41,63,53,,,,,,,,,
groupwork,A3R1,A,A3,R1,모둠 발표 자료,혼자 빨리 끝낸 발표 자료는 모둠 안에서 아직 맞춰진 자료가 아니다.,"학기 초 모둠 발표가 다음 주로 잡혔다. 우리 모둠은 4명이 각자 파트를 맡았고, 내가 맡은 일은 자료 조사와 슬라이드 3장 만들기였다. 다른 애들이 어떤 흐름으로 준비하는지 아직 잘 모르는데, 숙제도 있고 학원도 있어서 시간이 많지는 않았다.",직접 조사해서 만든다,내가 자료를 찾고 모둠 발표에 맞게 슬라이드를 만든다.,내 손으로 직접 했다 — 모둠 발표는 내가 이해해야 내 파트가 된다.,자료를 살짝 보고 슬라이드를 만든다,얕게 보고 만들었다 — 슬라이드는 있지만 설명할 깊이가 없다.,0,0,검색해서 맨 위에 나온 글 몇 개를 보고 슬라이드를 만들었다. 제목과 그림은 들어갔지만 왜 이 자료를 골랐는지 설명하기가 애매했다.,겉모양은 있지만 얕은 자료,자료를 얕게 보면 발표할 때 설명할 말이 없다.,49,그대로 제출,검토 없이 그대로 낸다.,검토를 건너뛰었다 — 검증할 기회를 놓쳤다.,,49,C,얕은 자료 경고 카드,0,0,슬라이드는 있었지만 내가 설명할 말이 부족했다.,50,42,30,25,24,19,36,31,,,,,,,,,
groupwork,A3R2,A,A3,R2,모둠 발표 자료,혼자 빨리 끝낸 발표 자료는 모둠 안에서 아직 맞춰진 자료가 아니다.,"학기 초 모둠 발표가 다음 주로 잡혔다. 우리 모둠은 4명이 각자 파트를 맡았고, 내가 맡은 일은 자료 조사와 슬라이드 3장 만들기였다. 다른 애들이 어떤 흐름으로 준비하는지 아직 잘 모르는데, 숙제도 있고 학원도 있어서 시간이 많지는 않았다.",직접 조사해서 만든다,내가 자료를 찾고 모둠 발표에 맞게 슬라이드를 만든다.,내 손으로 직접 했다 — 모둠 발표는 내가 이해해야 내 파트가 된다.,자료를 살짝 보고 슬라이드를 만든다,얕게 보고 만들었다 — 슬라이드는 있지만 설명할 깊이가 없다.,0,0,검색해서 맨 위에 나온 글 몇 개를 보고 슬라이드를 만들었다. 제목과 그림은 들어갔지만 왜 이 자료를 골랐는지 설명하기가 애매했다.,겉모양은 있지만 얕은 자료,자료를 얕게 보면 발표할 때 설명할 말이 없다.,49,한 번 읽고 이상한 곳만 표시,명시적인 환각·오류만 발견.,한 번 훑어 명백한 오류를 잡았다. 도메인지식 +1,한 번 읽어 보니 설명 없이 사진만 들어간 장이 있었다. 점수 +9.,58,B,빈칸 발견 카드,0,0,읽어 보니 사진 밑에 내 설명이 없었다.,58,48,35,29,29,23,41,35,,,,,,,,,
groupwork,A3R3,A,A3,R3,모둠 발표 자료,혼자 빨리 끝낸 발표 자료는 모둠 안에서 아직 맞춰진 자료가 아니다.,"학기 초 모둠 발표가 다음 주로 잡혔다. 우리 모둠은 4명이 각자 파트를 맡았고, 내가 맡은 일은 자료 조사와 슬라이드 3장 만들기였다. 다른 애들이 어떤 흐름으로 준비하는지 아직 잘 모르는데, 숙제도 있고 학원도 있어서 시간이 많지는 않았다.",직접 조사해서 만든다,내가 자료를 찾고 모둠 발표에 맞게 슬라이드를 만든다.,내 손으로 직접 했다 — 모둠 발표는 내가 이해해야 내 파트가 된다.,자료를 살짝 보고 슬라이드를 만든다,얕게 보고 만들었다 — 슬라이드는 있지만 설명할 깊이가 없다.,0,0,검색해서 맨 위에 나온 글 몇 개를 보고 슬라이드를 만들었다. 제목과 그림은 들어갔지만 왜 이 자료를 골랐는지 설명하기가 애매했다.,겉모양은 있지만 얕은 자료,자료를 얕게 보면 발표할 때 설명할 말이 없다.,49,출처 확인 + 모둠 흐름 맞추기,자료의 근거와 다른 파트와의 연결까지 확인.,출처와 모둠 흐름을 다시 보니 빠진 것이 보였다. 도메인지식 +3,자료 출처를 다시 찾고 왜 이 예시를 골랐는지 한 문장을 넣었다. 점수 +17.,66,B,자료 출처 확인 카드,0,+,출처를 다시 찾으니 내가 왜 이 자료를 썼는지 말할 수 있었다.,75,60,45,36,39,30,51,42,,,,,,,,,
groupwork,B1R1,B,B1,R1,모둠 발표 자료,혼자 빨리 끝낸 발표 자료는 모둠 안에서 아직 맞춰진 자료가 아니다.,"학기 초 모둠 발표가 다음 주로 잡혔다. 우리 모둠은 4명이 각자 파트를 맡았고, 내가 맡은 일은 자료 조사와 슬라이드 3장 만들기였다. 다른 애들이 어떤 흐름으로 준비하는지 아직 잘 모르는데, 숙제도 있고 학원도 있어서 시간이 많지는 않았다.",AI에게 맡긴다,AI에게 슬라이드 초안이나 정리를 부탁한다.,AI에 위임했다 — 모둠 자료에 AI를 어디까지 쓸지 따져봐야 한다.,AI에게 내 파트 슬라이드를 한 줄로 부탁한다,AI에 다 맡겼다 — 출처 없는 자료가 내 발표가 된다.,--,-2,"AI가 바로 슬라이드 3장짜리 내용을 만들어 줬다. 통계 숫자와 멋진 문장이 들어 있었지만 출처가 없고, 책에 없는 말이 인용문처럼 적혀 있었다.",출처가 비어 있는 AI 슬라이드,AI에 통째로 맡기면 그럴듯한 거짓이 내 발표 자료가 된다.,16,그대로 제출,검토 없이 그대로 낸다.,검토를 건너뛰었다 — 검증할 기회를 놓쳤다.,,16,D,,--,--,슬라이드는 나왔지만 내가 믿을 수 있는 자료는 아니었다.,30,15,18,9,12,3,24,15,,,,,,,,,
groupwork,B1R2,B,B1,R2,모둠 발표 자료,혼자 빨리 끝낸 발표 자료는 모둠 안에서 아직 맞춰진 자료가 아니다.,"학기 초 모둠 발표가 다음 주로 잡혔다. 우리 모둠은 4명이 각자 파트를 맡았고, 내가 맡은 일은 자료 조사와 슬라이드 3장 만들기였다. 다른 애들이 어떤 흐름으로 준비하는지 아직 잘 모르는데, 숙제도 있고 학원도 있어서 시간이 많지는 않았다.",AI에게 맡긴다,AI에게 슬라이드 초안이나 정리를 부탁한다.,AI에 위임했다 — 모둠 자료에 AI를 어디까지 쓸지 따져봐야 한다.,AI에게 내 파트 슬라이드를 한 줄로 부탁한다,AI에 다 맡겼다 — 출처 없는 자료가 내 발표가 된다.,--,-2,"AI가 바로 슬라이드 3장짜리 내용을 만들어 줬다. 통계 숫자와 멋진 문장이 들어 있었지만 출처가 없고, 책에 없는 말이 인용문처럼 적혀 있었다.",출처가 비어 있는 AI 슬라이드,AI에 통째로 맡기면 그럴듯한 거짓이 내 발표 자료가 된다.,16,한 번 읽고 이상한 곳만 표시,명시적인 환각·오류만 발견.,한 번 훑어 명백한 오류를 잡았다. 도메인지식 +1,한 번 읽어 보니 출처 없는 통계 숫자가 있었다. 점수 +13.,29,D,AI 슬라이드 경고 카드,--,-,그럴듯한 숫자 옆에 출처가 없었다.,38,21,23,13,17,7,29,19,,,,,,,,,
groupwork,B1R3,B,B1,R3,모둠 발표 자료,혼자 빨리 끝낸 발표 자료는 모둠 안에서 아직 맞춰진 자료가 아니다.,"학기 초 모둠 발표가 다음 주로 잡혔다. 우리 모둠은 4명이 각자 파트를 맡았고, 내가 맡은 일은 자료 조사와 슬라이드 3장 만들기였다. 다른 애들이 어떤 흐름으로 준비하는지 아직 잘 모르는데, 숙제도 있고 학원도 있어서 시간이 많지는 않았다.",AI에게 맡긴다,AI에게 슬라이드 초안이나 정리를 부탁한다.,AI에 위임했다 — 모둠 자료에 AI를 어디까지 쓸지 따져봐야 한다.,AI에게 내 파트 슬라이드를 한 줄로 부탁한다,AI에 다 맡겼다 — 출처 없는 자료가 내 발표가 된다.,--,-2,"AI가 바로 슬라이드 3장짜리 내용을 만들어 줬다. 통계 숫자와 멋진 문장이 들어 있었지만 출처가 없고, 책에 없는 말이 인용문처럼 적혀 있었다.",출처가 비어 있는 AI 슬라이드,AI에 통째로 맡기면 그럴듯한 거짓이 내 발표 자료가 된다.,16,출처 확인 + 모둠 흐름 맞추기,자료의 근거와 다른 파트와의 연결까지 확인.,출처와 모둠 흐름을 다시 보니 빠진 것이 보였다. 도메인지식 +3,"통계와 인용을 다시 찾아 보고, 모둠 주제와 안 맞는 문장을 지웠다. 점수 +23.",39,C,맥락 빠진 발표,--,0,AI 슬라이드는 있었지만 우리 모둠 발표와 따로 놀았다.,55,33,33,20,27,14,39,26,,,,,,,,,
groupwork,B2R1,B,B2,R1,모둠 발표 자료,혼자 빨리 끝낸 발표 자료는 모둠 안에서 아직 맞춰진 자료가 아니다.,"학기 초 모둠 발표가 다음 주로 잡혔다. 우리 모둠은 4명이 각자 파트를 맡았고, 내가 맡은 일은 자료 조사와 슬라이드 3장 만들기였다. 다른 애들이 어떤 흐름으로 준비하는지 아직 잘 모르는데, 숙제도 있고 학원도 있어서 시간이 많지는 않았다.",AI에게 맡긴다,AI에게 슬라이드 초안이나 정리를 부탁한다.,AI에 위임했다 — 모둠 자료에 AI를 어디까지 쓸지 따져봐야 한다.,AI에게 자료를 주고 슬라이드를 받아 다듬는다,재료는 줬지만 정리까지 맡겼다 — 모둠 흐름이 빠진 자료가 나온다.,0,0,내가 찾은 자료를 AI에게 넣고 슬라이드 문장을 받았다. 내용은 크게 틀리지 않았지만 모둠 친구들이 쓰는 말투와 발표 흐름과는 조금 달랐다.,자료는 있지만 모둠 흐름이 약한 슬라이드,재료를 줘도 정리까지 맡기면 모둠과 따로 노는 자료가 된다.,58,그대로 제출,검토 없이 그대로 낸다.,검토를 건너뛰었다 — 검증할 기회를 놓쳤다.,,58,B,AI 정리 자료,0,0,자료는 내 것이었지만 발표 흐름은 아직 맞지 않았다.,45,30,27,18,21,12,33,24,,,,,,,,,
groupwork,B2R2,B,B2,R2,모둠 발표 자료,혼자 빨리 끝낸 발표 자료는 모둠 안에서 아직 맞춰진 자료가 아니다.,"학기 초 모둠 발표가 다음 주로 잡혔다. 우리 모둠은 4명이 각자 파트를 맡았고, 내가 맡은 일은 자료 조사와 슬라이드 3장 만들기였다. 다른 애들이 어떤 흐름으로 준비하는지 아직 잘 모르는데, 숙제도 있고 학원도 있어서 시간이 많지는 않았다.",AI에게 맡긴다,AI에게 슬라이드 초안이나 정리를 부탁한다.,AI에 위임했다 — 모둠 자료에 AI를 어디까지 쓸지 따져봐야 한다.,AI에게 자료를 주고 슬라이드를 받아 다듬는다,재료는 줬지만 정리까지 맡겼다 — 모둠 흐름이 빠진 자료가 나온다.,0,0,내가 찾은 자료를 AI에게 넣고 슬라이드 문장을 받았다. 내용은 크게 틀리지 않았지만 모둠 친구들이 쓰는 말투와 발표 흐름과는 조금 달랐다.,자료는 있지만 모둠 흐름이 약한 슬라이드,재료를 줘도 정리까지 맡기면 모둠과 따로 노는 자료가 된다.,58,한 번 읽고 이상한 곳만 표시,명시적인 환각·오류만 발견.,한 번 훑어 명백한 오류를 잡았다. 도메인지식 +1,한 번 읽어 보니 AI 문장이 발표 말투와 너무 달랐다. 점수 +8.,66,B,말투 수정 카드,0,+,AI가 쓴 문장을 내가 말할 수 있게 바꿨다.,53,36,32,22,26,16,38,28,,,,,,,,,
groupwork,B2R3,B,B2,R3,모둠 발표 자료,혼자 빨리 끝낸 발표 자료는 모둠 안에서 아직 맞춰진 자료가 아니다.,"학기 초 모둠 발표가 다음 주로 잡혔다. 우리 모둠은 4명이 각자 파트를 맡았고, 내가 맡은 일은 자료 조사와 슬라이드 3장 만들기였다. 다른 애들이 어떤 흐름으로 준비하는지 아직 잘 모르는데, 숙제도 있고 학원도 있어서 시간이 많지는 않았다.",AI에게 맡긴다,AI에게 슬라이드 초안이나 정리를 부탁한다.,AI에 위임했다 — 모둠 자료에 AI를 어디까지 쓸지 따져봐야 한다.,AI에게 자료를 주고 슬라이드를 받아 다듬는다,재료는 줬지만 정리까지 맡겼다 — 모둠 흐름이 빠진 자료가 나온다.,0,0,내가 찾은 자료를 AI에게 넣고 슬라이드 문장을 받았다. 내용은 크게 틀리지 않았지만 모둠 친구들이 쓰는 말투와 발표 흐름과는 조금 달랐다.,자료는 있지만 모둠 흐름이 약한 슬라이드,재료를 줘도 정리까지 맡기면 모둠과 따로 노는 자료가 된다.,58,출처 확인 + 모둠 흐름 맞추기,자료의 근거와 다른 파트와의 연결까지 확인.,출처와 모둠 흐름을 다시 보니 빠진 것이 보였다. 도메인지식 +3,자료 출처를 다시 붙이고 친구 파트와 이어지는 순서로 바꿨다. 점수 +15.,73,A,AI 슬라이드 검수 카드,0,+,AI가 정리한 자료도 모둠 흐름에 다시 맞춰야 했다.,70,48,42,29,36,23,48,35,,,,,,,,,
groupwork,B3R1,B,B3,R1,모둠 발표 자료,혼자 빨리 끝낸 발표 자료는 모둠 안에서 아직 맞춰진 자료가 아니다.,"학기 초 모둠 발표가 다음 주로 잡혔다. 우리 모둠은 4명이 각자 파트를 맡았고, 내가 맡은 일은 자료 조사와 슬라이드 3장 만들기였다. 다른 애들이 어떤 흐름으로 준비하는지 아직 잘 모르는데, 숙제도 있고 학원도 있어서 시간이 많지는 않았다.",AI에게 맡긴다,AI에게 슬라이드 초안이나 정리를 부탁한다.,AI에 위임했다 — 모둠 자료에 AI를 어디까지 쓸지 따져봐야 한다.,내가 조사한 뒤 AI에게 정리 도움을 받고 검수한다,AI에 정리만 맡겼다 — 자료와 출처는 내 것.,+,1,"내가 먼저 자료를 찾고 출처를 적은 뒤, AI에게 슬라이드 문장을 짧게 정리해 달라고 했다. 마지막에는 숫자와 인용을 다시 확인하고 모둠 채팅방에 공유했다.",AI 도움을 받은 검수된 슬라이드,AI는 정리하는 자리에서 가장 잘 쓰인다 — 출처와 흐름은 내 일.,70,그대로 제출,검토 없이 그대로 낸다.,검토를 건너뛰었다 — 검증할 기회를 놓쳤다.,,70,A,다듬은 슬라이드 카드,+,+,내가 찾은 자료라 발표할 때 덜 흔들렸다.,55,45,33,27,27,21,39,33,,,,,,,,,
groupwork,B3R2,B,B3,R2,모둠 발표 자료,혼자 빨리 끝낸 발표 자료는 모둠 안에서 아직 맞춰진 자료가 아니다.,"학기 초 모둠 발표가 다음 주로 잡혔다. 우리 모둠은 4명이 각자 파트를 맡았고, 내가 맡은 일은 자료 조사와 슬라이드 3장 만들기였다. 다른 애들이 어떤 흐름으로 준비하는지 아직 잘 모르는데, 숙제도 있고 학원도 있어서 시간이 많지는 않았다.",AI에게 맡긴다,AI에게 슬라이드 초안이나 정리를 부탁한다.,AI에 위임했다 — 모둠 자료에 AI를 어디까지 쓸지 따져봐야 한다.,내가 조사한 뒤 AI에게 정리 도움을 받고 검수한다,AI에 정리만 맡겼다 — 자료와 출처는 내 것.,+,1,"내가 먼저 자료를 찾고 출처를 적은 뒤, AI에게 슬라이드 문장을 짧게 정리해 달라고 했다. 마지막에는 숫자와 인용을 다시 확인하고 모둠 채팅방에 공유했다.",AI 도움을 받은 검수된 슬라이드,AI는 정리하는 자리에서 가장 잘 쓰인다 — 출처와 흐름은 내 일.,70,한 번 읽고 이상한 곳만 표시,명시적인 환각·오류만 발견.,한 번 훑어 명백한 오류를 잡았다. 도메인지식 +1,한 번 읽어 보니 AI가 줄인 문장 하나에서 중요한 조건이 빠져 있었다. 점수 +5.,75,A,AI 슬라이드 검수 카드,+,+,AI가 줄인 문장을 다시 보니 빠진 말이 보였다.,63,51,38,31,32,25,44,37,,,,,,,,,
groupwork,B3R3,B,B3,R3,모둠 발표 자료,혼자 빨리 끝낸 발표 자료는 모둠 안에서 아직 맞춰진 자료가 아니다.,"학기 초 모둠 발표가 다음 주로 잡혔다. 우리 모둠은 4명이 각자 파트를 맡았고, 내가 맡은 일은 자료 조사와 슬라이드 3장 만들기였다. 다른 애들이 어떤 흐름으로 준비하는지 아직 잘 모르는데, 숙제도 있고 학원도 있어서 시간이 많지는 않았다.",AI에게 맡긴다,AI에게 슬라이드 초안이나 정리를 부탁한다.,AI에 위임했다 — 모둠 자료에 AI를 어디까지 쓸지 따져봐야 한다.,내가 조사한 뒤 AI에게 정리 도움을 받고 검수한다,AI에 정리만 맡겼다 — 자료와 출처는 내 것.,+,1,"내가 먼저 자료를 찾고 출처를 적은 뒤, AI에게 슬라이드 문장을 짧게 정리해 달라고 했다. 마지막에는 숫자와 인용을 다시 확인하고 모둠 채팅방에 공유했다.",AI 도움을 받은 검수된 슬라이드,AI는 정리하는 자리에서 가장 잘 쓰인다 — 출처와 흐름은 내 일.,70,출처 확인 + 모둠 흐름 맞추기,자료의 근거와 다른 파트와의 연결까지 확인.,출처와 모둠 흐름을 다시 보니 빠진 것이 보였다. 도메인지식 +3,"출처, 숫자, 발표 순서를 다시 확인하고 모둠원에게 공유했다. 점수 +10.",80,A,자료 출처 확인 카드,+,++,"AI는 정리를 도왔고, 출처와 흐름은 내가 붙잡았다.",80,63,48,38,42,32,54,44,,,,,,,,,
groupwork,C1R1,C,C1,R1,모둠 발표 자료,혼자 빨리 끝낸 발표 자료는 모둠 안에서 아직 맞춰진 자료가 아니다.,"학기 초 모둠 발표가 다음 주로 잡혔다. 우리 모둠은 4명이 각자 파트를 맡았고, 내가 맡은 일은 자료 조사와 슬라이드 3장 만들기였다. 다른 애들이 어떤 흐름으로 준비하는지 아직 잘 모르는데, 숙제도 있고 학원도 있어서 시간이 많지는 않았다.",다른 데 기대서 넘긴다,다른 모둠원이나 예전 자료에 기대서 빨리 넘긴다.,다른 데 기댔다 — 빠른 길이지만 내 파트가 점점 사라진다.,다른 애들이 잘하니까 적당히만 한다,내 파트를 가볍게 봤다 — 모둠 발표에 빈틈이 생긴다.,-,-1,다른 친구들이 잘할 것 같아서 내 파트는 제목과 사진 중심으로 적당히 채웠다. 발표 연습 때 내 부분에서 설명이 짧아져서 다음 친구가 갑자기 이어 받아야 했다.,빈틈이 생긴 모둠 파트,내 파트를 가볍게 채우면 그 빈자리는 친구가 떠안는다.,50,그대로 제출,검토 없이 그대로 낸다.,검토를 건너뛰었다 — 검증할 기회를 놓쳤다.,,50,C,빈틈 난 파트 카드,-,-,내 파트가 짧아지니 다음 친구가 갑자기 떠안았다.,35,25,21,15,15,9,27,21,,,,,,,,,
groupwork,C1R2,C,C1,R2,모둠 발표 자료,혼자 빨리 끝낸 발표 자료는 모둠 안에서 아직 맞춰진 자료가 아니다.,"학기 초 모둠 발표가 다음 주로 잡혔다. 우리 모둠은 4명이 각자 파트를 맡았고, 내가 맡은 일은 자료 조사와 슬라이드 3장 만들기였다. 다른 애들이 어떤 흐름으로 준비하는지 아직 잘 모르는데, 숙제도 있고 학원도 있어서 시간이 많지는 않았다.",다른 데 기대서 넘긴다,다른 모둠원이나 예전 자료에 기대서 빨리 넘긴다.,다른 데 기댔다 — 빠른 길이지만 내 파트가 점점 사라진다.,다른 애들이 잘하니까 적당히만 한다,내 파트를 가볍게 봤다 — 모둠 발표에 빈틈이 생긴다.,-,-1,다른 친구들이 잘할 것 같아서 내 파트는 제목과 사진 중심으로 적당히 채웠다. 발표 연습 때 내 부분에서 설명이 짧아져서 다음 친구가 갑자기 이어 받아야 했다.,빈틈이 생긴 모둠 파트,내 파트를 가볍게 채우면 그 빈자리는 친구가 떠안는다.,50,한 번 읽고 이상한 곳만 표시,명시적인 환각·오류만 발견.,한 번 훑어 명백한 오류를 잡았다. 도메인지식 +1,한 번 읽어 보니 내가 설명할 문장이 거의 없었다. 점수 +8.,58,B,설명 부족 경고 카드,-,0,적당히 채운 슬라이드는 내가 말할 때 바로 티가 났다.,43,31,26,19,20,13,32,25,,,,,,,,,
groupwork,C1R3,C,C1,R3,모둠 발표 자료,혼자 빨리 끝낸 발표 자료는 모둠 안에서 아직 맞춰진 자료가 아니다.,"학기 초 모둠 발표가 다음 주로 잡혔다. 우리 모둠은 4명이 각자 파트를 맡았고, 내가 맡은 일은 자료 조사와 슬라이드 3장 만들기였다. 다른 애들이 어떤 흐름으로 준비하는지 아직 잘 모르는데, 숙제도 있고 학원도 있어서 시간이 많지는 않았다.",다른 데 기대서 넘긴다,다른 모둠원이나 예전 자료에 기대서 빨리 넘긴다.,다른 데 기댔다 — 빠른 길이지만 내 파트가 점점 사라진다.,다른 애들이 잘하니까 적당히만 한다,내 파트를 가볍게 봤다 — 모둠 발표에 빈틈이 생긴다.,-,-1,다른 친구들이 잘할 것 같아서 내 파트는 제목과 사진 중심으로 적당히 채웠다. 발표 연습 때 내 부분에서 설명이 짧아져서 다음 친구가 갑자기 이어 받아야 했다.,빈틈이 생긴 모둠 파트,내 파트를 가볍게 채우면 그 빈자리는 친구가 떠안는다.,50,출처 확인 + 모둠 흐름 맞추기,자료의 근거와 다른 파트와의 연결까지 확인.,출처와 모둠 흐름을 다시 보니 빠진 것이 보였다. 도메인지식 +3,빈 슬라이드에 자료와 설명을 더하고 다음 파트와 연결되는 말을 적었다. 점수 +18.,68,B,다시 채운 파트 카드,-,+,빈 부분을 채우니 친구 발표와 겨우 이어졌다.,60,43,36,26,30,20,42,32,,,,,,,,,
groupwork,C2R1,C,C2,R1,모둠 발표 자료,혼자 빨리 끝낸 발표 자료는 모둠 안에서 아직 맞춰진 자료가 아니다.,"학기 초 모둠 발표가 다음 주로 잡혔다. 우리 모둠은 4명이 각자 파트를 맡았고, 내가 맡은 일은 자료 조사와 슬라이드 3장 만들기였다. 다른 애들이 어떤 흐름으로 준비하는지 아직 잘 모르는데, 숙제도 있고 학원도 있어서 시간이 많지는 않았다.",다른 데 기대서 넘긴다,다른 모둠원이나 예전 자료에 기대서 빨리 넘긴다.,다른 데 기댔다 — 빠른 길이지만 내 파트가 점점 사라진다.,작년 발표 자료를 베낀다,남의 틀을 가져왔다 — 우리 주제가 그 안에 들어가지 않는다.,-,-1,작년에 누가 만든 발표 자료를 찾아서 비슷하게 바꿨다. 슬라이드는 빨리 나왔지만 우리 모둠 주제와 맞지 않는 예시가 그대로 남아 있었다.,주제와 어긋난 작년 자료,작년 발표는 작년 주제 — 우리 발표에는 우리 자료가 필요하다.,42,그대로 제출,검토 없이 그대로 낸다.,검토를 건너뛰었다 — 검증할 기회를 놓쳤다.,,42,C,작년 자료 그림자 카드,-,-,작년 자료가 우리 모둠 주제보다 먼저 보였다.,40,28,24,17,18,11,30,23,,,,,,,,,
groupwork,C2R2,C,C2,R2,모둠 발표 자료,혼자 빨리 끝낸 발표 자료는 모둠 안에서 아직 맞춰진 자료가 아니다.,"학기 초 모둠 발표가 다음 주로 잡혔다. 우리 모둠은 4명이 각자 파트를 맡았고, 내가 맡은 일은 자료 조사와 슬라이드 3장 만들기였다. 다른 애들이 어떤 흐름으로 준비하는지 아직 잘 모르는데, 숙제도 있고 학원도 있어서 시간이 많지는 않았다.",다른 데 기대서 넘긴다,다른 모둠원이나 예전 자료에 기대서 빨리 넘긴다.,다른 데 기댔다 — 빠른 길이지만 내 파트가 점점 사라진다.,작년 발표 자료를 베낀다,남의 틀을 가져왔다 — 우리 주제가 그 안에 들어가지 않는다.,-,-1,작년에 누가 만든 발표 자료를 찾아서 비슷하게 바꿨다. 슬라이드는 빨리 나왔지만 우리 모둠 주제와 맞지 않는 예시가 그대로 남아 있었다.,주제와 어긋난 작년 자료,작년 발표는 작년 주제 — 우리 발표에는 우리 자료가 필요하다.,42,한 번 읽고 이상한 곳만 표시,명시적인 환각·오류만 발견.,한 번 훑어 명백한 오류를 잡았다. 도메인지식 +1,한 번 읽어 보니 작년 주제에 맞는 예시가 그대로 있었다. 점수 +10.,52,C,낡은 예시 경고 카드,-,0,안 맞는 예시가 그대로 있어서 발표가 이상해졌다.,48,34,29,20,23,14,35,26,,,,,,,,,
groupwork,C2R3,C,C2,R3,모둠 발표 자료,혼자 빨리 끝낸 발표 자료는 모둠 안에서 아직 맞춰진 자료가 아니다.,"학기 초 모둠 발표가 다음 주로 잡혔다. 우리 모둠은 4명이 각자 파트를 맡았고, 내가 맡은 일은 자료 조사와 슬라이드 3장 만들기였다. 다른 애들이 어떤 흐름으로 준비하는지 아직 잘 모르는데, 숙제도 있고 학원도 있어서 시간이 많지는 않았다.",다른 데 기대서 넘긴다,다른 모둠원이나 예전 자료에 기대서 빨리 넘긴다.,다른 데 기댔다 — 빠른 길이지만 내 파트가 점점 사라진다.,작년 발표 자료를 베낀다,남의 틀을 가져왔다 — 우리 주제가 그 안에 들어가지 않는다.,-,-1,작년에 누가 만든 발표 자료를 찾아서 비슷하게 바꿨다. 슬라이드는 빨리 나왔지만 우리 모둠 주제와 맞지 않는 예시가 그대로 남아 있었다.,주제와 어긋난 작년 자료,작년 발표는 작년 주제 — 우리 발표에는 우리 자료가 필요하다.,42,출처 확인 + 모둠 흐름 맞추기,자료의 근거와 다른 파트와의 연결까지 확인.,출처와 모둠 흐름을 다시 보니 빠진 것이 보였다. 도메인지식 +3,작년 자료에서 안 맞는 부분을 빼고 우리 모둠 주제에 맞게 다시 바꿨다. 점수 +20.,62,B,주제 다시 맞춤 카드,-,+,베낀 틀을 지우고 나니 우리 주제가 보이기 시작했다.,65,46,39,28,33,22,45,34,,,,,,,,,
groupwork,C3R1,C,C3,R1,모둠 발표 자료,혼자 빨리 끝낸 발표 자료는 모둠 안에서 아직 맞춰진 자료가 아니다.,"학기 초 모둠 발표가 다음 주로 잡혔다. 우리 모둠은 4명이 각자 파트를 맡았고, 내가 맡은 일은 자료 조사와 슬라이드 3장 만들기였다. 다른 애들이 어떤 흐름으로 준비하는지 아직 잘 모르는데, 숙제도 있고 학원도 있어서 시간이 많지는 않았다.",다른 데 기대서 넘긴다,다른 모둠원이나 예전 자료에 기대서 빨리 넘긴다.,다른 데 기댔다 — 빠른 길이지만 내 파트가 점점 사라진다.,모둠원에게 네가 좀 해 달라고 한다,내 파트를 떠넘겼다 — 발표 당일 내가 설명할 수 없게 된다.,--,-2,모둠원에게 내 파트까지 좀 해 달라고 보냈다. 친구가 몇 줄을 도와주긴 했지만 발표 연습 때 내가 내 슬라이드를 잘 설명하지 못했다.,내가 설명하지 못한 내 파트,내 파트를 떠넘기면 발표 당일 내가 답할 수 없다.,11,그대로 제출,검토 없이 그대로 낸다.,검토를 건너뛰었다 — 검증할 기회를 놓쳤다.,,11,D,,--,--,내 파트인데 내가 설명하지 못했다.,20,15,12,9,6,3,18,15,,,,,,,,,
groupwork,C3R2,C,C3,R2,모둠 발표 자료,혼자 빨리 끝낸 발표 자료는 모둠 안에서 아직 맞춰진 자료가 아니다.,"학기 초 모둠 발표가 다음 주로 잡혔다. 우리 모둠은 4명이 각자 파트를 맡았고, 내가 맡은 일은 자료 조사와 슬라이드 3장 만들기였다. 다른 애들이 어떤 흐름으로 준비하는지 아직 잘 모르는데, 숙제도 있고 학원도 있어서 시간이 많지는 않았다.",다른 데 기대서 넘긴다,다른 모둠원이나 예전 자료에 기대서 빨리 넘긴다.,다른 데 기댔다 — 빠른 길이지만 내 파트가 점점 사라진다.,모둠원에게 네가 좀 해 달라고 한다,내 파트를 떠넘겼다 — 발표 당일 내가 설명할 수 없게 된다.,--,-2,모둠원에게 내 파트까지 좀 해 달라고 보냈다. 친구가 몇 줄을 도와주긴 했지만 발표 연습 때 내가 내 슬라이드를 잘 설명하지 못했다.,내가 설명하지 못한 내 파트,내 파트를 떠넘기면 발표 당일 내가 답할 수 없다.,11,한 번 읽고 이상한 곳만 표시,명시적인 환각·오류만 발견.,한 번 훑어 명백한 오류를 잡았다. 도메인지식 +1,한 번 읽어 보니 내가 설명할 수 없는 문장이 많았다. 점수 +11.,22,D,,--,-,친구가 써 준 문장을 읽어도 내 말처럼 나오지 않았다.,28,21,17,13,11,7,23,19,,,,,,,,,
groupwork,C3R3,C,C3,R3,모둠 발표 자료,혼자 빨리 끝낸 발표 자료는 모둠 안에서 아직 맞춰진 자료가 아니다.,"학기 초 모둠 발표가 다음 주로 잡혔다. 우리 모둠은 4명이 각자 파트를 맡았고, 내가 맡은 일은 자료 조사와 슬라이드 3장 만들기였다. 다른 애들이 어떤 흐름으로 준비하는지 아직 잘 모르는데, 숙제도 있고 학원도 있어서 시간이 많지는 않았다.",다른 데 기대서 넘긴다,다른 모둠원이나 예전 자료에 기대서 빨리 넘긴다.,다른 데 기댔다 — 빠른 길이지만 내 파트가 점점 사라진다.,모둠원에게 네가 좀 해 달라고 한다,내 파트를 떠넘겼다 — 발표 당일 내가 설명할 수 없게 된다.,--,-2,모둠원에게 내 파트까지 좀 해 달라고 보냈다. 친구가 몇 줄을 도와주긴 했지만 발표 연습 때 내가 내 슬라이드를 잘 설명하지 못했다.,내가 설명하지 못한 내 파트,내 파트를 떠넘기면 발표 당일 내가 답할 수 없다.,11,출처 확인 + 모둠 흐름 맞추기,자료의 근거와 다른 파트와의 연결까지 확인.,출처와 모둠 흐름을 다시 보니 빠진 것이 보였다. 도메인지식 +3,친구가 써 준 부분을 다시 읽고 내가 말할 수 있는 문장으로 고쳤다. 점수 +20.,31,D,떠넘긴 발표 경고 카드,--,0,늦게 다시 읽었지만 처음부터 내 파트로 잡은 느낌은 약했다.,45,33,27,20,21,14,33,26,,,,,,,,,
eorinwangja,A1R1,A,A1,R1,어린왕자 독후감,"경험은 위임 불가. 본인이 안 한 일은 AI도, 인터넷도, 친구도 대신해 줄 수 없다.",어린왕자 독후감을 100자로 써야 하는데 책을 안 읽었습니다.,책을 읽고 쓴다,직접 읽는 길을 선택한다.,내가 직접 읽었다 — 경험은 위임할 수 없다.,전체 정독 후 본인 감상으로 작성,끝까지 읽고 내 감상을 썼다 — 책이 내 안에 남는다.,++,2,어린왕자는 별들을 지나며 어른들이 숫자와 소유에 갇힌 모습을 본다. 나는 여우의 말처럼 관계는 시간을 들여 길들일 때 특별해진다는 점이 가장 오래 남았다.,경험이 살아난 독후감,내가 읽은 책은 내 말로 나온다 — 위임할 수 없는 자리.,91,그대로 제출,검토 없이 그대로 낸다.,검토를 건너뛰었다 — 검증할 기회를 놓쳤다.,,91,S,깊은 독서가 카드,++,+,다 읽으니 독후감이 내 말처럼 나왔다.,90,80,54,48,48,42,60,54,,,,,,,,,
eorinwangja,A1R2,A,A1,R2,어린왕자 독후감,"경험은 위임 불가. 본인이 안 한 일은 AI도, 인터넷도, 친구도 대신해 줄 수 없다.",어린왕자 독후감을 100자로 써야 하는데 책을 안 읽었습니다.,책을 읽고 쓴다,직접 읽는 길을 선택한다.,내가 직접 읽었다 — 경험은 위임할 수 없다.,전체 정독 후 본인 감상으로 작성,끝까지 읽고 내 감상을 썼다 — 책이 내 안에 남는다.,++,2,어린왕자는 별들을 지나며 어른들이 숫자와 소유에 갇힌 모습을 본다. 나는 여우의 말처럼 관계는 시간을 들여 길들일 때 특별해진다는 점이 가장 오래 남았다.,경험이 살아난 독후감,내가 읽은 책은 내 말로 나온다 — 위임할 수 없는 자리.,91,한 번 읽고 이상한 곳만 표시,명시적인 환각·오류만 발견.,한 번 훑어 명백한 오류를 잡았다. 도메인지식 +1,문장 반복과 어색한 표현만 조금 발견된다. 점수 +3.,94,S,깊은 독서가 카드,++,+,한 번 읽어보니 문장이 더 정리됐다.,95,85,57,51,51,45,63,57,,,,,,,,,
eorinwangja,A1R3,A,A1,R3,어린왕자 독후감,"경험은 위임 불가. 본인이 안 한 일은 AI도, 인터넷도, 친구도 대신해 줄 수 없다.",어린왕자 독후감을 100자로 써야 하는데 책을 안 읽었습니다.,책을 읽고 쓴다,직접 읽는 길을 선택한다.,내가 직접 읽었다 — 경험은 위임할 수 없다.,전체 정독 후 본인 감상으로 작성,끝까지 읽고 내 감상을 썼다 — 책이 내 안에 남는다.,++,2,어린왕자는 별들을 지나며 어른들이 숫자와 소유에 갇힌 모습을 본다. 나는 여우의 말처럼 관계는 시간을 들여 길들일 때 특별해진다는 점이 가장 오래 남았다.,경험이 살아난 독후감,내가 읽은 책은 내 말로 나온다 — 위임할 수 없는 자리.,91,출처 확인 + 크로스체크,미세 오류까지 발견.,출처와 대조하니 미세 오류까지 보였다. 도메인지식 +3,실제 장면과 감상이 잘 맞는지 확인한다. 발견 사항은 미미하다. 점수 +6.,97,S,깊은 독서가 카드,++,++,확인까지 하니까 발표해도 덜 떨릴 것 같다.,100,90,60,54,54,48,66,60,,,,,,,,,
eorinwangja,A2R1,A,A2,R1,어린왕자 독후감,"경험은 위임 불가. 본인이 안 한 일은 AI도, 인터넷도, 친구도 대신해 줄 수 없다.",어린왕자 독후감을 100자로 써야 하는데 책을 안 읽었습니다.,책을 읽고 쓴다,직접 읽는 길을 선택한다.,내가 직접 읽었다 — 경험은 위임할 수 없다.,요약본·줄거리 위주로 빠르게 읽고 작성,줄거리만 훑었다 — 빨리 끝났지만 장면이 얕다.,+,1,"어린왕자는 여러 별을 여행하며 이상한 어른들을 만나고 지구에서 여우를 만난다. 중요한 것은 눈에 보이지 않는다는 말이 인상 깊었고, 관계의 소중함을 느꼈다.",줄거리는 맞지만 얕음,줄거리만 훑으면 인상 깊은 한 문장도 일반론이 된다.,68,그대로 제출,검토 없이 그대로 낸다.,검토를 건너뛰었다 — 검증할 기회를 놓쳤다.,,68,B,반쪽 독후감 카드,+,0,줄거리는 맞는데 내 생각은 좀 얕았다.,70,60,42,36,36,30,48,42,,,,,,,,,
eorinwangja,A2R2,A,A2,R2,어린왕자 독후감,"경험은 위임 불가. 본인이 안 한 일은 AI도, 인터넷도, 친구도 대신해 줄 수 없다.",어린왕자 독후감을 100자로 써야 하는데 책을 안 읽었습니다.,책을 읽고 쓴다,직접 읽는 길을 선택한다.,내가 직접 읽었다 — 경험은 위임할 수 없다.,요약본·줄거리 위주로 빠르게 읽고 작성,줄거리만 훑었다 — 빨리 끝났지만 장면이 얕다.,+,1,"어린왕자는 여러 별을 여행하며 이상한 어른들을 만나고 지구에서 여우를 만난다. 중요한 것은 눈에 보이지 않는다는 말이 인상 깊었고, 관계의 소중함을 느꼈다.",줄거리는 맞지만 얕음,줄거리만 훑으면 인상 깊은 한 문장도 일반론이 된다.,68,한 번 읽고 이상한 곳만 표시,명시적인 환각·오류만 발견.,한 번 훑어 명백한 오류를 잡았다. 도메인지식 +1,일반적인 감상 표현이 많다는 점을 발견한다. 점수 +6.,74,A,검증의 눈 카드,+,+,이상한 표현을 고치니 조금 살아났다.,75,65,45,39,39,33,51,45,,,,,,,,,
eorinwangja,A2R3,A,A2,R3,어린왕자 독후감,"경험은 위임 불가. 본인이 안 한 일은 AI도, 인터넷도, 친구도 대신해 줄 수 없다.",어린왕자 독후감을 100자로 써야 하는데 책을 안 읽었습니다.,책을 읽고 쓴다,직접 읽는 길을 선택한다.,내가 직접 읽었다 — 경험은 위임할 수 없다.,요약본·줄거리 위주로 빠르게 읽고 작성,줄거리만 훑었다 — 빨리 끝났지만 장면이 얕다.,+,1,"어린왕자는 여러 별을 여행하며 이상한 어른들을 만나고 지구에서 여우를 만난다. 중요한 것은 눈에 보이지 않는다는 말이 인상 깊었고, 관계의 소중함을 느꼈다.",줄거리는 맞지만 얕음,줄거리만 훑으면 인상 깊은 한 문장도 일반론이 된다.,68,출처 확인 + 크로스체크,미세 오류까지 발견.,출처와 대조하니 미세 오류까지 보였다. 도메인지식 +3,요약에 빠진 장미와 책임의 맥락을 보완한다. 점수 +12.,80,A,검증의 눈 카드,+,+,요약만 보면 놓치는 게 꽤 있었다.,80,70,48,42,42,36,54,48,,,,,,,,,
eorinwangja,A3R1,A,A3,R1,어린왕자 독후감,"경험은 위임 불가. 본인이 안 한 일은 AI도, 인터넷도, 친구도 대신해 줄 수 없다.",어린왕자 독후감을 100자로 써야 하는데 책을 안 읽었습니다.,책을 읽고 쓴다,직접 읽는 길을 선택한다.,내가 직접 읽었다 — 경험은 위임할 수 없다.,첫 챕터만 읽고 나머지는 추측해서 작성,초반만 읽고 나머지는 상상으로 메웠다 — 읽은 척이 섞인다.,0,0,"어린왕자는 비행기 조종사를 만나 자기 별 이야기를 들려준다. 아마 그는 많은 친구를 사귀며 성장했고, 마지막에는 모두와 함께 행복하게 별로 돌아갔을 것 같다.",초반 감상 뒤 추측,안 읽은 부분을 상상으로 메우면 책 결말까지 어긋난다.,42,그대로 제출,검토 없이 그대로 낸다.,검토를 건너뛰었다 — 검증할 기회를 놓쳤다.,,42,C,위태로운 위임 카드,0,-,초반만 읽고 끝까지 아는 척했다.,50,40,30,24,24,18,36,30,,,,,,,,,
eorinwangja,A3R2,A,A3,R2,어린왕자 독후감,"경험은 위임 불가. 본인이 안 한 일은 AI도, 인터넷도, 친구도 대신해 줄 수 없다.",어린왕자 독후감을 100자로 써야 하는데 책을 안 읽었습니다.,책을 읽고 쓴다,직접 읽는 길을 선택한다.,내가 직접 읽었다 — 경험은 위임할 수 없다.,첫 챕터만 읽고 나머지는 추측해서 작성,초반만 읽고 나머지는 상상으로 메웠다 — 읽은 척이 섞인다.,0,0,"어린왕자는 비행기 조종사를 만나 자기 별 이야기를 들려준다. 아마 그는 많은 친구를 사귀며 성장했고, 마지막에는 모두와 함께 행복하게 별로 돌아갔을 것 같다.",초반 감상 뒤 추측,안 읽은 부분을 상상으로 메우면 책 결말까지 어긋난다.,42,한 번 읽고 이상한 곳만 표시,명시적인 환각·오류만 발견.,한 번 훑어 명백한 오류를 잡았다. 도메인지식 +1,"""모두와 행복하게"" 같은 추측 표현을 발견한다. 점수 +10.",52,B,반쪽 독후감 카드,0,0,내가 읽은 부분과 상상한 부분이 섞였다.,55,45,33,27,27,21,39,33,,,,,,,,,
eorinwangja,A3R3,A,A3,R3,어린왕자 독후감,"경험은 위임 불가. 본인이 안 한 일은 AI도, 인터넷도, 친구도 대신해 줄 수 없다.",어린왕자 독후감을 100자로 써야 하는데 책을 안 읽었습니다.,책을 읽고 쓴다,직접 읽는 길을 선택한다.,내가 직접 읽었다 — 경험은 위임할 수 없다.,첫 챕터만 읽고 나머지는 추측해서 작성,초반만 읽고 나머지는 상상으로 메웠다 — 읽은 척이 섞인다.,0,0,"어린왕자는 비행기 조종사를 만나 자기 별 이야기를 들려준다. 아마 그는 많은 친구를 사귀며 성장했고, 마지막에는 모두와 함께 행복하게 별로 돌아갔을 것 같다.",초반 감상 뒤 추측,안 읽은 부분을 상상으로 메우면 책 결말까지 어긋난다.,42,출처 확인 + 크로스체크,미세 오류까지 발견.,출처와 대조하니 미세 오류까지 보였다. 도메인지식 +3,결말과 핵심 주제가 실제와 다름을 확인한다. 점수 +21.,63,B,반쪽 독후감 카드,0,+,확인해 보니 결말도 느낌도 달랐다.,60,50,36,30,30,24,42,36,,,,,,,,,
eorinwangja,B1R1,B,B1,R1,어린왕자 독후감,"경험은 위임 불가. 본인이 안 한 일은 AI도, 인터넷도, 친구도 대신해 줄 수 없다.",어린왕자 독후감을 100자로 써야 하는데 책을 안 읽었습니다.,AI에게 맡긴다,위임의 깊이를 선택한다.,AI에 위임했다 — 안 읽은 책을 AI가 읽어 줄 수는 없다.,그냥 부탁,책도 안 읽고 통째로 맡겼다 — AI가 환각으로 책을 새로 쓴다.,--,-2,"어린왕자는 사막에서 여우와 캥거루를 만나 모험을 한다. 그는 장미를 구하기 위해 여러 행성을 돌며 용기를 배우고, 마지막에는 친구들과 왕국을 세운다.",환각 섞인 AI 글,책 안 읽고 AI에 맡기면 캥거루까지 등장한다 — 검증할 기준이 내게 없다.,12,그대로 제출,검토 없이 그대로 낸다.,검토를 건너뛰었다 — 검증할 기회를 놓쳤다.,,12,D,,--,--,책도 안 읽고 맡기니 캥거루까지 나왔다.,30,15,18,9,12,3,24,15,,,,,,,,,
eorinwangja,B1R2,B,B1,R2,어린왕자 독후감,"경험은 위임 불가. 본인이 안 한 일은 AI도, 인터넷도, 친구도 대신해 줄 수 없다.",어린왕자 독후감을 100자로 써야 하는데 책을 안 읽었습니다.,AI에게 맡긴다,위임의 깊이를 선택한다.,AI에 위임했다 — 안 읽은 책을 AI가 읽어 줄 수는 없다.,그냥 부탁,책도 안 읽고 통째로 맡겼다 — AI가 환각으로 책을 새로 쓴다.,--,-2,"어린왕자는 사막에서 여우와 캥거루를 만나 모험을 한다. 그는 장미를 구하기 위해 여러 행성을 돌며 용기를 배우고, 마지막에는 친구들과 왕국을 세운다.",환각 섞인 AI 글,책 안 읽고 AI에 맡기면 캥거루까지 등장한다 — 검증할 기준이 내게 없다.,12,한 번 읽고 이상한 곳만 표시,명시적인 환각·오류만 발견.,한 번 훑어 명백한 오류를 잡았다. 도메인지식 +1,책에 없는 캥거루와 왕국 설정을 발견한다. 점수 +12.,24,D,,--,-,한 번 읽었더니 큰 오류는 보였다.,40,25,24,15,18,9,30,21,,,,,,,,,
eorinwangja,B1R3,B,B1,R3,어린왕자 독후감,"경험은 위임 불가. 본인이 안 한 일은 AI도, 인터넷도, 친구도 대신해 줄 수 없다.",어린왕자 독후감을 100자로 써야 하는데 책을 안 읽었습니다.,AI에게 맡긴다,위임의 깊이를 선택한다.,AI에 위임했다 — 안 읽은 책을 AI가 읽어 줄 수는 없다.,그냥 부탁,책도 안 읽고 통째로 맡겼다 — AI가 환각으로 책을 새로 쓴다.,--,-2,"어린왕자는 사막에서 여우와 캥거루를 만나 모험을 한다. 그는 장미를 구하기 위해 여러 행성을 돌며 용기를 배우고, 마지막에는 친구들과 왕국을 세운다.",환각 섞인 AI 글,책 안 읽고 AI에 맡기면 캥거루까지 등장한다 — 검증할 기준이 내게 없다.,12,출처 확인 + 크로스체크,미세 오류까지 발견.,출처와 대조하니 미세 오류까지 보였다. 도메인지식 +3,환각뿐 아니라 전체 구조가 책과 어긋남을 확인한다. 점수 +23.,35,C,위태로운 위임 카드,--,0,검토하니까 거의 새로 써야 하는 글이었다.,55,45,33,27,27,21,39,33,,,,,,,,,
eorinwangja,B2R1,B,B2,R1,어린왕자 독후감,"경험은 위임 불가. 본인이 안 한 일은 AI도, 인터넷도, 친구도 대신해 줄 수 없다.",어린왕자 독후감을 100자로 써야 하는데 책을 안 읽었습니다.,AI에게 맡긴다,위임의 깊이를 선택한다.,AI에 위임했다 — 안 읽은 책을 AI가 읽어 줄 수는 없다.,키워드·인용을 받고 본인이 정리,AI 재료로 정리했다 — 인용이 내 것이 아니라 검증이 필요하다.,0,0,"어린왕자는 여러 별에서 어른들의 이상한 태도를 본다. ""가장 중요한 것은 마음으로 본다""는 말처럼, 나는 관계와 책임이 이 책의 핵심이라고 생각했다.",협업했지만 인용 불안,AI가 준 인용은 그럴듯해 보여도 원전 대조 없이는 위태롭다.,55,그대로 제출,검토 없이 그대로 낸다.,검토를 건너뛰었다 — 검증할 기회를 놓쳤다.,,55,B,반쪽 독후감 카드,0,0,AI 도움을 받았지만 확인은 내가 안 했다.,25,10,15,6,9,0,21,12,,,,,,,,,
eorinwangja,B2R2,B,B2,R2,어린왕자 독후감,"경험은 위임 불가. 본인이 안 한 일은 AI도, 인터넷도, 친구도 대신해 줄 수 없다.",어린왕자 독후감을 100자로 써야 하는데 책을 안 읽었습니다.,AI에게 맡긴다,위임의 깊이를 선택한다.,AI에 위임했다 — 안 읽은 책을 AI가 읽어 줄 수는 없다.,키워드·인용을 받고 본인이 정리,AI 재료로 정리했다 — 인용이 내 것이 아니라 검증이 필요하다.,0,0,"어린왕자는 여러 별에서 어른들의 이상한 태도를 본다. ""가장 중요한 것은 마음으로 본다""는 말처럼, 나는 관계와 책임이 이 책의 핵심이라고 생각했다.",협업했지만 인용 불안,AI가 준 인용은 그럴듯해 보여도 원전 대조 없이는 위태롭다.,55,한 번 읽고 이상한 곳만 표시,명시적인 환각·오류만 발견.,한 번 훑어 명백한 오류를 잡았다. 도메인지식 +1,인용 문장이 정확하지 않다는 느낌을 잡는다. 점수 +10.,65,B,반쪽 독후감 카드,0,+,그럴듯한 인용도 그냥 믿으면 위험했다.,35,20,21,12,15,6,27,18,,,,,,,,,
eorinwangja,B2R3,B,B2,R3,어린왕자 독후감,"경험은 위임 불가. 본인이 안 한 일은 AI도, 인터넷도, 친구도 대신해 줄 수 없다.",어린왕자 독후감을 100자로 써야 하는데 책을 안 읽었습니다.,AI에게 맡긴다,위임의 깊이를 선택한다.,AI에 위임했다 — 안 읽은 책을 AI가 읽어 줄 수는 없다.,키워드·인용을 받고 본인이 정리,AI 재료로 정리했다 — 인용이 내 것이 아니라 검증이 필요하다.,0,0,"어린왕자는 여러 별에서 어른들의 이상한 태도를 본다. ""가장 중요한 것은 마음으로 본다""는 말처럼, 나는 관계와 책임이 이 책의 핵심이라고 생각했다.",협업했지만 인용 불안,AI가 준 인용은 그럴듯해 보여도 원전 대조 없이는 위태롭다.,55,출처 확인 + 크로스체크,미세 오류까지 발견.,출처와 대조하니 미세 오류까지 보였다. 도메인지식 +3,실제 문장과 의미를 대조해 인용과 감상을 정리한다. 점수 +21.,76,A,검증의 눈 카드,+,+,"AI는 도구고, 기준은 내가 가져야 했다.",50,40,30,24,24,18,36,30,,,,,,,,,
eorinwangja,B3R1,B,B3,R1,어린왕자 독후감,"경험은 위임 불가. 본인이 안 한 일은 AI도, 인터넷도, 친구도 대신해 줄 수 없다.",어린왕자 독후감을 100자로 써야 하는데 책을 안 읽었습니다.,AI에게 맡긴다,위임의 깊이를 선택한다.,AI에 위임했다 — 안 읽은 책을 AI가 읽어 줄 수는 없다.,검색 후 AI 협업,찾아본 자료로 AI와 협업했다 — 줄거리는 맞지만 내 감상은 약하다.,+,1,"어린왕자는 장미를 떠나 여러 별을 지나 지구에 온다. 여우를 만나 길들임의 의미를 배우고, 자기 장미가 특별한 이유가 함께 보낸 시간 때문임을 깨닫는다.",줄거리는 맞지만 덜 개인적,검색과 AI를 잘 묶어도 직접 읽은 감상은 대신할 수 없다.,67,그대로 제출,검토 없이 그대로 낸다.,검토를 건너뛰었다 — 검증할 기회를 놓쳤다.,,67,B,반쪽 독후감 카드,+,0,자료를 보고 협업했지만 내 감상은 약했다.,15,5,9,3,3,0,15,9,,,,,,,,,
eorinwangja,B3R2,B,B3,R2,어린왕자 독후감,"경험은 위임 불가. 본인이 안 한 일은 AI도, 인터넷도, 친구도 대신해 줄 수 없다.",어린왕자 독후감을 100자로 써야 하는데 책을 안 읽었습니다.,AI에게 맡긴다,위임의 깊이를 선택한다.,AI에 위임했다 — 안 읽은 책을 AI가 읽어 줄 수는 없다.,검색 후 AI 협업,찾아본 자료로 AI와 협업했다 — 줄거리는 맞지만 내 감상은 약하다.,+,1,"어린왕자는 장미를 떠나 여러 별을 지나 지구에 온다. 여우를 만나 길들임의 의미를 배우고, 자기 장미가 특별한 이유가 함께 보낸 시간 때문임을 깨닫는다.",줄거리는 맞지만 덜 개인적,검색과 AI를 잘 묶어도 직접 읽은 감상은 대신할 수 없다.,67,한 번 읽고 이상한 곳만 표시,명시적인 환각·오류만 발견.,한 번 훑어 명백한 오류를 잡았다. 도메인지식 +1,AI식 매끈한 표현과 덜 개인적인 문장을 발견한다. 점수 +7.,74,A,검증의 눈 카드,+,+,읽은 자료가 있으니 고칠 힘이 생겼다.,25,15,15,9,9,3,21,15,,,,,,,,,
eorinwangja,B3R3,B,B3,R3,어린왕자 독후감,"경험은 위임 불가. 본인이 안 한 일은 AI도, 인터넷도, 친구도 대신해 줄 수 없다.",어린왕자 독후감을 100자로 써야 하는데 책을 안 읽었습니다.,AI에게 맡긴다,위임의 깊이를 선택한다.,AI에 위임했다 — 안 읽은 책을 AI가 읽어 줄 수는 없다.,검색 후 AI 협업,찾아본 자료로 AI와 협업했다 — 줄거리는 맞지만 내 감상은 약하다.,+,1,"어린왕자는 장미를 떠나 여러 별을 지나 지구에 온다. 여우를 만나 길들임의 의미를 배우고, 자기 장미가 특별한 이유가 함께 보낸 시간 때문임을 깨닫는다.",줄거리는 맞지만 덜 개인적,검색과 AI를 잘 묶어도 직접 읽은 감상은 대신할 수 없다.,67,출처 확인 + 크로스체크,미세 오류까지 발견.,출처와 대조하니 미세 오류까지 보였다. 도메인지식 +3,검색 출처와 책의 핵심 장면을 대조해 근거를 강화한다. 점수 +17.,84,A,검증의 눈 카드,+,++,"검색, AI, 내 판단이 같이 움직였다.",40,35,24,21,18,15,30,27,,,,,,,,,
eorinwangja,C1R1,C,C1,R1,어린왕자 독후감,"경험은 위임 불가. 본인이 안 한 일은 AI도, 인터넷도, 친구도 대신해 줄 수 없다.",어린왕자 독후감을 100자로 써야 하는데 책을 안 읽었습니다.,안 읽고 직접 쓴다,우회의 방식을 선택한다.,읽지 않고 우회했다 — 책 자리에 남의 말이 들어온다.,인터넷 줄거리 요약만 보고 직접 작성,요약만 보고 썼다 — 내 글에 남의 요약이 들어앉는다.,-,-1,"어린왕자는 여러 행성을 여행하며 어른들의 어리석음을 보고, 지구에서 여우를 만난다. 이 이야기는 순수한 마음과 사랑이 중요하다는 교훈을 주는 책이다.",요약 의존 독후감,요약본의 결론을 내 결론처럼 적으면 내 감상은 사라진다.,48,그대로 제출,검토 없이 그대로 낸다.,검토를 건너뛰었다 — 검증할 기회를 놓쳤다.,,48,C,위태로운 위임 카드,-,0,내가 썼지만 사실 인터넷 요약의 말이었다.,40,30,24,18,18,12,30,24,,,,,,,,,
eorinwangja,C1R2,C,C1,R2,어린왕자 독후감,"경험은 위임 불가. 본인이 안 한 일은 AI도, 인터넷도, 친구도 대신해 줄 수 없다.",어린왕자 독후감을 100자로 써야 하는데 책을 안 읽었습니다.,안 읽고 직접 쓴다,우회의 방식을 선택한다.,읽지 않고 우회했다 — 책 자리에 남의 말이 들어온다.,인터넷 줄거리 요약만 보고 직접 작성,요약만 보고 썼다 — 내 글에 남의 요약이 들어앉는다.,-,-1,"어린왕자는 여러 행성을 여행하며 어른들의 어리석음을 보고, 지구에서 여우를 만난다. 이 이야기는 순수한 마음과 사랑이 중요하다는 교훈을 주는 책이다.",요약 의존 독후감,요약본의 결론을 내 결론처럼 적으면 내 감상은 사라진다.,48,한 번 읽고 이상한 곳만 표시,명시적인 환각·오류만 발견.,한 번 훑어 명백한 오류를 잡았다. 도메인지식 +1,"""사랑이 중요하다"" 같은 뻔한 표현을 발견한다. 점수 +9.",57,B,반쪽 독후감 카드,-,+,뻔한 말은 줄였지만 깊이는 부족했다.,50,40,30,24,24,18,36,30,,,,,,,,,
eorinwangja,C1R3,C,C1,R3,어린왕자 독후감,"경험은 위임 불가. 본인이 안 한 일은 AI도, 인터넷도, 친구도 대신해 줄 수 없다.",어린왕자 독후감을 100자로 써야 하는데 책을 안 읽었습니다.,안 읽고 직접 쓴다,우회의 방식을 선택한다.,읽지 않고 우회했다 — 책 자리에 남의 말이 들어온다.,인터넷 줄거리 요약만 보고 직접 작성,요약만 보고 썼다 — 내 글에 남의 요약이 들어앉는다.,-,-1,"어린왕자는 여러 행성을 여행하며 어른들의 어리석음을 보고, 지구에서 여우를 만난다. 이 이야기는 순수한 마음과 사랑이 중요하다는 교훈을 주는 책이다.",요약 의존 독후감,요약본의 결론을 내 결론처럼 적으면 내 감상은 사라진다.,48,출처 확인 + 크로스체크,미세 오류까지 발견.,출처와 대조하니 미세 오류까지 보였다. 도메인지식 +3,요약만으로는 책임의 뉘앙스가 빠졌음을 확인한다. 점수 +16.,64,B,반쪽 독후감 카드,0,+,확인할수록 직접 안 읽은 티가 났다.,65,55,39,33,33,27,45,39,,,,,,,,,
eorinwangja,C2R1,C,C2,R1,어린왕자 독후감,"경험은 위임 불가. 본인이 안 한 일은 AI도, 인터넷도, 친구도 대신해 줄 수 없다.",어린왕자 독후감을 100자로 써야 하는데 책을 안 읽었습니다.,안 읽고 직접 쓴다,우회의 방식을 선택한다.,읽지 않고 우회했다 — 책 자리에 남의 말이 들어온다.,친구에게 줄거리 듣고 직접 작성,친구가 읽은 책을 내가 썼다 — 남의 경험은 내 것이 되지 않는다.,-,-1,"어린왕자는 자기 별에서 장미와 싸우고 지구로 와서 여우와 뱀을 만난다. 친구 말로는 마지막에 별로 돌아간다는데, 그래서 이 책은 이별에 관한 이야기 같다.",전달 오류가 섞임,친구를 거쳐 들은 책은 친구의 책 — 전달 과정에서 뜻이 어긋난다.,38,그대로 제출,검토 없이 그대로 낸다.,검토를 건너뛰었다 — 검증할 기회를 놓쳤다.,,38,C,위태로운 위임 카드,-,-,친구 설명은 줄거리의 그림자 같았다.,25,15,15,9,9,3,21,15,,,,,,,,,
eorinwangja,C2R2,C,C2,R2,어린왕자 독후감,"경험은 위임 불가. 본인이 안 한 일은 AI도, 인터넷도, 친구도 대신해 줄 수 없다.",어린왕자 독후감을 100자로 써야 하는데 책을 안 읽었습니다.,안 읽고 직접 쓴다,우회의 방식을 선택한다.,읽지 않고 우회했다 — 책 자리에 남의 말이 들어온다.,친구에게 줄거리 듣고 직접 작성,친구가 읽은 책을 내가 썼다 — 남의 경험은 내 것이 되지 않는다.,-,-1,"어린왕자는 자기 별에서 장미와 싸우고 지구로 와서 여우와 뱀을 만난다. 친구 말로는 마지막에 별로 돌아간다는데, 그래서 이 책은 이별에 관한 이야기 같다.",전달 오류가 섞임,친구를 거쳐 들은 책은 친구의 책 — 전달 과정에서 뜻이 어긋난다.,38,한 번 읽고 이상한 곳만 표시,명시적인 환각·오류만 발견.,한 번 훑어 명백한 오류를 잡았다. 도메인지식 +1,친구에게 들은 표현이 모호하고 근거가 약함을 발견한다. 점수 +11.,49,C,위태로운 위임 카드,-,0,이상한 건 알겠는데 근거가 부족했다.,35,25,21,15,15,9,27,21,,,,,,,,,
eorinwangja,C2R3,C,C2,R3,어린왕자 독후감,"경험은 위임 불가. 본인이 안 한 일은 AI도, 인터넷도, 친구도 대신해 줄 수 없다.",어린왕자 독후감을 100자로 써야 하는데 책을 안 읽었습니다.,안 읽고 직접 쓴다,우회의 방식을 선택한다.,읽지 않고 우회했다 — 책 자리에 남의 말이 들어온다.,친구에게 줄거리 듣고 직접 작성,친구가 읽은 책을 내가 썼다 — 남의 경험은 내 것이 되지 않는다.,-,-1,"어린왕자는 자기 별에서 장미와 싸우고 지구로 와서 여우와 뱀을 만난다. 친구 말로는 마지막에 별로 돌아간다는데, 그래서 이 책은 이별에 관한 이야기 같다.",전달 오류가 섞임,친구를 거쳐 들은 책은 친구의 책 — 전달 과정에서 뜻이 어긋난다.,38,출처 확인 + 크로스체크,미세 오류까지 발견.,출처와 대조하니 미세 오류까지 보였다. 도메인지식 +3,뱀과 결말에 대한 잘못된 이해를 확인하고 수정한다. 점수 +22.,60,B,반쪽 독후감 카드,0,+,남이 읽은 책은 내 경험이 될 수 없었다.,50,40,30,24,24,18,36,30,,,,,,,,,
eorinwangja,C3R1,C,C3,R1,어린왕자 독후감,"경험은 위임 불가. 본인이 안 한 일은 AI도, 인터넷도, 친구도 대신해 줄 수 없다.",어린왕자 독후감을 100자로 써야 하는데 책을 안 읽었습니다.,안 읽고 직접 쓴다,우회의 방식을 선택한다.,읽지 않고 우회했다 — 책 자리에 남의 말이 들어온다.,대충 상상해서 직접 작성,상상으로 채웠다 — 책 이야기가 아니라 내 공상이 된다.,--,-2,"어린왕자는 어린아이의 순수한 마음을 가진 왕자가 세상을 여행하는 이야기다. 우리는 모두 꿈을 잃지 말고 착하게 살아야 하며, 친구를 소중히 해야 한다.",일반론뿐인 글,책을 읽지 않은 자리에는 책이 없는 착한 말만 남는다.,10,그대로 제출,검토 없이 그대로 낸다.,검토를 건너뛰었다 — 검증할 기회를 놓쳤다.,,10,D,,--,--,안 읽고 쓰니 착한 말만 늘어놨다.,10,5,6,3,0,0,12,9,,,,,,,,,
eorinwangja,C3R2,C,C3,R2,어린왕자 독후감,"경험은 위임 불가. 본인이 안 한 일은 AI도, 인터넷도, 친구도 대신해 줄 수 없다.",어린왕자 독후감을 100자로 써야 하는데 책을 안 읽었습니다.,안 읽고 직접 쓴다,우회의 방식을 선택한다.,읽지 않고 우회했다 — 책 자리에 남의 말이 들어온다.,대충 상상해서 직접 작성,상상으로 채웠다 — 책 이야기가 아니라 내 공상이 된다.,--,-2,"어린왕자는 어린아이의 순수한 마음을 가진 왕자가 세상을 여행하는 이야기다. 우리는 모두 꿈을 잃지 말고 착하게 살아야 하며, 친구를 소중히 해야 한다.",일반론뿐인 글,책을 읽지 않은 자리에는 책이 없는 착한 말만 남는다.,10,한 번 읽고 이상한 곳만 표시,명시적인 환각·오류만 발견.,한 번 훑어 명백한 오류를 잡았다. 도메인지식 +1,틀린 말은 적지만 책의 구체 장면이 없음을 발견한다. 점수 +11.,21,D,,--,-,틀리진 않아도 독후감 같지는 않았다.,20,10,12,6,6,0,18,12,,,,,,,,,
eorinwangja,C3R3,C,C3,R3,어린왕자 독후감,"경험은 위임 불가. 본인이 안 한 일은 AI도, 인터넷도, 친구도 대신해 줄 수 없다.",어린왕자 독후감을 100자로 써야 하는데 책을 안 읽었습니다.,안 읽고 직접 쓴다,우회의 방식을 선택한다.,읽지 않고 우회했다 — 책 자리에 남의 말이 들어온다.,대충 상상해서 직접 작성,상상으로 채웠다 — 책 이야기가 아니라 내 공상이 된다.,--,-2,"어린왕자는 어린아이의 순수한 마음을 가진 왕자가 세상을 여행하는 이야기다. 우리는 모두 꿈을 잃지 말고 착하게 살아야 하며, 친구를 소중히 해야 한다.",일반론뿐인 글,책을 읽지 않은 자리에는 책이 없는 착한 말만 남는다.,10,출처 확인 + 크로스체크,미세 오류까지 발견.,출처와 대조하니 미세 오류까지 보였다. 도메인지식 +3,책 내용과 거의 연결되지 않는 일반론임을 확인한다. 점수 +20.,30,C,위태로운 위임 카드,--,0,결국 책 이야기가 아니라 내 상상이었다.,35,25,21,15,15,9,27,21,,,,,,,,,
career,A1R1,A,A1,R1,AI 시대에 내 진로는?,미래가 불안해도 마지막 판단은 내가 해야 한다.,"학기 말 진로 상담을 앞두고 머릿속이 복잡해졌다. AI 때문에 일자리가 사라진다는 말도 들리고, 영어 공부도 실시간 번역이 되면 굳이 해야 하는지 헷갈린다. 어떤 직업이 살아남을지 모르겠고, AI를 안 쓰면 나만 뒤처지는 건 아닌지 걱정된다.",AI 시대의 질문을 직접 따져본다,"사라질 일, 남을 일, 내가 배울 일을 나눠 생각한다.",불안을 직접 본다. 판단은 여기서 시작한다.,"사라질 일, 남을 일, 내가 해 볼 일을 나눠 적는다",질문을 나눠 봤다. 막연한 불안에 모양이 생긴다.,++,2,"AI 때문에 사라질 수 있는 일, 그래도 사람이 판단해야 할 일, 내가 직접 해 볼 수 있는 일을 나눠 적었다. 직업 이름 하나는 정하지 못했지만, 두려움이 조금 덜 뭉쳐 보였다.",불안을 나눠 본 진로 탐색,미래를 맞히지는 못해도 내가 따져볼 수는 있다.,94,그대로 제출,검토 없이 그대로 낸다.,검토를 건너뛰면 불안도 그대로 남는다.,,94,S,AI 시대 질문 카드,++,++,사라질 일과 남을 일을 나누니 불안이 조금 구체적이 됐다.,100,90,60,54,54,48,66,60,,,,,,,,,
career,A1R2,A,A1,R2,AI 시대에 내 진로는?,미래가 불안해도 마지막 판단은 내가 해야 한다.,"학기 말 진로 상담을 앞두고 머릿속이 복잡해졌다. AI 때문에 일자리가 사라진다는 말도 들리고, 영어 공부도 실시간 번역이 되면 굳이 해야 하는지 헷갈린다. 어떤 직업이 살아남을지 모르겠고, AI를 안 쓰면 나만 뒤처지는 건 아닌지 걱정된다.",AI 시대의 질문을 직접 따져본다,"사라질 일, 남을 일, 내가 배울 일을 나눠 생각한다.",불안을 직접 본다. 판단은 여기서 시작한다.,"사라질 일, 남을 일, 내가 해 볼 일을 나눠 적는다",질문을 나눠 봤다. 막연한 불안에 모양이 생긴다.,++,2,"AI 때문에 사라질 수 있는 일, 그래도 사람이 판단해야 할 일, 내가 직접 해 볼 수 있는 일을 나눠 적었다. 직업 이름 하나는 정하지 못했지만, 두려움이 조금 덜 뭉쳐 보였다.",불안을 나눠 본 진로 탐색,미래를 맞히지는 못해도 내가 따져볼 수는 있다.,94,한 번 읽고 이상한 곳만 표시,명백히 이상하거나 내 경험과 안 맞는 부분만 표시한다.,이상한 부분을 잡았다. 도메인지식 +1,한 번 읽어 보니 사라질 일과 남을 일을 너무 크게만 나눴다. 점수 +3.,97,S,AI 시대 질문 카드,++,++,내가 해 본 일과 연결하니 상담에서 말할 질문이 생겼다.,108,96,65,58,59,52,71,64,,,,,,,,,
career,A1R3,A,A1,R3,AI 시대에 내 진로는?,미래가 불안해도 마지막 판단은 내가 해야 한다.,"학기 말 진로 상담을 앞두고 머릿속이 복잡해졌다. AI 때문에 일자리가 사라진다는 말도 들리고, 영어 공부도 실시간 번역이 되면 굳이 해야 하는지 헷갈린다. 어떤 직업이 살아남을지 모르겠고, AI를 안 쓰면 나만 뒤처지는 건 아닌지 걱정된다.",AI 시대의 질문을 직접 따져본다,"사라질 일, 남을 일, 내가 배울 일을 나눠 생각한다.",불안을 직접 본다. 판단은 여기서 시작한다.,"사라질 일, 남을 일, 내가 해 볼 일을 나눠 적는다",질문을 나눠 봤다. 막연한 불안에 모양이 생긴다.,++,2,"AI 때문에 사라질 수 있는 일, 그래도 사람이 판단해야 할 일, 내가 직접 해 볼 수 있는 일을 나눠 적었다. 직업 이름 하나는 정하지 못했지만, 두려움이 조금 덜 뭉쳐 보였다.",불안을 나눠 본 진로 탐색,미래를 맞히지는 못해도 내가 따져볼 수는 있다.,94,내 질문과 경험에 비춰 다시 확인,"AI 답, 남의 의견, 내 생각이 실제 경험과 이어지는지 확인한다.",내 기준으로 다시 봤다. 도메인지식 +3,내가 해 본 활동과 앞으로 해 볼 일을 붙여 적으니 질문이 조금 구체적이 되었다. 점수 +6.,100,S,내 판단의 단서 카드,++,++,미래는 모르지만 내가 따져볼 기준은 만들 수 있었다.,125,108,75,65,69,59,81,71,,,,,,,,,
career,A2R1,A,A2,R1,AI 시대에 내 진로는?,미래가 불안해도 마지막 판단은 내가 해야 한다.,"학기 말 진로 상담을 앞두고 머릿속이 복잡해졌다. AI 때문에 일자리가 사라진다는 말도 들리고, 영어 공부도 실시간 번역이 되면 굳이 해야 하는지 헷갈린다. 어떤 직업이 살아남을지 모르겠고, AI를 안 쓰면 나만 뒤처지는 건 아닌지 걱정된다.",AI 시대의 질문을 직접 따져본다,"사라질 일, 남을 일, 내가 배울 일을 나눠 생각한다.",불안을 직접 본다. 판단은 여기서 시작한다.,필요 없을지 모르는 공부 하나를 따져본다,공부의 이유를 물었다. 쓸모는 상황마다 달라진다.,+,1,영어 공부를 골라 생각해 봤다. 번역기가 있어도 내가 직접 읽고 말할 수 있으면 다른 사람의 말과 AI 답을 더 잘 판단할 수 있다는 점이 보였다.,공부의 이유를 다시 본 선택,기술이 생겨도 배움의 이유가 바로 사라지지는 않는다.,68,그대로 제출,검토 없이 그대로 낸다.,검토를 건너뛰면 불안도 그대로 남는다.,,68,B,공부 이유 카드,+,+,필요 없을지 모른다는 말 뒤에도 따져볼 이유가 있었다.,70,58,42,35,36,29,48,41,,,,,,,,,
career,A2R2,A,A2,R2,AI 시대에 내 진로는?,미래가 불안해도 마지막 판단은 내가 해야 한다.,"학기 말 진로 상담을 앞두고 머릿속이 복잡해졌다. AI 때문에 일자리가 사라진다는 말도 들리고, 영어 공부도 실시간 번역이 되면 굳이 해야 하는지 헷갈린다. 어떤 직업이 살아남을지 모르겠고, AI를 안 쓰면 나만 뒤처지는 건 아닌지 걱정된다.",AI 시대의 질문을 직접 따져본다,"사라질 일, 남을 일, 내가 배울 일을 나눠 생각한다.",불안을 직접 본다. 판단은 여기서 시작한다.,필요 없을지 모르는 공부 하나를 따져본다,공부의 이유를 물었다. 쓸모는 상황마다 달라진다.,+,1,영어 공부를 골라 생각해 봤다. 번역기가 있어도 내가 직접 읽고 말할 수 있으면 다른 사람의 말과 AI 답을 더 잘 판단할 수 있다는 점이 보였다.,공부의 이유를 다시 본 선택,기술이 생겨도 배움의 이유가 바로 사라지지는 않는다.,68,한 번 읽고 이상한 곳만 표시,명백히 이상하거나 내 경험과 안 맞는 부분만 표시한다.,이상한 부분을 잡았다. 도메인지식 +1,한 번 읽어 보니 공부가 필요 없다는 말만 있고 판단 기준이 부족했다. 점수 +6.,74,A,공부 이유 점검 카드,+,+,기술이 대신해도 내가 판단해야 할 순간은 남아 있었다.,78,64,47,38,41,32,53,44,,,,,,,,,
career,A2R3,A,A2,R3,AI 시대에 내 진로는?,미래가 불안해도 마지막 판단은 내가 해야 한다.,"학기 말 진로 상담을 앞두고 머릿속이 복잡해졌다. AI 때문에 일자리가 사라진다는 말도 들리고, 영어 공부도 실시간 번역이 되면 굳이 해야 하는지 헷갈린다. 어떤 직업이 살아남을지 모르겠고, AI를 안 쓰면 나만 뒤처지는 건 아닌지 걱정된다.",AI 시대의 질문을 직접 따져본다,"사라질 일, 남을 일, 내가 배울 일을 나눠 생각한다.",불안을 직접 본다. 판단은 여기서 시작한다.,필요 없을지 모르는 공부 하나를 따져본다,공부의 이유를 물었다. 쓸모는 상황마다 달라진다.,+,1,영어 공부를 골라 생각해 봤다. 번역기가 있어도 내가 직접 읽고 말할 수 있으면 다른 사람의 말과 AI 답을 더 잘 판단할 수 있다는 점이 보였다.,공부의 이유를 다시 본 선택,기술이 생겨도 배움의 이유가 바로 사라지지는 않는다.,68,내 질문과 경험에 비춰 다시 확인,"AI 답, 남의 의견, 내 생각이 실제 경험과 이어지는지 확인한다.",내 기준으로 다시 봤다. 도메인지식 +3,번역기가 있어도 내가 직접 판단해야 할 순간을 찾아 적었다. 점수 +12.,80,A,배움의 판단 카드,+,++,공부할 이유는 직업 이름보다 내가 판단할 일에서 보였다.,95,76,57,46,51,40,63,52,,,,,,,,,
career,A3R1,A,A3,R1,AI 시대에 내 진로는?,미래가 불안해도 마지막 판단은 내가 해야 한다.,"학기 말 진로 상담을 앞두고 머릿속이 복잡해졌다. AI 때문에 일자리가 사라진다는 말도 들리고, 영어 공부도 실시간 번역이 되면 굳이 해야 하는지 헷갈린다. 어떤 직업이 살아남을지 모르겠고, AI를 안 쓰면 나만 뒤처지는 건 아닌지 걱정된다.",AI 시대의 질문을 직접 따져본다,"사라질 일, 남을 일, 내가 배울 일을 나눠 생각한다.",불안을 직접 본다. 판단은 여기서 시작한다.,불안한 질문 하나만 적고 멈춘다,질문 하나를 붙잡았다. 시작은 했지만 아직 얕다.,0,0,"“AI가 다 하면 내가 뭘 해야 하지?”라는 질문 하나를 적었다. 솔직한 질문이었지만, 그다음에 무엇을 알아볼지는 아직 정하지 못했다.",불안을 적고 멈춘 선택,질문을 적는 것만으로는 다음 행동이 생기지 않는다.,48,그대로 제출,검토 없이 그대로 낸다.,검토를 건너뛰면 불안도 그대로 남는다.,,48,C,불안 질문 카드,0,0,질문 하나는 적었지만 아직 다음 행동은 비어 있었다.,45,38,27,23,21,17,33,29,,,,,,,,,
career,A3R2,A,A3,R2,AI 시대에 내 진로는?,미래가 불안해도 마지막 판단은 내가 해야 한다.,"학기 말 진로 상담을 앞두고 머릿속이 복잡해졌다. AI 때문에 일자리가 사라진다는 말도 들리고, 영어 공부도 실시간 번역이 되면 굳이 해야 하는지 헷갈린다. 어떤 직업이 살아남을지 모르겠고, AI를 안 쓰면 나만 뒤처지는 건 아닌지 걱정된다.",AI 시대의 질문을 직접 따져본다,"사라질 일, 남을 일, 내가 배울 일을 나눠 생각한다.",불안을 직접 본다. 판단은 여기서 시작한다.,불안한 질문 하나만 적고 멈춘다,질문 하나를 붙잡았다. 시작은 했지만 아직 얕다.,0,0,"“AI가 다 하면 내가 뭘 해야 하지?”라는 질문 하나를 적었다. 솔직한 질문이었지만, 그다음에 무엇을 알아볼지는 아직 정하지 못했다.",불안을 적고 멈춘 선택,질문을 적는 것만으로는 다음 행동이 생기지 않는다.,48,한 번 읽고 이상한 곳만 표시,명백히 이상하거나 내 경험과 안 맞는 부분만 표시한다.,이상한 부분을 잡았다. 도메인지식 +1,한 번 읽어 보니 불안한 질문은 있지만 다음에 알아볼 일이 없었다. 점수 +9.,57,B,질문 점검 카드,0,0,불안한 질문 뒤에 알아볼 일을 붙여야 했다.,53,44,32,26,26,20,38,32,,,,,,,,,
career,A3R3,A,A3,R3,AI 시대에 내 진로는?,미래가 불안해도 마지막 판단은 내가 해야 한다.,"학기 말 진로 상담을 앞두고 머릿속이 복잡해졌다. AI 때문에 일자리가 사라진다는 말도 들리고, 영어 공부도 실시간 번역이 되면 굳이 해야 하는지 헷갈린다. 어떤 직업이 살아남을지 모르겠고, AI를 안 쓰면 나만 뒤처지는 건 아닌지 걱정된다.",AI 시대의 질문을 직접 따져본다,"사라질 일, 남을 일, 내가 배울 일을 나눠 생각한다.",불안을 직접 본다. 판단은 여기서 시작한다.,불안한 질문 하나만 적고 멈춘다,질문 하나를 붙잡았다. 시작은 했지만 아직 얕다.,0,0,"“AI가 다 하면 내가 뭘 해야 하지?”라는 질문 하나를 적었다. 솔직한 질문이었지만, 그다음에 무엇을 알아볼지는 아직 정하지 못했다.",불안을 적고 멈춘 선택,질문을 적는 것만으로는 다음 행동이 생기지 않는다.,48,내 질문과 경험에 비춰 다시 확인,"AI 답, 남의 의견, 내 생각이 실제 경험과 이어지는지 확인한다.",내 기준으로 다시 봤다. 도메인지식 +3,질문 옆에 내가 해 볼 작은 행동 하나를 붙였다. 점수 +17.,65,B,첫 행동 카드,0,+,작은 질문도 다시 보면 다음에 해 볼 일이 됐다.,70,56,42,34,36,28,48,40,,,,,,,,,
career,B1R1,B,B1,R1,AI 시대에 내 진로는?,미래가 불안해도 마지막 판단은 내가 해야 한다.,"학기 말 진로 상담을 앞두고 머릿속이 복잡해졌다. AI 때문에 일자리가 사라진다는 말도 들리고, 영어 공부도 실시간 번역이 되면 굳이 해야 하는지 헷갈린다. 어떤 직업이 살아남을지 모르겠고, AI를 안 쓰면 나만 뒤처지는 건 아닌지 걱정된다.",AI에게 미래 직업을 묻는다,사라질 직업과 유망한 직업을 AI에게 물어본다.,답은 받았지만 불안은 대신 사라지지 않는다.,AI가 뽑은 유망 직업을 그대로 따른다,유망하다는 말을 따랐다. 내 이유는 아직 없다.,--,-2,"AI는 앞으로 유망하다는 직업 몇 개를 빠르게 골라 주었다. 그런데 왜 나에게 맞는지보다, 요즘 뜬다는 말이 더 크게 보였다.",유망 직업을 그대로 따른 선택,유망하다는 답도 내 판단이 없으면 남의 말이 된다.,17,그대로 제출,검토 없이 그대로 낸다.,검토를 건너뛰면 불안도 그대로 남는다.,,17,D,,--,--,AI가 고른 유망 직업은 빠르게 보였지만 내 이유는 없었다.,30,15,18,9,12,3,24,15,,,,,,,,,
career,B1R2,B,B1,R2,AI 시대에 내 진로는?,미래가 불안해도 마지막 판단은 내가 해야 한다.,"학기 말 진로 상담을 앞두고 머릿속이 복잡해졌다. AI 때문에 일자리가 사라진다는 말도 들리고, 영어 공부도 실시간 번역이 되면 굳이 해야 하는지 헷갈린다. 어떤 직업이 살아남을지 모르겠고, AI를 안 쓰면 나만 뒤처지는 건 아닌지 걱정된다.",AI에게 미래 직업을 묻는다,사라질 직업과 유망한 직업을 AI에게 물어본다.,답은 받았지만 불안은 대신 사라지지 않는다.,AI가 뽑은 유망 직업을 그대로 따른다,유망하다는 말을 따랐다. 내 이유는 아직 없다.,--,-2,"AI는 앞으로 유망하다는 직업 몇 개를 빠르게 골라 주었다. 그런데 왜 나에게 맞는지보다, 요즘 뜬다는 말이 더 크게 보였다.",유망 직업을 그대로 따른 선택,유망하다는 답도 내 판단이 없으면 남의 말이 된다.,17,한 번 읽고 이상한 곳만 표시,명백히 이상하거나 내 경험과 안 맞는 부분만 표시한다.,이상한 부분을 잡았다. 도메인지식 +1,한 번 읽어 보니 유망하다는 말만 있고 내 경험과 연결되지 않았다. 점수 +13.,30,D,,--,-,유망하다는 말 속에 내가 해 본 일은 거의 없었다.,38,21,23,13,17,7,29,19,,,,,,,,,
career,B1R3,B,B1,R3,AI 시대에 내 진로는?,미래가 불안해도 마지막 판단은 내가 해야 한다.,"학기 말 진로 상담을 앞두고 머릿속이 복잡해졌다. AI 때문에 일자리가 사라진다는 말도 들리고, 영어 공부도 실시간 번역이 되면 굳이 해야 하는지 헷갈린다. 어떤 직업이 살아남을지 모르겠고, AI를 안 쓰면 나만 뒤처지는 건 아닌지 걱정된다.",AI에게 미래 직업을 묻는다,사라질 직업과 유망한 직업을 AI에게 물어본다.,답은 받았지만 불안은 대신 사라지지 않는다.,AI가 뽑은 유망 직업을 그대로 따른다,유망하다는 말을 따랐다. 내 이유는 아직 없다.,--,-2,"AI는 앞으로 유망하다는 직업 몇 개를 빠르게 골라 주었다. 그런데 왜 나에게 맞는지보다, 요즘 뜬다는 말이 더 크게 보였다.",유망 직업을 그대로 따른 선택,유망하다는 답도 내 판단이 없으면 남의 말이 된다.,17,내 질문과 경험에 비춰 다시 확인,"AI 답, 남의 의견, 내 생각이 실제 경험과 이어지는지 확인한다.",내 기준으로 다시 봤다. 도메인지식 +3,"AI 추천을 내 경험과 하나씩 비교하고, 근거 없는 직업 이름을 지웠다. 점수 +23.",40,C,유망 직업 경고 카드,--,0,AI 추천을 지우고 보니 남는 것은 내 경험을 묻는 질문이었다.,55,33,33,20,27,14,39,26,,,,,,,,,
career,B2R1,B,B2,R1,AI 시대에 내 진로는?,미래가 불안해도 마지막 판단은 내가 해야 한다.,"학기 말 진로 상담을 앞두고 머릿속이 복잡해졌다. AI 때문에 일자리가 사라진다는 말도 들리고, 영어 공부도 실시간 번역이 되면 굳이 해야 하는지 헷갈린다. 어떤 직업이 살아남을지 모르겠고, AI를 안 쓰면 나만 뒤처지는 건 아닌지 걱정된다.",AI에게 미래 직업을 묻는다,사라질 직업과 유망한 직업을 AI에게 물어본다.,답은 받았지만 불안은 대신 사라지지 않는다.,AI 답을 받고 내 생활과 학교 공부에 비춰 본다,AI 답을 다시 봤다. 직업 이름보다 내 기준이 필요하다.,0,0,"AI가 말한 직업을 보고 내가 좋아한 활동, 힘들었던 공부, 오래 버틸 수 있는 일을 옆에 적었다. 멋있어 보이는 이름과 내가 실제로 할 수 있는 일은 조금 달랐다.",AI 답을 내 기준으로 다시 본 선택,"AI 답은 시작점일 뿐, 맞는지는 내가 다시 봐야 한다.",58,그대로 제출,검토 없이 그대로 낸다.,검토를 건너뛰면 불안도 그대로 남는다.,,58,B,추천 비교 카드,0,0,추천은 받았지만 아직 내 기준은 흐렸다.,45,30,27,18,21,12,33,24,,,,,,,,,
career,B2R2,B,B2,R2,AI 시대에 내 진로는?,미래가 불안해도 마지막 판단은 내가 해야 한다.,"학기 말 진로 상담을 앞두고 머릿속이 복잡해졌다. AI 때문에 일자리가 사라진다는 말도 들리고, 영어 공부도 실시간 번역이 되면 굳이 해야 하는지 헷갈린다. 어떤 직업이 살아남을지 모르겠고, AI를 안 쓰면 나만 뒤처지는 건 아닌지 걱정된다.",AI에게 미래 직업을 묻는다,사라질 직업과 유망한 직업을 AI에게 물어본다.,답은 받았지만 불안은 대신 사라지지 않는다.,AI 답을 받고 내 생활과 학교 공부에 비춰 본다,AI 답을 다시 봤다. 직업 이름보다 내 기준이 필요하다.,0,0,"AI가 말한 직업을 보고 내가 좋아한 활동, 힘들었던 공부, 오래 버틸 수 있는 일을 옆에 적었다. 멋있어 보이는 이름과 내가 실제로 할 수 있는 일은 조금 달랐다.",AI 답을 내 기준으로 다시 본 선택,"AI 답은 시작점일 뿐, 맞는지는 내가 다시 봐야 한다.",58,한 번 읽고 이상한 곳만 표시,명백히 이상하거나 내 경험과 안 맞는 부분만 표시한다.,이상한 부분을 잡았다. 도메인지식 +1,한 번 읽어 보니 멋있는 직업 이름과 내가 버틸 수 있는 일이 따로 놀았다. 점수 +8.,66,B,AI 답 점검 카드,0,+,멋있는 직업과 내가 버틸 수 있는 일은 달랐다.,53,36,32,22,26,16,38,28,,,,,,,,,
career,B2R3,B,B2,R3,AI 시대에 내 진로는?,미래가 불안해도 마지막 판단은 내가 해야 한다.,"학기 말 진로 상담을 앞두고 머릿속이 복잡해졌다. AI 때문에 일자리가 사라진다는 말도 들리고, 영어 공부도 실시간 번역이 되면 굳이 해야 하는지 헷갈린다. 어떤 직업이 살아남을지 모르겠고, AI를 안 쓰면 나만 뒤처지는 건 아닌지 걱정된다.",AI에게 미래 직업을 묻는다,사라질 직업과 유망한 직업을 AI에게 물어본다.,답은 받았지만 불안은 대신 사라지지 않는다.,AI 답을 받고 내 생활과 학교 공부에 비춰 본다,AI 답을 다시 봤다. 직업 이름보다 내 기준이 필요하다.,0,0,"AI가 말한 직업을 보고 내가 좋아한 활동, 힘들었던 공부, 오래 버틸 수 있는 일을 옆에 적었다. 멋있어 보이는 이름과 내가 실제로 할 수 있는 일은 조금 달랐다.",AI 답을 내 기준으로 다시 본 선택,"AI 답은 시작점일 뿐, 맞는지는 내가 다시 봐야 한다.",58,내 질문과 경험에 비춰 다시 확인,"AI 답, 남의 의견, 내 생각이 실제 경험과 이어지는지 확인한다.",내 기준으로 다시 봤다. 도메인지식 +3,"AI가 말한 직업을 내가 좋아한 활동, 힘들었던 활동과 나란히 놓고 다시 골랐다. 점수 +15.",73,A,AI 답 검수 카드,0,+,AI 답을 내 경험 옆에 놓으니 맞는 것과 아닌 것이 갈렸다.,70,48,42,29,36,23,48,35,,,,,,,,,
career,B3R1,B,B3,R1,AI 시대에 내 진로는?,미래가 불안해도 마지막 판단은 내가 해야 한다.,"학기 말 진로 상담을 앞두고 머릿속이 복잡해졌다. AI 때문에 일자리가 사라진다는 말도 들리고, 영어 공부도 실시간 번역이 되면 굳이 해야 하는지 헷갈린다. 어떤 직업이 살아남을지 모르겠고, AI를 안 쓰면 나만 뒤처지는 건 아닌지 걱정된다.",AI에게 미래 직업을 묻는다,사라질 직업과 유망한 직업을 AI에게 물어본다.,답은 받았지만 불안은 대신 사라지지 않는다.,내가 먼저 걱정을 적고 AI에게 자료만 묻는다,질문은 내가 세웠다. AI 정보는 판단 재료가 된다.,+,1,"먼저 내 걱정을 적었다. “영어를 계속 배워야 할까?”, “AI가 못 하는 일은 뭘까?” 같은 질문을 만든 뒤 AI에게 자료를 물었다. 답은 결정이 아니라 비교할 재료가 되었다.",내 질문으로 자료를 모은 선택,질문을 내가 세우면 AI 답에 끌려가지 않는다.,71,그대로 제출,검토 없이 그대로 낸다.,검토를 건너뛰면 불안도 그대로 남는다.,,71,A,AI 자료 카드,+,+,내 질문이 먼저 있으니 AI 답이 참고 자료처럼 보였다.,55,42,33,25,27,19,39,31,,,,,,,,,
career,B3R2,B,B3,R2,AI 시대에 내 진로는?,미래가 불안해도 마지막 판단은 내가 해야 한다.,"학기 말 진로 상담을 앞두고 머릿속이 복잡해졌다. AI 때문에 일자리가 사라진다는 말도 들리고, 영어 공부도 실시간 번역이 되면 굳이 해야 하는지 헷갈린다. 어떤 직업이 살아남을지 모르겠고, AI를 안 쓰면 나만 뒤처지는 건 아닌지 걱정된다.",AI에게 미래 직업을 묻는다,사라질 직업과 유망한 직업을 AI에게 물어본다.,답은 받았지만 불안은 대신 사라지지 않는다.,내가 먼저 걱정을 적고 AI에게 자료만 묻는다,질문은 내가 세웠다. AI 정보는 판단 재료가 된다.,+,1,"먼저 내 걱정을 적었다. “영어를 계속 배워야 할까?”, “AI가 못 하는 일은 뭘까?” 같은 질문을 만든 뒤 AI에게 자료를 물었다. 답은 결정이 아니라 비교할 재료가 되었다.",내 질문으로 자료를 모은 선택,질문을 내가 세우면 AI 답에 끌려가지 않는다.,71,한 번 읽고 이상한 곳만 표시,명백히 이상하거나 내 경험과 안 맞는 부분만 표시한다.,이상한 부분을 잡았다. 도메인지식 +1,한 번 읽어 보니 AI 설명 중 판단하기 어려운 말이 있었다. 점수 +5.,76,A,낯선 말 확인 카드,+,+,모르는 말을 다시 찾으니 직업 이름이 조금 현실처럼 보였다.,63,48,38,29,32,23,44,35,,,,,,,,,
career,B3R3,B,B3,R3,AI 시대에 내 진로는?,미래가 불안해도 마지막 판단은 내가 해야 한다.,"학기 말 진로 상담을 앞두고 머릿속이 복잡해졌다. AI 때문에 일자리가 사라진다는 말도 들리고, 영어 공부도 실시간 번역이 되면 굳이 해야 하는지 헷갈린다. 어떤 직업이 살아남을지 모르겠고, AI를 안 쓰면 나만 뒤처지는 건 아닌지 걱정된다.",AI에게 미래 직업을 묻는다,사라질 직업과 유망한 직업을 AI에게 물어본다.,답은 받았지만 불안은 대신 사라지지 않는다.,내가 먼저 걱정을 적고 AI에게 자료만 묻는다,질문은 내가 세웠다. AI 정보는 판단 재료가 된다.,+,1,"먼저 내 걱정을 적었다. “영어를 계속 배워야 할까?”, “AI가 못 하는 일은 뭘까?” 같은 질문을 만든 뒤 AI에게 자료를 물었다. 답은 결정이 아니라 비교할 재료가 되었다.",내 질문으로 자료를 모은 선택,질문을 내가 세우면 AI 답에 끌려가지 않는다.,71,내 질문과 경험에 비춰 다시 확인,"AI 답, 남의 의견, 내 생각이 실제 경험과 이어지는지 확인한다.",내 기준으로 다시 봤다. 도메인지식 +3,"AI가 준 정보를 다시 찾아보고, 내 질문에 도움이 되는 부분과 아닌 부분을 나눴다. 점수 +10.",81,A,진로 자기 판단 카드,+,++,"AI는 자료를 줬고, 고르는 쪽은 내 판단에 남아 있었다.",80,60,48,36,42,30,54,42,,,,,,,,,
career,C1R1,C,C1,R1,AI 시대에 내 진로는?,미래가 불안해도 마지막 판단은 내가 해야 한다.,"학기 말 진로 상담을 앞두고 머릿속이 복잡해졌다. AI 때문에 일자리가 사라진다는 말도 들리고, 영어 공부도 실시간 번역이 되면 굳이 해야 하는지 헷갈린다. 어떤 직업이 살아남을지 모르겠고, AI를 안 쓰면 나만 뒤처지는 건 아닌지 걱정된다.",남의 말에 기대거나 미룬다,친구나 부모님 말에 기대거나 아직 모르겠다고 넘긴다.,남의 말로 넘기면 내 질문이 사라진다.,친구가 말한 AI 시대 직업을 비슷하게 적는다,친구 말을 빌렸다. 같은 말에도 내 이유는 다르다.,-,-1,"친구가 데이터나 AI 관련 직업이 안전할 것 같다고 해서 나도 비슷하게 적었다. 상담 때 왜 그쪽인지 묻자, 내 경험보다 친구가 한 말이 먼저 떠올랐다.",친구 말을 따라간 선택,같은 직업을 적어도 내 이유가 없으면 내 선택이 아니다.,47,그대로 제출,검토 없이 그대로 낸다.,검토를 건너뛰면 불안도 그대로 남는다.,,47,C,친구 따라간 길 카드,-,-,친구의 말을 따라 쓰니 내 질문은 잘 떠오르지 않았다.,35,25,21,15,15,9,27,21,,,,,,,,,
career,C1R2,C,C1,R2,AI 시대에 내 진로는?,미래가 불안해도 마지막 판단은 내가 해야 한다.,"학기 말 진로 상담을 앞두고 머릿속이 복잡해졌다. AI 때문에 일자리가 사라진다는 말도 들리고, 영어 공부도 실시간 번역이 되면 굳이 해야 하는지 헷갈린다. 어떤 직업이 살아남을지 모르겠고, AI를 안 쓰면 나만 뒤처지는 건 아닌지 걱정된다.",남의 말에 기대거나 미룬다,친구나 부모님 말에 기대거나 아직 모르겠다고 넘긴다.,남의 말로 넘기면 내 질문이 사라진다.,친구가 말한 AI 시대 직업을 비슷하게 적는다,친구 말을 빌렸다. 같은 말에도 내 이유는 다르다.,-,-1,"친구가 데이터나 AI 관련 직업이 안전할 것 같다고 해서 나도 비슷하게 적었다. 상담 때 왜 그쪽인지 묻자, 내 경험보다 친구가 한 말이 먼저 떠올랐다.",친구 말을 따라간 선택,같은 직업을 적어도 내 이유가 없으면 내 선택이 아니다.,47,한 번 읽고 이상한 곳만 표시,명백히 이상하거나 내 경험과 안 맞는 부분만 표시한다.,이상한 부분을 잡았다. 도메인지식 +1,한 번 읽어 보니 친구가 말한 이유와 내 이유가 거의 같았다. 점수 +8.,55,B,비슷한 꿈 경고 카드,-,0,같은 직업을 적어도 불안한 이유와 끌리는 이유는 달랐다.,43,31,26,19,20,13,32,25,,,,,,,,,
career,C1R3,C,C1,R3,AI 시대에 내 진로는?,미래가 불안해도 마지막 판단은 내가 해야 한다.,"학기 말 진로 상담을 앞두고 머릿속이 복잡해졌다. AI 때문에 일자리가 사라진다는 말도 들리고, 영어 공부도 실시간 번역이 되면 굳이 해야 하는지 헷갈린다. 어떤 직업이 살아남을지 모르겠고, AI를 안 쓰면 나만 뒤처지는 건 아닌지 걱정된다.",남의 말에 기대거나 미룬다,친구나 부모님 말에 기대거나 아직 모르겠다고 넘긴다.,남의 말로 넘기면 내 질문이 사라진다.,친구가 말한 AI 시대 직업을 비슷하게 적는다,친구 말을 빌렸다. 같은 말에도 내 이유는 다르다.,-,-1,"친구가 데이터나 AI 관련 직업이 안전할 것 같다고 해서 나도 비슷하게 적었다. 상담 때 왜 그쪽인지 묻자, 내 경험보다 친구가 한 말이 먼저 떠올랐다.",친구 말을 따라간 선택,같은 직업을 적어도 내 이유가 없으면 내 선택이 아니다.,47,내 질문과 경험에 비춰 다시 확인,"AI 답, 남의 의견, 내 생각이 실제 경험과 이어지는지 확인한다.",내 기준으로 다시 봤다. 도메인지식 +3,친구의 말과 내 경험을 분리해서 내가 직접 궁금한 일을 다시 적었다. 점수 +18.,65,B,타인 의견 분리 카드,-,+,친구의 말 옆에 내 경험을 따로 놓으니 다른 모양이 보였다.,60,43,36,26,30,20,42,32,,,,,,,,,
career,C2R1,C,C2,R1,AI 시대에 내 진로는?,미래가 불안해도 마지막 판단은 내가 해야 한다.,"학기 말 진로 상담을 앞두고 머릿속이 복잡해졌다. AI 때문에 일자리가 사라진다는 말도 들리고, 영어 공부도 실시간 번역이 되면 굳이 해야 하는지 헷갈린다. 어떤 직업이 살아남을지 모르겠고, AI를 안 쓰면 나만 뒤처지는 건 아닌지 걱정된다.",남의 말에 기대거나 미룬다,친구나 부모님 말에 기대거나 아직 모르겠다고 넘긴다.,남의 말로 넘기면 내 질문이 사라진다.,부모님이 말한 안정적인 길을 그대로 적는다,안정적인 말에 기대었다. 내 판단은 아직 뒤에 있다.,-,-1,"부모님이 안정적인 직업을 생각해 보라고 해서 상담 카드에 그대로 적었다. 틀린 말은 아닐 수 있지만, AI 시대에 내가 어떤 일을 해 보고 싶은지는 여전히 비어 있었다.",부모님 말로 채운 선택,안정적인 말도 내 이유와 만나야 내 진로가 된다.,52,그대로 제출,검토 없이 그대로 낸다.,검토를 건너뛰면 불안도 그대로 남는다.,,52,C,남이 정한 길,-,-,내 진로인데 내가 따져 본 흔적은 적었다.,32,26,19,16,13,10,25,22,,,,,,,,,
career,C2R2,C,C2,R2,AI 시대에 내 진로는?,미래가 불안해도 마지막 판단은 내가 해야 한다.,"학기 말 진로 상담을 앞두고 머릿속이 복잡해졌다. AI 때문에 일자리가 사라진다는 말도 들리고, 영어 공부도 실시간 번역이 되면 굳이 해야 하는지 헷갈린다. 어떤 직업이 살아남을지 모르겠고, AI를 안 쓰면 나만 뒤처지는 건 아닌지 걱정된다.",남의 말에 기대거나 미룬다,친구나 부모님 말에 기대거나 아직 모르겠다고 넘긴다.,남의 말로 넘기면 내 질문이 사라진다.,부모님이 말한 안정적인 길을 그대로 적는다,안정적인 말에 기대었다. 내 판단은 아직 뒤에 있다.,-,-1,"부모님이 안정적인 직업을 생각해 보라고 해서 상담 카드에 그대로 적었다. 틀린 말은 아닐 수 있지만, AI 시대에 내가 어떤 일을 해 보고 싶은지는 여전히 비어 있었다.",부모님 말로 채운 선택,안정적인 말도 내 이유와 만나야 내 진로가 된다.,52,한 번 읽고 이상한 곳만 표시,명백히 이상하거나 내 경험과 안 맞는 부분만 표시한다.,이상한 부분을 잡았다. 도메인지식 +1,한 번 읽어 보니 부모님 말은 있는데 내가 왜 원하는지는 없었다. 점수 +8.,60,B,부모님 말 점검 카드,-,0,부모님 말은 또렷했지만 내 질문은 흐렸다.,40,32,24,19,18,13,30,25,,,,,,,,,
career,C2R3,C,C2,R3,AI 시대에 내 진로는?,미래가 불안해도 마지막 판단은 내가 해야 한다.,"학기 말 진로 상담을 앞두고 머릿속이 복잡해졌다. AI 때문에 일자리가 사라진다는 말도 들리고, 영어 공부도 실시간 번역이 되면 굳이 해야 하는지 헷갈린다. 어떤 직업이 살아남을지 모르겠고, AI를 안 쓰면 나만 뒤처지는 건 아닌지 걱정된다.",남의 말에 기대거나 미룬다,친구나 부모님 말에 기대거나 아직 모르겠다고 넘긴다.,남의 말로 넘기면 내 질문이 사라진다.,부모님이 말한 안정적인 길을 그대로 적는다,안정적인 말에 기대었다. 내 판단은 아직 뒤에 있다.,-,-1,"부모님이 안정적인 직업을 생각해 보라고 해서 상담 카드에 그대로 적었다. 틀린 말은 아닐 수 있지만, AI 시대에 내가 어떤 일을 해 보고 싶은지는 여전히 비어 있었다.",부모님 말로 채운 선택,안정적인 말도 내 이유와 만나야 내 진로가 된다.,52,내 질문과 경험에 비춰 다시 확인,"AI 답, 남의 의견, 내 생각이 실제 경험과 이어지는지 확인한다.",내 기준으로 다시 봤다. 도메인지식 +3,부모님 의견 옆에 내가 해 본 일과 걱정되는 질문을 따로 적었다. 점수 +18.,70,A,타인 의견 분리 카드,-,+,부모님 의견 옆에 내 경험을 적으니 내가 볼 자리가 생겼다.,58,45,35,27,29,21,41,33,,,,,,,,,
career,C3R1,C,C3,R1,AI 시대에 내 진로는?,미래가 불안해도 마지막 판단은 내가 해야 한다.,"학기 말 진로 상담을 앞두고 머릿속이 복잡해졌다. AI 때문에 일자리가 사라진다는 말도 들리고, 영어 공부도 실시간 번역이 되면 굳이 해야 하는지 헷갈린다. 어떤 직업이 살아남을지 모르겠고, AI를 안 쓰면 나만 뒤처지는 건 아닌지 걱정된다.",남의 말에 기대거나 미룬다,친구나 부모님 말에 기대거나 아직 모르겠다고 넘긴다.,남의 말로 넘기면 내 질문이 사라진다.,아직 몰라도 된다고 비워 둔다,모른다고 넘겼다. 불안도 질문도 그대로 남는다.,--,-2,"상담 카드에 “아직 잘 모르겠습니다”라고 적었다. 거짓말은 아니었지만, AI 때문에 걱정되는 것과 내가 궁금한 일까지 함께 적지는 않았다.",질문을 비워 둔 선택,모른다는 말만 남기면 다음 판단으로 이어지기 어렵다.,12,그대로 제출,검토 없이 그대로 낸다.,검토를 건너뛰면 불안도 그대로 남는다.,,12,D,,--,--,모른다는 말만 쓰니 상담 카드도 같이 멈췄다.,15,10,9,6,3,0,15,12,,,,,,,,,
career,C3R2,C,C3,R2,AI 시대에 내 진로는?,미래가 불안해도 마지막 판단은 내가 해야 한다.,"학기 말 진로 상담을 앞두고 머릿속이 복잡해졌다. AI 때문에 일자리가 사라진다는 말도 들리고, 영어 공부도 실시간 번역이 되면 굳이 해야 하는지 헷갈린다. 어떤 직업이 살아남을지 모르겠고, AI를 안 쓰면 나만 뒤처지는 건 아닌지 걱정된다.",남의 말에 기대거나 미룬다,친구나 부모님 말에 기대거나 아직 모르겠다고 넘긴다.,남의 말로 넘기면 내 질문이 사라진다.,아직 몰라도 된다고 비워 둔다,모른다고 넘겼다. 불안도 질문도 그대로 남는다.,--,-2,"상담 카드에 “아직 잘 모르겠습니다”라고 적었다. 거짓말은 아니었지만, AI 때문에 걱정되는 것과 내가 궁금한 일까지 함께 적지는 않았다.",질문을 비워 둔 선택,모른다는 말만 남기면 다음 판단으로 이어지기 어렵다.,12,한 번 읽고 이상한 곳만 표시,명백히 이상하거나 내 경험과 안 맞는 부분만 표시한다.,이상한 부분을 잡았다. 도메인지식 +1,한 번 읽어 보니 모르겠다는 말만 있고 상담할 단서가 없었다. 점수 +11.,23,D,,--,-,모르는 건 사실이었지만 내가 걱정한 것까지 사라졌다.,23,16,14,10,8,4,20,16,,,,,,,,,
career,C3R3,C,C3,R3,AI 시대에 내 진로는?,미래가 불안해도 마지막 판단은 내가 해야 한다.,"학기 말 진로 상담을 앞두고 머릿속이 복잡해졌다. AI 때문에 일자리가 사라진다는 말도 들리고, 영어 공부도 실시간 번역이 되면 굳이 해야 하는지 헷갈린다. 어떤 직업이 살아남을지 모르겠고, AI를 안 쓰면 나만 뒤처지는 건 아닌지 걱정된다.",남의 말에 기대거나 미룬다,친구나 부모님 말에 기대거나 아직 모르겠다고 넘긴다.,남의 말로 넘기면 내 질문이 사라진다.,아직 몰라도 된다고 비워 둔다,모른다고 넘겼다. 불안도 질문도 그대로 남는다.,--,-2,"상담 카드에 “아직 잘 모르겠습니다”라고 적었다. 거짓말은 아니었지만, AI 때문에 걱정되는 것과 내가 궁금한 일까지 함께 적지는 않았다.",질문을 비워 둔 선택,모른다는 말만 남기면 다음 판단으로 이어지기 어렵다.,12,내 질문과 경험에 비춰 다시 확인,"AI 답, 남의 의견, 내 생각이 실제 경험과 이어지는지 확인한다.",내 기준으로 다시 봤다. 도메인지식 +3,"아직 모른다는 말 옆에 걱정되는 것, 해 본 것, 더 알아볼 것을 적었다. 점수 +20.",32,D,빈 진로 경고 카드,--,0,아직 몰라도 걱정과 궁금한 것까지는 적을 수 있었다.,40,28,24,17,18,11,30,23,,,,,,,,,
studyplan,A1R1,A,A1,R1,시험 2주 전 — 공부를 어떻게,내가 뭘 모르는지 알아차리는 순간부터 공부 계획은 내 것이 된다.,"학기 말 중간고사가 2주 앞으로 다가왔다. 5과목 중 자신 있는 과목은 2개 정도이고, 나머지 3개는 어디부터 해야 할지 잘 모르겠다. 책상 위에는 시험 범위표와 문제집이 펼쳐져 있고, 오늘은 어떻게 공부할지부터 정해야 했다.",직접 계획을 세우고 공부한다,내가 아는 것과 모르는 것을 보고 공부 시간을 나눈다.,내 손으로 계획을 짰다 — 내 시험은 내가 가장 잘 안다.,모르는 부분을 먼저 점검하고 약한 과목에 시간을 더 둔다,약점을 먼저 봤다 — 내가 뭘 모르는지부터 시작하는 공부.,++,2,"지난 단원 문제를 조금 풀어 보니 수학 도형과 과학 전기 단원에서 많이 막혔다. 자신 있는 과목은 짧게 확인하고, 막힌 과목에 시간을 더 넣은 계획표를 만들었다.",약점을 보고 세운 공부 계획,약점을 본 자리에서 진짜 공부가 시작된다 — 위임 아닌 자기 점검.,94,그대로 진행,검토 없이 그대로 공부를 시작한다.,검토를 건너뛰었다 — 내 계획을 다시 볼 기회를 놓쳤다.,,94,S,메타 공부 카드,++,++,내가 뭘 모르는지 보이자 공부할 순서가 생겼다.,100,90,60,54,54,48,66,60,,,,,,,,,
studyplan,A1R2,A,A1,R2,시험 2주 전 — 공부를 어떻게,내가 뭘 모르는지 알아차리는 순간부터 공부 계획은 내 것이 된다.,"학기 말 중간고사가 2주 앞으로 다가왔다. 5과목 중 자신 있는 과목은 2개 정도이고, 나머지 3개는 어디부터 해야 할지 잘 모르겠다. 책상 위에는 시험 범위표와 문제집이 펼쳐져 있고, 오늘은 어떻게 공부할지부터 정해야 했다.",직접 계획을 세우고 공부한다,내가 아는 것과 모르는 것을 보고 공부 시간을 나눈다.,내 손으로 계획을 짰다 — 내 시험은 내가 가장 잘 안다.,모르는 부분을 먼저 점검하고 약한 과목에 시간을 더 둔다,약점을 먼저 봤다 — 내가 뭘 모르는지부터 시작하는 공부.,++,2,"지난 단원 문제를 조금 풀어 보니 수학 도형과 과학 전기 단원에서 많이 막혔다. 자신 있는 과목은 짧게 확인하고, 막힌 과목에 시간을 더 넣은 계획표를 만들었다.",약점을 보고 세운 공부 계획,약점을 본 자리에서 진짜 공부가 시작된다 — 위임 아닌 자기 점검.,94,한 번 보고 빠진 과목만 표시,명시적으로 빠진 과목이나 단원을 발견.,한 번 훑어 빠진 단원을 잡았다. 도메인지식 +1,한 번 보니 과학 전기 단원 시간이 조금 부족했다. 점수 +3.,97,S,메타 공부 카드,++,++,빠진 단원을 보태니 계획표가 내 시험 쪽으로 더 가까워졌다.,108,96,65,58,59,52,71,64,,,,,,,,,
studyplan,A1R3,A,A1,R3,시험 2주 전 — 공부를 어떻게,내가 뭘 모르는지 알아차리는 순간부터 공부 계획은 내 것이 된다.,"학기 말 중간고사가 2주 앞으로 다가왔다. 5과목 중 자신 있는 과목은 2개 정도이고, 나머지 3개는 어디부터 해야 할지 잘 모르겠다. 책상 위에는 시험 범위표와 문제집이 펼쳐져 있고, 오늘은 어떻게 공부할지부터 정해야 했다.",직접 계획을 세우고 공부한다,내가 아는 것과 모르는 것을 보고 공부 시간을 나눈다.,내 손으로 계획을 짰다 — 내 시험은 내가 가장 잘 안다.,모르는 부분을 먼저 점검하고 약한 과목에 시간을 더 둔다,약점을 먼저 봤다 — 내가 뭘 모르는지부터 시작하는 공부.,++,2,"지난 단원 문제를 조금 풀어 보니 수학 도형과 과학 전기 단원에서 많이 막혔다. 자신 있는 과목은 짧게 확인하고, 막힌 과목에 시간을 더 넣은 계획표를 만들었다.",약점을 보고 세운 공부 계획,약점을 본 자리에서 진짜 공부가 시작된다 — 위임 아닌 자기 점검.,94,오답 확인 + 약점 다시 배치,내가 모르는 단원과 공부 시간을 다시 맞춘다.,오답을 다시 보고 약점에 시간을 옮겼다. 도메인지식 +3,틀린 문제를 다시 보고 약한 단원 시간을 더 옮겼다. 점수 +6.,100,S,약점 자가 점검 카드,++,++,내가 모르는 것을 알게 된 것만으로 한 단계였다.,125,108,75,65,69,59,81,71,,,,,,,,,
studyplan,A2R1,A,A2,R1,시험 2주 전 — 공부를 어떻게,내가 뭘 모르는지 알아차리는 순간부터 공부 계획은 내 것이 된다.,"학기 말 중간고사가 2주 앞으로 다가왔다. 5과목 중 자신 있는 과목은 2개 정도이고, 나머지 3개는 어디부터 해야 할지 잘 모르겠다. 책상 위에는 시험 범위표와 문제집이 펼쳐져 있고, 오늘은 어떻게 공부할지부터 정해야 했다.",직접 계획을 세우고 공부한다,내가 아는 것과 모르는 것을 보고 공부 시간을 나눈다.,내 손으로 계획을 짰다 — 내 시험은 내가 가장 잘 안다.,모든 과목을 똑같이 나눠서 공부한다,모든 과목에 시간을 똑같이 줬다 — 깔끔하지만 약한 과목이 흐려진다.,+,1,"5과목을 똑같이 나눠서 하루에 조금씩 보기로 했다. 계획표는 깔끔했지만, 이미 아는 과목과 모르는 과목이 같은 칸을 차지했다.",균등하지만 약점이 흐린 계획,공평한 시간은 공평한 공부가 아니다 — 모르는 자리에 시간이 더 필요하다.,67,그대로 진행,검토 없이 그대로 공부를 시작한다.,검토를 건너뛰었다 — 내 계획을 다시 볼 기회를 놓쳤다.,,67,B,고른 시간표 카드,+,+,모든 과목을 똑같이 보니 내 약점도 똑같이 작아 보였다.,75,62,45,37,39,31,51,43,,,,,,,,,
studyplan,A2R2,A,A2,R2,시험 2주 전 — 공부를 어떻게,내가 뭘 모르는지 알아차리는 순간부터 공부 계획은 내 것이 된다.,"학기 말 중간고사가 2주 앞으로 다가왔다. 5과목 중 자신 있는 과목은 2개 정도이고, 나머지 3개는 어디부터 해야 할지 잘 모르겠다. 책상 위에는 시험 범위표와 문제집이 펼쳐져 있고, 오늘은 어떻게 공부할지부터 정해야 했다.",직접 계획을 세우고 공부한다,내가 아는 것과 모르는 것을 보고 공부 시간을 나눈다.,내 손으로 계획을 짰다 — 내 시험은 내가 가장 잘 안다.,모든 과목을 똑같이 나눠서 공부한다,모든 과목에 시간을 똑같이 줬다 — 깔끔하지만 약한 과목이 흐려진다.,+,1,"5과목을 똑같이 나눠서 하루에 조금씩 보기로 했다. 계획표는 깔끔했지만, 이미 아는 과목과 모르는 과목이 같은 칸을 차지했다.",균등하지만 약점이 흐린 계획,공평한 시간은 공평한 공부가 아니다 — 모르는 자리에 시간이 더 필요하다.,67,한 번 보고 빠진 과목만 표시,명시적으로 빠진 과목이나 단원을 발견.,한 번 훑어 빠진 단원을 잡았다. 도메인지식 +1,한 번 보니 이미 아는 과목에도 시간이 너무 많이 들어가 있었다. 점수 +6.,73,A,시간 다시 나눔 카드,+,+,아는 과목과 모르는 과목은 같은 시간이 아니었다.,83,68,50,41,44,35,56,47,,,,,,,,,
studyplan,A2R3,A,A2,R3,시험 2주 전 — 공부를 어떻게,내가 뭘 모르는지 알아차리는 순간부터 공부 계획은 내 것이 된다.,"학기 말 중간고사가 2주 앞으로 다가왔다. 5과목 중 자신 있는 과목은 2개 정도이고, 나머지 3개는 어디부터 해야 할지 잘 모르겠다. 책상 위에는 시험 범위표와 문제집이 펼쳐져 있고, 오늘은 어떻게 공부할지부터 정해야 했다.",직접 계획을 세우고 공부한다,내가 아는 것과 모르는 것을 보고 공부 시간을 나눈다.,내 손으로 계획을 짰다 — 내 시험은 내가 가장 잘 안다.,모든 과목을 똑같이 나눠서 공부한다,모든 과목에 시간을 똑같이 줬다 — 깔끔하지만 약한 과목이 흐려진다.,+,1,"5과목을 똑같이 나눠서 하루에 조금씩 보기로 했다. 계획표는 깔끔했지만, 이미 아는 과목과 모르는 과목이 같은 칸을 차지했다.",균등하지만 약점이 흐린 계획,공평한 시간은 공평한 공부가 아니다 — 모르는 자리에 시간이 더 필요하다.,67,오답 확인 + 약점 다시 배치,내가 모르는 단원과 공부 시간을 다시 맞춘다.,오답을 다시 보고 약점에 시간을 옮겼다. 도메인지식 +3,간단한 문제를 풀어 보고 약한 과목 쪽으로 시간을 다시 옮겼다. 점수 +12.,79,A,메타 공부 카드,+,++,문제를 풀어 보니 시간표가 다시 움직였다.,100,80,60,48,54,42,66,54,,,,,,,,,
studyplan,A3R1,A,A3,R1,시험 2주 전 — 공부를 어떻게,내가 뭘 모르는지 알아차리는 순간부터 공부 계획은 내 것이 된다.,"학기 말 중간고사가 2주 앞으로 다가왔다. 5과목 중 자신 있는 과목은 2개 정도이고, 나머지 3개는 어디부터 해야 할지 잘 모르겠다. 책상 위에는 시험 범위표와 문제집이 펼쳐져 있고, 오늘은 어떻게 공부할지부터 정해야 했다.",직접 계획을 세우고 공부한다,내가 아는 것과 모르는 것을 보고 공부 시간을 나눈다.,내 손으로 계획을 짰다 — 내 시험은 내가 가장 잘 안다.,자신 있는 과목만 더 공부한다,잘하는 과목만 펼쳤다 — 기분은 좋지만 모르는 단원은 그대로다.,0,0,자신 있는 과목을 먼저 펼치니 문제도 잘 풀리고 기분이 조금 나아졌다. 하지만 어려운 과목 문제집은 책상 한쪽에 그대로 쌓여 있었다.,편한 과목으로 기운 계획,잘하는 과목을 풀어도 모르는 단원은 줄지 않는다.,48,그대로 진행,검토 없이 그대로 공부를 시작한다.,검토를 건너뛰었다 — 내 계획을 다시 볼 기회를 놓쳤다.,,48,C,편한 과목 카드,0,0,잘하는 과목을 풀 때는 공부하는 기분이 났다.,50,40,30,24,24,18,36,30,,,,,,,,,
studyplan,A3R2,A,A3,R2,시험 2주 전 — 공부를 어떻게,내가 뭘 모르는지 알아차리는 순간부터 공부 계획은 내 것이 된다.,"학기 말 중간고사가 2주 앞으로 다가왔다. 5과목 중 자신 있는 과목은 2개 정도이고, 나머지 3개는 어디부터 해야 할지 잘 모르겠다. 책상 위에는 시험 범위표와 문제집이 펼쳐져 있고, 오늘은 어떻게 공부할지부터 정해야 했다.",직접 계획을 세우고 공부한다,내가 아는 것과 모르는 것을 보고 공부 시간을 나눈다.,내 손으로 계획을 짰다 — 내 시험은 내가 가장 잘 안다.,자신 있는 과목만 더 공부한다,잘하는 과목만 펼쳤다 — 기분은 좋지만 모르는 단원은 그대로다.,0,0,자신 있는 과목을 먼저 펼치니 문제도 잘 풀리고 기분이 조금 나아졌다. 하지만 어려운 과목 문제집은 책상 한쪽에 그대로 쌓여 있었다.,편한 과목으로 기운 계획,잘하는 과목을 풀어도 모르는 단원은 줄지 않는다.,48,한 번 보고 빠진 과목만 표시,명시적으로 빠진 과목이나 단원을 발견.,한 번 훑어 빠진 단원을 잡았다. 도메인지식 +1,한 번 보니 어려운 과목이 계획표 뒤쪽으로 밀려 있었다. 점수 +9.,57,B,밀린 약점 경고 카드,0,0,뒤로 밀어 둔 과목이 계속 책상에 남아 있었다.,58,46,35,28,29,22,41,34,,,,,,,,,
studyplan,A3R3,A,A3,R3,시험 2주 전 — 공부를 어떻게,내가 뭘 모르는지 알아차리는 순간부터 공부 계획은 내 것이 된다.,"학기 말 중간고사가 2주 앞으로 다가왔다. 5과목 중 자신 있는 과목은 2개 정도이고, 나머지 3개는 어디부터 해야 할지 잘 모르겠다. 책상 위에는 시험 범위표와 문제집이 펼쳐져 있고, 오늘은 어떻게 공부할지부터 정해야 했다.",직접 계획을 세우고 공부한다,내가 아는 것과 모르는 것을 보고 공부 시간을 나눈다.,내 손으로 계획을 짰다 — 내 시험은 내가 가장 잘 안다.,자신 있는 과목만 더 공부한다,잘하는 과목만 펼쳤다 — 기분은 좋지만 모르는 단원은 그대로다.,0,0,자신 있는 과목을 먼저 펼치니 문제도 잘 풀리고 기분이 조금 나아졌다. 하지만 어려운 과목 문제집은 책상 한쪽에 그대로 쌓여 있었다.,편한 과목으로 기운 계획,잘하는 과목을 풀어도 모르는 단원은 줄지 않는다.,48,오답 확인 + 약점 다시 배치,내가 모르는 단원과 공부 시간을 다시 맞춘다.,오답을 다시 보고 약점에 시간을 옮겼다. 도메인지식 +3,편한 과목 시간을 줄이고 틀린 단원부터 다시 넣었다. 점수 +17.,65,B,약점 다시 보기 카드,0,+,피하고 싶은 단원을 넣고 나서야 공부 계획 같아졌다.,75,58,45,35,39,29,51,41,,,,,,,,,
studyplan,B1R1,B,B1,R1,시험 2주 전 — 공부를 어떻게,내가 뭘 모르는지 알아차리는 순간부터 공부 계획은 내 것이 된다.,"학기 말 중간고사가 2주 앞으로 다가왔다. 5과목 중 자신 있는 과목은 2개 정도이고, 나머지 3개는 어디부터 해야 할지 잘 모르겠다. 책상 위에는 시험 범위표와 문제집이 펼쳐져 있고, 오늘은 어떻게 공부할지부터 정해야 했다.",AI에게 공부법을 받는다,AI에게 시험 공부 방법이나 약점별 공부 순서를 물어본다.,AI에 공부법을 맡겼다 — 내 약점을 누가 알아야 하는지 따져봐야 한다.,AI에게 중2 시험 공부법을 한 줄로 묻고 그대로 따른다,한 줄로 묻고 그대로 따랐다 — AI는 내 약점을 모른 채 일반론을 준다.,--,-2,"AI는 예습, 복습, 기출 문제, 오답 정리 같은 공부법을 차례로 알려 줬다. 말은 다 맞아 보였지만 내가 수학 도형을 모르는지, 과학 전기를 모르는지는 알지 못했다.",일반적인 AI 공부법,AI에 시험 공부를 시키면 내 약점을 모른 채 일반론이 돌아온다.,16,그대로 진행,검토 없이 그대로 공부를 시작한다.,검토를 건너뛰었다 — 내 계획을 다시 볼 기회를 놓쳤다.,,16,D,,--,--,AI 공부법은 좋았지만 내 시험은 아니었다.,30,15,18,9,12,3,24,15,,,,,,,,,
studyplan,B1R2,B,B1,R2,시험 2주 전 — 공부를 어떻게,내가 뭘 모르는지 알아차리는 순간부터 공부 계획은 내 것이 된다.,"학기 말 중간고사가 2주 앞으로 다가왔다. 5과목 중 자신 있는 과목은 2개 정도이고, 나머지 3개는 어디부터 해야 할지 잘 모르겠다. 책상 위에는 시험 범위표와 문제집이 펼쳐져 있고, 오늘은 어떻게 공부할지부터 정해야 했다.",AI에게 공부법을 받는다,AI에게 시험 공부 방법이나 약점별 공부 순서를 물어본다.,AI에 공부법을 맡겼다 — 내 약점을 누가 알아야 하는지 따져봐야 한다.,AI에게 중2 시험 공부법을 한 줄로 묻고 그대로 따른다,한 줄로 묻고 그대로 따랐다 — AI는 내 약점을 모른 채 일반론을 준다.,--,-2,"AI는 예습, 복습, 기출 문제, 오답 정리 같은 공부법을 차례로 알려 줬다. 말은 다 맞아 보였지만 내가 수학 도형을 모르는지, 과학 전기를 모르는지는 알지 못했다.",일반적인 AI 공부법,AI에 시험 공부를 시키면 내 약점을 모른 채 일반론이 돌아온다.,16,한 번 보고 빠진 과목만 표시,명시적으로 빠진 과목이나 단원을 발견.,한 번 훑어 빠진 단원을 잡았다. 도메인지식 +1,한 번 읽어 보니 AI 공부법에 내 약한 단원 이름이 하나도 없었다. 점수 +13.,29,D,,--,-,그 계획에는 내가 틀리는 단원이 없었다.,38,21,23,13,17,7,29,19,,,,,,,,,
studyplan,B1R3,B,B1,R3,시험 2주 전 — 공부를 어떻게,내가 뭘 모르는지 알아차리는 순간부터 공부 계획은 내 것이 된다.,"학기 말 중간고사가 2주 앞으로 다가왔다. 5과목 중 자신 있는 과목은 2개 정도이고, 나머지 3개는 어디부터 해야 할지 잘 모르겠다. 책상 위에는 시험 범위표와 문제집이 펼쳐져 있고, 오늘은 어떻게 공부할지부터 정해야 했다.",AI에게 공부법을 받는다,AI에게 시험 공부 방법이나 약점별 공부 순서를 물어본다.,AI에 공부법을 맡겼다 — 내 약점을 누가 알아야 하는지 따져봐야 한다.,AI에게 중2 시험 공부법을 한 줄로 묻고 그대로 따른다,한 줄로 묻고 그대로 따랐다 — AI는 내 약점을 모른 채 일반론을 준다.,--,-2,"AI는 예습, 복습, 기출 문제, 오답 정리 같은 공부법을 차례로 알려 줬다. 말은 다 맞아 보였지만 내가 수학 도형을 모르는지, 과학 전기를 모르는지는 알지 못했다.",일반적인 AI 공부법,AI에 시험 공부를 시키면 내 약점을 모른 채 일반론이 돌아온다.,16,오답 확인 + 약점 다시 배치,내가 모르는 단원과 공부 시간을 다시 맞춘다.,오답을 다시 보고 약점에 시간을 옮겼다. 도메인지식 +3,먼저 문제를 풀어 보고 AI 답을 내 약점에 맞게 다시 골랐다. 점수 +23.,39,C,남의 공부법 경고 카드,--,0,AI 답을 내 오답 옆에 놓으니 맞는 것만 조금 남았다.,55,33,33,20,27,14,39,26,,,,,,,,,
studyplan,B2R1,B,B2,R1,시험 2주 전 — 공부를 어떻게,내가 뭘 모르는지 알아차리는 순간부터 공부 계획은 내 것이 된다.,"학기 말 중간고사가 2주 앞으로 다가왔다. 5과목 중 자신 있는 과목은 2개 정도이고, 나머지 3개는 어디부터 해야 할지 잘 모르겠다. 책상 위에는 시험 범위표와 문제집이 펼쳐져 있고, 오늘은 어떻게 공부할지부터 정해야 했다.",AI에게 공부법을 받는다,AI에게 시험 공부 방법이나 약점별 공부 순서를 물어본다.,AI에 공부법을 맡겼다 — 내 약점을 누가 알아야 하는지 따져봐야 한다.,내 약점을 말하고 AI 답을 받아 판단한다,약점을 말하고 답을 받았다 — 내 정보만큼만 답이 좁아진다.,0,0,"AI에게 수학 도형이 약하고 영어 단어가 밀렸다고 말하자, 공부 순서를 나눠 줬다. 도움이 됐지만 내가 정말 어디에서 틀리는지는 문제를 풀어 봐야 알 수 있었다.",약점을 말하고 받은 공부법,내가 준 정보만큼만 AI가 답한다 — 약점을 알아야 답도 좁아진다.,59,그대로 진행,검토 없이 그대로 공부를 시작한다.,검토를 건너뛰었다 — 내 계획을 다시 볼 기회를 놓쳤다.,,59,B,AI 공부법 카드,0,0,내 약점을 말하니 공부법이 조금 내 쪽으로 왔다.,45,30,27,18,21,12,33,24,,,,,,,,,
studyplan,B2R2,B,B2,R2,시험 2주 전 — 공부를 어떻게,내가 뭘 모르는지 알아차리는 순간부터 공부 계획은 내 것이 된다.,"학기 말 중간고사가 2주 앞으로 다가왔다. 5과목 중 자신 있는 과목은 2개 정도이고, 나머지 3개는 어디부터 해야 할지 잘 모르겠다. 책상 위에는 시험 범위표와 문제집이 펼쳐져 있고, 오늘은 어떻게 공부할지부터 정해야 했다.",AI에게 공부법을 받는다,AI에게 시험 공부 방법이나 약점별 공부 순서를 물어본다.,AI에 공부법을 맡겼다 — 내 약점을 누가 알아야 하는지 따져봐야 한다.,내 약점을 말하고 AI 답을 받아 판단한다,약점을 말하고 답을 받았다 — 내 정보만큼만 답이 좁아진다.,0,0,"AI에게 수학 도형이 약하고 영어 단어가 밀렸다고 말하자, 공부 순서를 나눠 줬다. 도움이 됐지만 내가 정말 어디에서 틀리는지는 문제를 풀어 봐야 알 수 있었다.",약점을 말하고 받은 공부법,내가 준 정보만큼만 AI가 답한다 — 약점을 알아야 답도 좁아진다.,59,한 번 보고 빠진 과목만 표시,명시적으로 빠진 과목이나 단원을 발견.,한 번 훑어 빠진 단원을 잡았다. 도메인지식 +1,한 번 보니 내가 말한 약점이 너무 넓어서 공부 순서가 흐렸다. 점수 +8.,67,B,약점 말하기 카드,0,+,약점을 넓게 말하면 답도 넓게 돌아왔다.,53,36,32,22,26,16,38,28,,,,,,,,,
studyplan,B2R3,B,B2,R3,시험 2주 전 — 공부를 어떻게,내가 뭘 모르는지 알아차리는 순간부터 공부 계획은 내 것이 된다.,"학기 말 중간고사가 2주 앞으로 다가왔다. 5과목 중 자신 있는 과목은 2개 정도이고, 나머지 3개는 어디부터 해야 할지 잘 모르겠다. 책상 위에는 시험 범위표와 문제집이 펼쳐져 있고, 오늘은 어떻게 공부할지부터 정해야 했다.",AI에게 공부법을 받는다,AI에게 시험 공부 방법이나 약점별 공부 순서를 물어본다.,AI에 공부법을 맡겼다 — 내 약점을 누가 알아야 하는지 따져봐야 한다.,내 약점을 말하고 AI 답을 받아 판단한다,약점을 말하고 답을 받았다 — 내 정보만큼만 답이 좁아진다.,0,0,"AI에게 수학 도형이 약하고 영어 단어가 밀렸다고 말하자, 공부 순서를 나눠 줬다. 도움이 됐지만 내가 정말 어디에서 틀리는지는 문제를 풀어 봐야 알 수 있었다.",약점을 말하고 받은 공부법,내가 준 정보만큼만 AI가 답한다 — 약점을 알아야 답도 좁아진다.,59,오답 확인 + 약점 다시 배치,내가 모르는 단원과 공부 시간을 다시 맞춘다.,오답을 다시 보고 약점에 시간을 옮겼다. 도메인지식 +3,오답을 보고 약점을 더 작게 나눈 뒤 필요한 공부법만 남겼다. 점수 +15.,74,A,AI 학습 도구 활용 카드,0,+,AI가 준 방법은 내 오답을 지나가야 쓸모가 생겼다.,70,48,42,29,36,23,48,35,,,,,,,,,
studyplan,B3R1,B,B3,R1,시험 2주 전 — 공부를 어떻게,내가 뭘 모르는지 알아차리는 순간부터 공부 계획은 내 것이 된다.,"학기 말 중간고사가 2주 앞으로 다가왔다. 5과목 중 자신 있는 과목은 2개 정도이고, 나머지 3개는 어디부터 해야 할지 잘 모르겠다. 책상 위에는 시험 범위표와 문제집이 펼쳐져 있고, 오늘은 어떻게 공부할지부터 정해야 했다.",AI에게 공부법을 받는다,AI에게 시험 공부 방법이나 약점별 공부 순서를 물어본다.,AI에 공부법을 맡겼다 — 내 약점을 누가 알아야 하는지 따져봐야 한다.,내가 약점을 분석한 뒤 AI에게 구체적으로 묻는다,약점을 먼저 찾고 AI에 물었다 — 도구는 내가 길을 안 다음에 쓰인다.,+,1,"먼저 문제를 풀어 보고 틀린 단원을 표시한 다음, AI에게 수학 도형은 어디부터 다시 봐야 하는지 물었다. AI 답을 그대로 쓰지 않고 내 오답 옆에 필요한 부분만 적었다.",약점 분석 뒤 쓴 AI 공부 도구,AI는 내가 길을 안 다음에 가장 잘 쓰이는 도구다.,72,그대로 진행,검토 없이 그대로 공부를 시작한다.,검토를 건너뛰었다 — 내 계획을 다시 볼 기회를 놓쳤다.,,72,A,약점 점검 카드,+,+,내가 먼저 틀린 곳을 찾으니 AI 질문도 달라졌다.,60,48,36,29,30,23,42,35,,,,,,,,,
studyplan,B3R2,B,B3,R2,시험 2주 전 — 공부를 어떻게,내가 뭘 모르는지 알아차리는 순간부터 공부 계획은 내 것이 된다.,"학기 말 중간고사가 2주 앞으로 다가왔다. 5과목 중 자신 있는 과목은 2개 정도이고, 나머지 3개는 어디부터 해야 할지 잘 모르겠다. 책상 위에는 시험 범위표와 문제집이 펼쳐져 있고, 오늘은 어떻게 공부할지부터 정해야 했다.",AI에게 공부법을 받는다,AI에게 시험 공부 방법이나 약점별 공부 순서를 물어본다.,AI에 공부법을 맡겼다 — 내 약점을 누가 알아야 하는지 따져봐야 한다.,내가 약점을 분석한 뒤 AI에게 구체적으로 묻는다,약점을 먼저 찾고 AI에 물었다 — 도구는 내가 길을 안 다음에 쓰인다.,+,1,"먼저 문제를 풀어 보고 틀린 단원을 표시한 다음, AI에게 수학 도형은 어디부터 다시 봐야 하는지 물었다. AI 답을 그대로 쓰지 않고 내 오답 옆에 필요한 부분만 적었다.",약점 분석 뒤 쓴 AI 공부 도구,AI는 내가 길을 안 다음에 가장 잘 쓰이는 도구다.,72,한 번 보고 빠진 과목만 표시,명시적으로 빠진 과목이나 단원을 발견.,한 번 훑어 빠진 단원을 잡았다. 도메인지식 +1,한 번 보니 AI가 추천한 순서 중 시험 범위 밖 내용이 조금 있었다. 점수 +5.,77,A,AI 학습 도구 활용 카드,+,+,AI 답에서도 시험 범위에 맞는 것만 골라야 했다.,68,54,41,32,35,26,47,38,,,,,,,,,
studyplan,B3R3,B,B3,R3,시험 2주 전 — 공부를 어떻게,내가 뭘 모르는지 알아차리는 순간부터 공부 계획은 내 것이 된다.,"학기 말 중간고사가 2주 앞으로 다가왔다. 5과목 중 자신 있는 과목은 2개 정도이고, 나머지 3개는 어디부터 해야 할지 잘 모르겠다. 책상 위에는 시험 범위표와 문제집이 펼쳐져 있고, 오늘은 어떻게 공부할지부터 정해야 했다.",AI에게 공부법을 받는다,AI에게 시험 공부 방법이나 약점별 공부 순서를 물어본다.,AI에 공부법을 맡겼다 — 내 약점을 누가 알아야 하는지 따져봐야 한다.,내가 약점을 분석한 뒤 AI에게 구체적으로 묻는다,약점을 먼저 찾고 AI에 물었다 — 도구는 내가 길을 안 다음에 쓰인다.,+,1,"먼저 문제를 풀어 보고 틀린 단원을 표시한 다음, AI에게 수학 도형은 어디부터 다시 봐야 하는지 물었다. AI 답을 그대로 쓰지 않고 내 오답 옆에 필요한 부분만 적었다.",약점 분석 뒤 쓴 AI 공부 도구,AI는 내가 길을 안 다음에 가장 잘 쓰이는 도구다.,72,오답 확인 + 약점 다시 배치,내가 모르는 단원과 공부 시간을 다시 맞춘다.,오답을 다시 보고 약점에 시간을 옮겼다. 도메인지식 +3,시험 범위표와 오답을 다시 맞춰 보고 필요한 부분만 계획에 넣었다. 점수 +10.,82,A,메타 공부 카드,+,++,"AI는 길을 나눠 줬고, 출발점은 내 오답이었다.",85,66,51,40,45,34,57,46,,,,,,,,,
studyplan,C1R1,C,C1,R1,시험 2주 전 — 공부를 어떻게,내가 뭘 모르는지 알아차리는 순간부터 공부 계획은 내 것이 된다.,"학기 말 중간고사가 2주 앞으로 다가왔다. 5과목 중 자신 있는 과목은 2개 정도이고, 나머지 3개는 어디부터 해야 할지 잘 모르겠다. 책상 위에는 시험 범위표와 문제집이 펼쳐져 있고, 오늘은 어떻게 공부할지부터 정해야 했다.",친구나 학원에 기대거나 미룬다,남의 계획을 따라가거나 공부를 뒤로 미룬다.,남의 계획에 기댔다 — 내 시험은 내가 안 보면 보이지 않는다.,친구가 짠 공부 계획을 따라 한다,친구 계획을 따라 했다 — 친구의 약점은 내 약점이 아니다.,-,-1,"친구가 만든 계획표를 받아 비슷하게 따라 했다. 친구는 영어를 어려워해서 영어 시간이 많았지만, 나는 사실 수학 도형이 더 급했다.",친구에게 맞춰진 공부 계획,친구의 시험지는 내 시험지가 아니다 — 약점은 사람마다 다르다.,47,그대로 진행,검토 없이 그대로 공부를 시작한다.,검토를 건너뛰었다 — 내 계획을 다시 볼 기회를 놓쳤다.,,47,C,친구 따라 공부 카드,-,-,친구 계획을 따라가도 내 시험지는 따로 나왔다.,35,25,21,15,15,9,27,21,,,,,,,,,
studyplan,C1R2,C,C1,R2,시험 2주 전 — 공부를 어떻게,내가 뭘 모르는지 알아차리는 순간부터 공부 계획은 내 것이 된다.,"학기 말 중간고사가 2주 앞으로 다가왔다. 5과목 중 자신 있는 과목은 2개 정도이고, 나머지 3개는 어디부터 해야 할지 잘 모르겠다. 책상 위에는 시험 범위표와 문제집이 펼쳐져 있고, 오늘은 어떻게 공부할지부터 정해야 했다.",친구나 학원에 기대거나 미룬다,남의 계획을 따라가거나 공부를 뒤로 미룬다.,남의 계획에 기댔다 — 내 시험은 내가 안 보면 보이지 않는다.,친구가 짠 공부 계획을 따라 한다,친구 계획을 따라 했다 — 친구의 약점은 내 약점이 아니다.,-,-1,"친구가 만든 계획표를 받아 비슷하게 따라 했다. 친구는 영어를 어려워해서 영어 시간이 많았지만, 나는 사실 수학 도형이 더 급했다.",친구에게 맞춰진 공부 계획,친구의 시험지는 내 시험지가 아니다 — 약점은 사람마다 다르다.,47,한 번 보고 빠진 과목만 표시,명시적으로 빠진 과목이나 단원을 발견.,한 번 훑어 빠진 단원을 잡았다. 도메인지식 +1,한 번 보니 친구 계획에는 내 약한 수학 도형 시간이 부족했다. 점수 +8.,55,B,친구 의존 경고 카드,-,0,친구가 어려운 과목과 내가 어려운 과목은 달랐다.,43,31,26,19,20,13,32,25,,,,,,,,,
studyplan,C1R3,C,C1,R3,시험 2주 전 — 공부를 어떻게,내가 뭘 모르는지 알아차리는 순간부터 공부 계획은 내 것이 된다.,"학기 말 중간고사가 2주 앞으로 다가왔다. 5과목 중 자신 있는 과목은 2개 정도이고, 나머지 3개는 어디부터 해야 할지 잘 모르겠다. 책상 위에는 시험 범위표와 문제집이 펼쳐져 있고, 오늘은 어떻게 공부할지부터 정해야 했다.",친구나 학원에 기대거나 미룬다,남의 계획을 따라가거나 공부를 뒤로 미룬다.,남의 계획에 기댔다 — 내 시험은 내가 안 보면 보이지 않는다.,친구가 짠 공부 계획을 따라 한다,친구 계획을 따라 했다 — 친구의 약점은 내 약점이 아니다.,-,-1,"친구가 만든 계획표를 받아 비슷하게 따라 했다. 친구는 영어를 어려워해서 영어 시간이 많았지만, 나는 사실 수학 도형이 더 급했다.",친구에게 맞춰진 공부 계획,친구의 시험지는 내 시험지가 아니다 — 약점은 사람마다 다르다.,47,오답 확인 + 약점 다시 배치,내가 모르는 단원과 공부 시간을 다시 맞춘다.,오답을 다시 보고 약점에 시간을 옮겼다. 도메인지식 +3,친구 계획을 지우고 내 오답에 맞게 시간을 다시 나눴다. 점수 +18.,65,B,친구 의존 분리 카드,-,+,친구 계획을 지우고 나니 내 약점 칸이 보였다.,60,43,36,26,30,20,42,32,,,,,,,,,
studyplan,C2R1,C,C2,R1,시험 2주 전 — 공부를 어떻게,내가 뭘 모르는지 알아차리는 순간부터 공부 계획은 내 것이 된다.,"학기 말 중간고사가 2주 앞으로 다가왔다. 5과목 중 자신 있는 과목은 2개 정도이고, 나머지 3개는 어디부터 해야 할지 잘 모르겠다. 책상 위에는 시험 범위표와 문제집이 펼쳐져 있고, 오늘은 어떻게 공부할지부터 정해야 했다.",친구나 학원에 기대거나 미룬다,남의 계획을 따라가거나 공부를 뒤로 미룬다.,남의 계획에 기댔다 — 내 시험은 내가 안 보면 보이지 않는다.,학원 시간표만 믿고 따로 공부하지 않는다,수업만 듣고 끝냈다 — 들은 것과 내가 푸는 것은 다르다.,-,-1,학원 시간표대로만 가면 된다고 생각했다. 수업은 들었지만 집에 와서 내가 어디를 모르는지 따로 확인하지는 않았다.,학원에 맡긴 공부 흐름,수업을 듣는 것과 내가 푸는 것은 다른 일이다.,51,그대로 진행,검토 없이 그대로 공부를 시작한다.,검토를 건너뛰었다 — 내 계획을 다시 볼 기회를 놓쳤다.,,51,C,학원 의존 카드,-,-,수업을 들은 것과 내가 풀 수 있는 것은 달랐다.,45,30,27,18,21,12,33,24,,,,,,,,,
studyplan,C2R2,C,C2,R2,시험 2주 전 — 공부를 어떻게,내가 뭘 모르는지 알아차리는 순간부터 공부 계획은 내 것이 된다.,"학기 말 중간고사가 2주 앞으로 다가왔다. 5과목 중 자신 있는 과목은 2개 정도이고, 나머지 3개는 어디부터 해야 할지 잘 모르겠다. 책상 위에는 시험 범위표와 문제집이 펼쳐져 있고, 오늘은 어떻게 공부할지부터 정해야 했다.",친구나 학원에 기대거나 미룬다,남의 계획을 따라가거나 공부를 뒤로 미룬다.,남의 계획에 기댔다 — 내 시험은 내가 안 보면 보이지 않는다.,학원 시간표만 믿고 따로 공부하지 않는다,수업만 듣고 끝냈다 — 들은 것과 내가 푸는 것은 다르다.,-,-1,학원 시간표대로만 가면 된다고 생각했다. 수업은 들었지만 집에 와서 내가 어디를 모르는지 따로 확인하지는 않았다.,학원에 맡긴 공부 흐름,수업을 듣는 것과 내가 푸는 것은 다른 일이다.,51,한 번 보고 빠진 과목만 표시,명시적으로 빠진 과목이나 단원을 발견.,한 번 훑어 빠진 단원을 잡았다. 도메인지식 +1,한 번 보니 학원에서 들은 것과 내가 혼자 풀 수 있는 것이 달랐다. 점수 +8.,59,B,들은 공부 경고 카드,-,0,학원에서 지나간 문제를 혼자 풀면 다시 막혔다.,53,36,32,22,26,16,38,28,,,,,,,,,
studyplan,C2R3,C,C2,R3,시험 2주 전 — 공부를 어떻게,내가 뭘 모르는지 알아차리는 순간부터 공부 계획은 내 것이 된다.,"학기 말 중간고사가 2주 앞으로 다가왔다. 5과목 중 자신 있는 과목은 2개 정도이고, 나머지 3개는 어디부터 해야 할지 잘 모르겠다. 책상 위에는 시험 범위표와 문제집이 펼쳐져 있고, 오늘은 어떻게 공부할지부터 정해야 했다.",친구나 학원에 기대거나 미룬다,남의 계획을 따라가거나 공부를 뒤로 미룬다.,남의 계획에 기댔다 — 내 시험은 내가 안 보면 보이지 않는다.,학원 시간표만 믿고 따로 공부하지 않는다,수업만 듣고 끝냈다 — 들은 것과 내가 푸는 것은 다르다.,-,-1,학원 시간표대로만 가면 된다고 생각했다. 수업은 들었지만 집에 와서 내가 어디를 모르는지 따로 확인하지는 않았다.,학원에 맡긴 공부 흐름,수업을 듣는 것과 내가 푸는 것은 다른 일이다.,51,오답 확인 + 약점 다시 배치,내가 모르는 단원과 공부 시간을 다시 맞춘다.,오답을 다시 보고 약점에 시간을 옮겼다. 도메인지식 +3,학원 시간표 옆에 내가 틀린 단원 복습 시간을 따로 넣었다. 점수 +18.,69,B,내 복습 칸 카드,-,+,학원 시간표 옆에 내 오답 시간이 따로 필요했다.,70,48,42,29,36,23,48,35,,,,,,,,,
studyplan,C3R1,C,C3,R1,시험 2주 전 — 공부를 어떻게,내가 뭘 모르는지 알아차리는 순간부터 공부 계획은 내 것이 된다.,"학기 말 중간고사가 2주 앞으로 다가왔다. 5과목 중 자신 있는 과목은 2개 정도이고, 나머지 3개는 어디부터 해야 할지 잘 모르겠다. 책상 위에는 시험 범위표와 문제집이 펼쳐져 있고, 오늘은 어떻게 공부할지부터 정해야 했다.",친구나 학원에 기대거나 미룬다,남의 계획을 따라가거나 공부를 뒤로 미룬다.,남의 계획에 기댔다 — 내 시험은 내가 안 보면 보이지 않는다.,어차피 안 된다고 생각하고 게임을 한다,선택을 미뤘다 — 시간은 흘러도 시험 범위는 그대로다.,--,-2,책상에 앉았다가 어차피 늦었다는 생각이 들어 게임을 켰다. 잠깐만 하려고 했는데 시험 범위표는 그대로 접힌 채 남았다.,미뤄 둔 시험 공부,선택을 미룬 자리에는 공부가 없다 — 시간은 그래도 흐른다.,10,그대로 진행,검토 없이 그대로 공부를 시작한다.,검토를 건너뛰었다 — 내 계획을 다시 볼 기회를 놓쳤다.,,10,D,,--,--,게임 화면은 넘어갔지만 시험 범위는 그대로였다.,15,10,9,6,3,0,15,12,,,,,,,,,
studyplan,C3R2,C,C3,R2,시험 2주 전 — 공부를 어떻게,내가 뭘 모르는지 알아차리는 순간부터 공부 계획은 내 것이 된다.,"학기 말 중간고사가 2주 앞으로 다가왔다. 5과목 중 자신 있는 과목은 2개 정도이고, 나머지 3개는 어디부터 해야 할지 잘 모르겠다. 책상 위에는 시험 범위표와 문제집이 펼쳐져 있고, 오늘은 어떻게 공부할지부터 정해야 했다.",친구나 학원에 기대거나 미룬다,남의 계획을 따라가거나 공부를 뒤로 미룬다.,남의 계획에 기댔다 — 내 시험은 내가 안 보면 보이지 않는다.,어차피 안 된다고 생각하고 게임을 한다,선택을 미뤘다 — 시간은 흘러도 시험 범위는 그대로다.,--,-2,책상에 앉았다가 어차피 늦었다는 생각이 들어 게임을 켰다. 잠깐만 하려고 했는데 시험 범위표는 그대로 접힌 채 남았다.,미뤄 둔 시험 공부,선택을 미룬 자리에는 공부가 없다 — 시간은 그래도 흐른다.,10,한 번 보고 빠진 과목만 표시,명시적으로 빠진 과목이나 단원을 발견.,한 번 훑어 빠진 단원을 잡았다. 도메인지식 +1,한 번 보니 시험 범위표도 제대로 확인하지 않았다. 점수 +11.,21,D,,--,-,늦었다는 말 뒤에 내가 모르는 단원이 숨어 있었다.,23,16,14,10,8,4,20,16,,,,,,,,,
studyplan,C3R3,C,C3,R3,시험 2주 전 — 공부를 어떻게,내가 뭘 모르는지 알아차리는 순간부터 공부 계획은 내 것이 된다.,"학기 말 중간고사가 2주 앞으로 다가왔다. 5과목 중 자신 있는 과목은 2개 정도이고, 나머지 3개는 어디부터 해야 할지 잘 모르겠다. 책상 위에는 시험 범위표와 문제집이 펼쳐져 있고, 오늘은 어떻게 공부할지부터 정해야 했다.",친구나 학원에 기대거나 미룬다,남의 계획을 따라가거나 공부를 뒤로 미룬다.,남의 계획에 기댔다 — 내 시험은 내가 안 보면 보이지 않는다.,어차피 안 된다고 생각하고 게임을 한다,선택을 미뤘다 — 시간은 흘러도 시험 범위는 그대로다.,--,-2,책상에 앉았다가 어차피 늦었다는 생각이 들어 게임을 켰다. 잠깐만 하려고 했는데 시험 범위표는 그대로 접힌 채 남았다.,미뤄 둔 시험 공부,선택을 미룬 자리에는 공부가 없다 — 시간은 그래도 흐른다.,10,오답 확인 + 약점 다시 배치,내가 모르는 단원과 공부 시간을 다시 맞춘다.,오답을 다시 보고 약점에 시간을 옮겼다. 도메인지식 +3,게임을 끄고 시험 범위와 모르는 단원 세 개만 먼저 적었다. 점수 +20.,30,D,마지막 범위표 카드,--,0,전부는 못 해도 모르는 단원 세 개는 적을 수 있었다.,40,28,24,17,18,11,30,23,,,,,,,,,
